/*
	Civilization Unique Ability
	Author: iPlayGamesITA
	Original template by: MC
	Thanks to everyone in the Civ VI Modding Helpline Discord Server!
*/

-----------------------------------------------
-- Types
-----------------------------------------------
INSERT INTO	Types
		(Type,										Kind			)
VALUES	('TRAIT_CIVILIZATION_THE_PONTAR_VALLEY',	'KIND_TRAIT'	);
-----------------------------------------------
-- Traits
-----------------------------------------------
INSERT INTO	Traits	
		(TraitType,									Name,													Description												)
VALUES	('TRAIT_CIVILIZATION_THE_PONTAR_VALLEY',	'LOC_TRAIT_CIVILIZATION_THE_PONTAR_VALLEY_NAME',		'LOC_TRAIT_CIVILIZATION_THE_PONTAR_VALLEY_DESCRIPTION'	);
-----------------------------------------------
-- CivilizationTraits
-----------------------------------------------
INSERT INTO	CivilizationTraits
		(CivilizationType,				TraitType								)
VALUES	('CIVILIZATION_IPG_AEDIRN',		'TRAIT_CIVILIZATION_THE_PONTAR_VALLEY'	);
-----------------------------------------------
-- TraitModifiers
-----------------------------------------------
INSERT INTO	TraitModifiers	
		(TraitType,										ModifierId									)
VALUES	('TRAIT_CIVILIZATION_THE_PONTAR_VALLEY',		'AEDIRN_EXTRA_FOOD_FARM_RIVER'				),
		('TRAIT_CIVILIZATION_THE_PONTAR_VALLEY',		'AEDIRN_EXTRA_FOOD_PLANTATION_RIVER'		),
		('TRAIT_CIVILIZATION_THE_PONTAR_VALLEY',		'AEDIRN_EXTRA_PRODUCTION_MINE_MOUNTAIN'		),
		('TRAIT_CIVILIZATION_THE_PONTAR_VALLEY',		'AEDIRN_EXTRA_PRODUCTION_QUARRY_MOUNTAIN'	),
		('TRAIT_CIVILIZATION_THE_PONTAR_VALLEY',		'AEDIRN_EXTRA_PRODUCTION_STRATEGIC'			);
-----------------------------------------------
-- Modifiers
-----------------------------------------------
INSERT INTO	Modifiers
		(ModifierId,									ModifierType,								SubjectRequirementSetId							)
VALUES	('AEDIRN_EXTRA_FOOD_FARM_RIVER',				'MODIFIER_PLAYER_ADJUST_PLOT_YIELD',		'AEDIRN_FARM_AND_RIVER_REQUIREMENTS'			),
		('AEDIRN_EXTRA_FOOD_PLANTATION_RIVER',			'MODIFIER_PLAYER_ADJUST_PLOT_YIELD',		'AEDIRN_PLANTATION_AND_RIVER_REQUIREMENTS'		),
		('AEDIRN_EXTRA_PRODUCTION_MINE_MOUNTAIN',		'MODIFIER_PLAYER_ADJUST_PLOT_YIELD',		'AEDIRN_MINE_AND_MOUNTAIN_SET_REQUIREMENT'		),
		('AEDIRN_EXTRA_PRODUCTION_QUARRY_MOUNTAIN',		'MODIFIER_PLAYER_ADJUST_PLOT_YIELD',		'AEDIRN_QUARRY_AND_MOUNTAIN_SET_REQUIREMENTS'	),
		('AEDIRN_EXTRA_PRODUCTION_STRATEGIC',			'MODIFIER_PLAYER_ADJUST_PLOT_YIELD',		'AEDIRN_IMPROVEMENT_AND_STRATEGIC_REQUIREMENTS'	);
-----------------------------------------------
-- ModifierArguments
-----------------------------------------------
INSERT INTO	ModifierArguments
		(ModifierId,									Name,			Value			)
VALUES	('AEDIRN_EXTRA_FOOD_FARM_RIVER',				'YieldType',	'YIELD_FOOD'	),
		('AEDIRN_EXTRA_FOOD_FARM_RIVER',				'Amount',		1				),
		('AEDIRN_EXTRA_FOOD_PLANTATION_RIVER',			'YieldType',	'YIELD_FOOD'	),
		('AEDIRN_EXTRA_FOOD_PLANTATION_RIVER',			'Amount',		1				),
		('AEDIRN_EXTRA_PRODUCTION_MINE_MOUNTAIN',		'YieldType',	'YIELD_PRODUCTION'	),
		('AEDIRN_EXTRA_PRODUCTION_MINE_MOUNTAIN',		'Amount',		1				),
		('AEDIRN_EXTRA_PRODUCTION_QUARRY_MOUNTAIN',		'YieldType',	'YIELD_PRODUCTION'	),
		('AEDIRN_EXTRA_PRODUCTION_QUARRY_MOUNTAIN',		'Amount',		1				),
		('AEDIRN_EXTRA_PRODUCTION_STRATEGIC',			'YieldType',	'YIELD_PRODUCTION'	),
		('AEDIRN_EXTRA_PRODUCTION_STRATEGIC',			'Amount',		1				);
-------------------------------------
-- RequirementSets
-------------------------------------
INSERT INTO RequirementSets
		(RequirementSetId,									RequirementSetType				)
VALUES	('AEDIRN_FARM_AND_RIVER_REQUIREMENTS',				'REQUIREMENTSET_TEST_ALL'		),
		('AEDIRN_PLANTATION_AND_RIVER_REQUIREMENTS',		'REQUIREMENTSET_TEST_ALL'		),
		('AEDIRN_MINE_AND_MOUNTAIN_SET_REQUIREMENT',		'REQUIREMENTSET_TEST_ALL'		),
		('AEDIRN_QUARRY_AND_MOUNTAIN_SET_REQUIREMENTS',		'REQUIREMENTSET_TEST_ALL'		),
		('AEDIRN_IMPROVEMENT_AND_STRATEGIC_REQUIREMENTS',	'REQUIREMENTSET_TEST_ALL'		),
		('AEDIRN_ANY_MOUNTAIN_ADJACENT',					'REQUIREMENTSET_TEST_ANY'		);
-------------------------------------
-- RequirementSetRequirements
-------------------------------------
INSERT INTO RequirementSetRequirements
		(RequirementSetId,									RequirementId					)
VALUES	('AEDIRN_FARM_AND_RIVER_REQUIREMENTS',				'AEDIRN_TILE_HAS_RIVER_ADJACENT'		),
		('AEDIRN_FARM_AND_RIVER_REQUIREMENTS',				'AEDIRN_TILE_HAS_FARM'					),

		('AEDIRN_PLANTATION_AND_RIVER_REQUIREMENTS',		'AEDIRN_TILE_HAS_RIVER_ADJACENT'		),
		('AEDIRN_PLANTATION_AND_RIVER_REQUIREMENTS',		'AEDIRN_TILE_HAS_PLANTATION'			),

		('AEDIRN_MINE_AND_MOUNTAIN_SET_REQUIREMENT',		'AEDIRN_TILE_HAS_MOUNTAIN_SET_ADJACENT'	),
		('AEDIRN_MINE_AND_MOUNTAIN_SET_REQUIREMENT',		'AEDIRN_TILE_HAS_MINE'					),

		('AEDIRN_QUARRY_AND_MOUNTAIN_SET_REQUIREMENTS',		'AEDIRN_TILE_HAS_MOUNTAIN_SET_ADJACENT'	),
		('AEDIRN_QUARRY_AND_MOUNTAIN_SET_REQUIREMENTS',		'AEDIRN_TILE_HAS_QUARRY'				),

		('AEDIRN_IMPROVEMENT_AND_STRATEGIC_REQUIREMENTS',	'AEDIRN_TILE_HAS_STRATEGIC'			),
		('AEDIRN_IMPROVEMENT_AND_STRATEGIC_REQUIREMENTS',	'AEDIRN_TILE_HAS_IMPROVEMENT'			),

		('AEDIRN_ANY_MOUNTAIN_ADJACENT',					'AEDIRN_DESERT_MOUNTAIN_ADJACENT'		),
		('AEDIRN_ANY_MOUNTAIN_ADJACENT',					'AEDIRN_GRASS_MOUNTAIN_ADJACENT'		),
		('AEDIRN_ANY_MOUNTAIN_ADJACENT',					'AEDIRN_PLAINS_MOUNTAIN_ADJACENT'		),
		('AEDIRN_ANY_MOUNTAIN_ADJACENT',					'AEDIRN_TUNDRA_MOUNTAIN_ADJACENT'		),
		('AEDIRN_ANY_MOUNTAIN_ADJACENT',					'AEDIRN_SNOW_MOUNTAIN_ADJACENT'		);
-------------------------------------
-- Requirements
-------------------------------------
INSERT INTO Requirements
		(RequirementId, 						RequirementType										)
VALUES	('AEDIRN_TILE_HAS_RIVER_ADJACENT',		'REQUIREMENT_PLOT_ADJACENT_TO_RIVER'				),
		('AEDIRN_TILE_HAS_PLANTATION',			'REQUIREMENT_PLOT_IMPROVEMENT_TYPE_MATCHES'			),
		('AEDIRN_TILE_HAS_FARM',				'REQUIREMENT_PLOT_IMPROVEMENT_TYPE_MATCHES'			),

		('AEDIRN_TILE_HAS_STRATEGIC',			'REQUIREMENT_PLOT_RESOURCE_CLASS_TYPE_MATCHES'		),
		('AEDIRN_TILE_HAS_IMPROVEMENT',			'REQUIREMENT_PLOT_HAS_ANY_IMPROVEMENT'				),

		('AEDIRN_TILE_HAS_MINE',					'REQUIREMENT_PLOT_IMPROVEMENT_TYPE_MATCHES'		),
		('AEDIRN_TILE_HAS_QUARRY',					'REQUIREMENT_PLOT_IMPROVEMENT_TYPE_MATCHES'		),
		('AEDIRN_TILE_HAS_MOUNTAIN_SET_ADJACENT',	'REQUIREMENT_REQUIREMENTSET_IS_MET'				),

		('AEDIRN_DESERT_MOUNTAIN_ADJACENT',		'REQUIREMENT_PLOT_ADJACENT_TERRAIN_TYPE_MATCHES'	),
		('AEDIRN_GRASS_MOUNTAIN_ADJACENT',		'REQUIREMENT_PLOT_ADJACENT_TERRAIN_TYPE_MATCHES'	),
		('AEDIRN_PLAINS_MOUNTAIN_ADJACENT',		'REQUIREMENT_PLOT_ADJACENT_TERRAIN_TYPE_MATCHES'	),
		('AEDIRN_TUNDRA_MOUNTAIN_ADJACENT',		'REQUIREMENT_PLOT_ADJACENT_TERRAIN_TYPE_MATCHES'	),
		('AEDIRN_SNOW_MOUNTAIN_ADJACENT',		'REQUIREMENT_PLOT_ADJACENT_TERRAIN_TYPE_MATCHES'	);
-------------------------------------
-- RequirementArguments
-------------------------------------
INSERT INTO RequirementArguments
		(RequirementId, 							Name,					Value						)
VALUES	('AEDIRN_TILE_HAS_MOUNTAIN_SET_ADJACENT', 	'RequirementSetId',		'AEDIRN_ANY_MOUNTAIN_ADJACENT'	),
		('AEDIRN_TILE_HAS_FARM', 					'ImprovementType',		'IMPROVEMENT_FARM'			),
		('AEDIRN_TILE_HAS_PLANTATION', 				'ImprovementType',		'IMPROVEMENT_PLANTATION'	),
		('AEDIRN_TILE_HAS_MINE', 					'ImprovementType',		'IMPROVEMENT_MINE'			),
		('AEDIRN_TILE_HAS_QUARRY',					'ImprovementType',		'IMPROVEMENT_QUARRY'		),
		('AEDIRN_DESERT_MOUNTAIN_ADJACENT',			'TerrainType',			'TERRAIN_DESERT_MOUNTAIN'	),
		('AEDIRN_GRASS_MOUNTAIN_ADJACENT',			'TerrainType',			'TERRAIN_GRASS_MOUNTAIN'	),
		('AEDIRN_PLAINS_MOUNTAIN_ADJACENT',			'TerrainType',			'TERRAIN_PLAINS_MOUNTAIN'	),
		('AEDIRN_TUNDRA_MOUNTAIN_ADJACENT',			'TerrainType',			'TERRAIN_TUNDRA_MOUNTAIN'	),
		('AEDIRN_SNOW_MOUNTAIN_ADJACENT',			'TerrainType',			'TERRAIN_SNOW_MOUNTAIN'		),
		('AEDIRN_TILE_HAS_STRATEGIC',				'ResourceClassType',	'RESOURCECLASS_STRATEGIC'	);