/*
	Main Civilization Configuration
	Author: iPlayGamesITA
	Original template by: MC
	Thanks to everyone in the Civ VI Modding Helpline Discord Server!
*/
-----------------------------------------------
-- Types
-----------------------------------------------
INSERT INTO	Types
			(Type,								Kind					)
VALUES		('CIVILIZATION_IPG_AEDIRN',			'KIND_CIVILIZATION'		),
			('CIVILIZATION_IPG_DOL_BLATHANNA_MINOR',	'KIND_CIVILIZATION'		),
			('CIVILIZATION_IPG_LYRIA_MINOR',			'KIND_CIVILIZATION'		),
			('CIVILIZATION_IPG_RIVIA_MINOR',			'KIND_CIVILIZATION'		);

INSERT INTO TypeProperties
			(Type,								Name,						Value)
VALUES		('CIVILIZATION_IPG_DOL_BLATHANNA_MINOR',	'CityStateCategory',		'CULTURAL'),
			('CIVILIZATION_IPG_LYRIA_MINOR',			'CityStateCategory',		'CULTURAL'),
			('CIVILIZATION_IPG_RIVIA_MINOR',			'CityStateCategory',		'INDUSTRIAL');
-----------------------------------------------
-- Civilizations
-----------------------------------------------
INSERT INTO	Civilizations
			(
			CivilizationType,
			Name,
			Description,
			Adjective,
			StartingCivilizationLevelType,
			RandomCityNameDepth,
			Ethnicity
			)

VALUES		(
			'CIVILIZATION_IPG_AEDIRN',
			'LOC_CIVILIZATION_IPG_AEDIRN_NAME',
			'LOC_CIVILIZATION_IPG_AEDIRN_DESCRIPTION',
			'LOC_CIVILIZATION_IPG_AEDIRN_ADJECTIVE',
			'CIVILIZATION_LEVEL_FULL_CIV',
			4,
			'ETHNICITY_EURO'
			),

			(
			'CIVILIZATION_IPG_DOL_BLATHANNA_MINOR',
			'LOC_CIVILIZATION_IPG_DOL_BLATHANNA_MINOR_NAME',
			'LOC_CIVILIZATION_IPG_DOL_BLATHANNA_MINOR_DESCRIPTION',
			'LOC_CIVILIZATION_IPG_DOL_BLATHANNA_MINOR_ADJECTIVE',
			'CIVILIZATION_LEVEL_CITY_STATE',
			1,
			'ETHNICITY_ASIAN'
			),

			(
			'CIVILIZATION_IPG_LYRIA_MINOR',
			'LOC_CIVILIZATION_IPG_LYRIA_MINOR_NAME',
			'LOC_CIVILIZATION_IPG_LYRIA_MINOR_DESCRIPTION',
			'LOC_CIVILIZATION_IPG_LYRIA_MINOR_ADJECTIVE',
			'CIVILIZATION_LEVEL_CITY_STATE',
			1,
			'ETHNICITY_EURO'
			),

			(
			'CIVILIZATION_IPG_RIVIA_MINOR',
			'LOC_CIVILIZATION_IPG_RIVIA_MINOR_NAME',
			'LOC_CIVILIZATION_IPG_RIVIA_MINOR_DESCRIPTION',
			'LOC_CIVILIZATION_IPG_RIVIA_MINOR_ADJECTIVE',
			'CIVILIZATION_LEVEL_CITY_STATE',
			1,
			'ETHNICITY_EURO'
			);
-----------------------------------------------
-- NamedMountains
-----------------------------------------------
INSERT OR REPLACE INTO NamedMountains
		(NamedMountainType,			Name							)
VALUES	('NAMED_MOUNTAIN_MAHAKAM',	'LOC_NAMED_MOUNTAIN_MAHAKAM'	),
		('NAMED_MOUNTAIN_BLUE',		'LOC_NAMED_MOUNTAIN_BLUE'		),
		('NAMED_MOUNTAIN_FIERY',	'LOC_NAMED_MOUNTAIN_FIERY'		);
-----------------------------------------------
-- NamedMountainCivilizations
-----------------------------------------------
INSERT INTO NamedMountainCivilizations
		(CivilizationType,			NamedMountainType			)
VALUES	('CIVILIZATION_IPG_AEDIRN',	'NAMED_MOUNTAIN_MAHAKAM'	),
		('CIVILIZATION_IPG_AEDIRN',	'NAMED_MOUNTAIN_BLUE'		),
		('CIVILIZATION_IPG_AEDIRN',	'NAMED_MOUNTAIN_FIERY'		);
-----------------------------------------------
-- NamedRivers
-----------------------------------------------
INSERT OR REPLACE INTO NamedRivers
		(NamedRiverType,					Name						)
VALUES	('NAMED_RIVER_DYFNE',				'LOC_NAMED_RIVER_DYFNE'		),
		('NAMED_RIVER_PONTAR',				'LOC_NAMED_RIVER_PONTAR'	);
-----------------------------------------------
-- NamedRiverCivilizations
-----------------------------------------------

INSERT INTO NamedRiverCivilizations
		(CivilizationType,			NamedRiverType			)
VALUES	('CIVILIZATION_IPG_AEDIRN',	'NAMED_RIVER_DYFNE'		),
		('CIVILIZATION_IPG_AEDIRN',	'NAMED_RIVER_PONTAR'	);
-----------------------------------------------
-- CityNames
-----------------------------------------------
INSERT INTO	CityNames
		(CivilizationType,			CityName						)
VALUES	('CIVILIZATION_IPG_AEDIRN',	'LOC_CITY_NAME_IPG_AEDIRN_1'		),
		('CIVILIZATION_IPG_AEDIRN',	'LOC_CITY_NAME_IPG_AEDIRN_2'		),
		('CIVILIZATION_IPG_AEDIRN',	'LOC_CITY_NAME_IPG_AEDIRN_3'		),
		('CIVILIZATION_IPG_AEDIRN',	'LOC_CITY_NAME_IPG_AEDIRN_4'		),
		('CIVILIZATION_IPG_AEDIRN',	'LOC_CITY_NAME_IPG_AEDIRN_5'		),
		('CIVILIZATION_IPG_AEDIRN',	'LOC_CITY_NAME_IPG_AEDIRN_6'		),
		('CIVILIZATION_IPG_AEDIRN',	'LOC_CITY_NAME_IPG_AEDIRN_7'		),
		('CIVILIZATION_IPG_AEDIRN',	'LOC_CITY_NAME_IPG_AEDIRN_8'		),
		('CIVILIZATION_IPG_AEDIRN',	'LOC_CITY_NAME_IPG_AEDIRN_9'		),
		('CIVILIZATION_IPG_AEDIRN',	'LOC_CITY_NAME_IPG_AEDIRN_10'		),
		('CIVILIZATION_IPG_AEDIRN',	'LOC_CITY_NAME_IPG_AEDIRN_11'		),
		('CIVILIZATION_IPG_AEDIRN',	'LOC_CITY_NAME_IPG_AEDIRN_12'		),
		('CIVILIZATION_IPG_AEDIRN',	'LOC_CITY_NAME_IPG_AEDIRN_13'		),
		('CIVILIZATION_IPG_AEDIRN',	'LOC_CITY_NAME_IPG_AEDIRN_14'		),
		('CIVILIZATION_IPG_AEDIRN',	'LOC_CITY_NAME_IPG_AEDIRN_15'		),
		('CIVILIZATION_IPG_AEDIRN',	'LOC_CITY_NAME_IPG_AEDIRN_16'		),
		('CIVILIZATION_IPG_AEDIRN',	'LOC_CITY_NAME_IPG_AEDIRN_17'		),
		('CIVILIZATION_IPG_AEDIRN',	'LOC_CITY_NAME_IPG_AEDIRN_18'		),
		('CIVILIZATION_IPG_AEDIRN',	'LOC_CITY_NAME_IPG_AEDIRN_19'		),
		('CIVILIZATION_IPG_AEDIRN',	'LOC_CITY_NAME_IPG_AEDIRN_20'		),
		('CIVILIZATION_IPG_AEDIRN',	'LOC_CITY_NAME_IPG_AEDIRN_21'		),
		('CIVILIZATION_IPG_AEDIRN',	'LOC_CITY_NAME_IPG_AEDIRN_22'		),
		('CIVILIZATION_IPG_AEDIRN',	'LOC_CITY_NAME_IPG_AEDIRN_23'		),
		('CIVILIZATION_IPG_AEDIRN',	'LOC_CITY_NAME_IPG_AEDIRN_24'		),
		('CIVILIZATION_IPG_AEDIRN',	'LOC_CITY_NAME_IPG_AEDIRN_25'		),
		('CIVILIZATION_IPG_AEDIRN',	'LOC_CITY_NAME_IPG_AEDIRN_26'		),
		('CIVILIZATION_IPG_DOL_BLATHANNA_MINOR',	'LOC_CITY_NAME_IPG_DOL_BLATHANNA_MINOR'		),
		('CIVILIZATION_IPG_LYRIA_MINOR',	'LOC_CITY_NAME_IPG_LYRIA_MINOR'		),
		('CIVILIZATION_IPG_RIVIA_MINOR',	'LOC_CITY_NAME_IPG_RIVIA_MINOR'		);
-----------------------------------------------
-- CivilizationCitizenNames
-----------------------------------------------
INSERT INTO	CivilizationCitizenNames
		(CivilizationType,			CitizenName,						Female	)
VALUES	('CIVILIZATION_IPG_AEDIRN',	'LOC_CITIZEN_IPG_AEDIRN_MALE_1',		0 		),
		('CIVILIZATION_IPG_AEDIRN',	'LOC_CITIZEN_IPG_AEDIRN_MALE_2',		0 		),
		('CIVILIZATION_IPG_AEDIRN',	'LOC_CITIZEN_IPG_AEDIRN_MALE_3',		0 		),
		('CIVILIZATION_IPG_AEDIRN',	'LOC_CITIZEN_IPG_AEDIRN_MALE_4',		0 		),
		('CIVILIZATION_IPG_AEDIRN',	'LOC_CITIZEN_IPG_AEDIRN_MALE_5',		0 		),
		('CIVILIZATION_IPG_AEDIRN',	'LOC_CITIZEN_IPG_AEDIRN_MALE_6',		0 		),
		('CIVILIZATION_IPG_AEDIRN',	'LOC_CITIZEN_IPG_AEDIRN_MALE_7',		0 		),
		('CIVILIZATION_IPG_AEDIRN',	'LOC_CITIZEN_IPG_AEDIRN_MALE_8',		0 		),
		('CIVILIZATION_IPG_AEDIRN',	'LOC_CITIZEN_IPG_AEDIRN_MALE_9',		0 		),
		('CIVILIZATION_IPG_AEDIRN',	'LOC_CITIZEN_IPG_AEDIRN_MALE_10',		0 		),
		('CIVILIZATION_IPG_AEDIRN',	'LOC_CITIZEN_IPG_AEDIRN_FEMALE_1',	1 		),
		('CIVILIZATION_IPG_AEDIRN',	'LOC_CITIZEN_IPG_AEDIRN_FEMALE_2',	1 		),
		('CIVILIZATION_IPG_AEDIRN',	'LOC_CITIZEN_IPG_AEDIRN_FEMALE_3',	1 		),
		('CIVILIZATION_IPG_AEDIRN',	'LOC_CITIZEN_IPG_AEDIRN_FEMALE_4',	1 		),
		('CIVILIZATION_IPG_AEDIRN',	'LOC_CITIZEN_IPG_AEDIRN_FEMALE_5',	1 		),
		('CIVILIZATION_IPG_AEDIRN',	'LOC_CITIZEN_IPG_AEDIRN_FEMALE_6',	1 		);
-----------------------------------------------
-- CivilizationInfo
-----------------------------------------------
INSERT INTO	CivilizationInfo
		(CivilizationType,			Header,						Caption,								SortIndex	)
VALUES	('CIVILIZATION_IPG_AEDIRN',	'LOC_CIVINFO_LOCATION',		'LOC_CIVINFO_IPG_AEDIRN_LOCATION',		10			),
		('CIVILIZATION_IPG_AEDIRN',	'LOC_CIVINFO_SIZE',			'LOC_CIVINFO_IPG_AEDIRN_SIZE',			20			),
		('CIVILIZATION_IPG_AEDIRN',	'LOC_CIVINFO_POPULATION',	'LOC_CIVINFO_IPG_AEDIRN_POPULATION',		30			),
		('CIVILIZATION_IPG_AEDIRN',	'LOC_CIVINFO_CAPITAL',		'LOC_CIVINFO_IPG_AEDIRN_CAPITAL',			40			);
-----------------------------------------------
-- Start Bias
-----------------------------------------------
INSERT INTO	StartBiasTerrains
		(CivilizationType,			TerrainType,		Tier	)
VALUES	('CIVILIZATION_IPG_AEDIRN',	'TERRAIN_GRASS',			2),
		('CIVILIZATION_IPG_AEDIRN',	'TERRAIN_PLAINS',		2),
		('CIVILIZATION_IPG_DOL_BLATHANNA_MINOR',	'TERRAIN_GRASS_MOUNTAIN',	3),
		('CIVILIZATION_IPG_DOL_BLATHANNA_MINOR',	'TERRAIN_PLAINS_MOUNTAIN',	3),
		('CIVILIZATION_IPG_DOL_BLATHANNA_MINOR',	'TERRAIN_TUNDRA_MOUNTAIN',	3),
		('CIVILIZATION_IPG_DOL_BLATHANNA_MINOR',	'TERRAIN_SNOW_MOUNTAIN',	3),
		('CIVILIZATION_IPG_DOL_BLATHANNA_MINOR',	'TERRAIN_DESERT_MOUNTAIN',	3);

INSERT INTO StartBiasFeatures
		(CivilizationType,			FeatureType,		Tier	)
VALUES	('CIVILIZATION_IPG_AEDIRN',	'FEATURE_FLOODPLAINS',	2	);


INSERT INTO	StartBiasRivers
		(CivilizationType,			Tier	)
VALUES	('CIVILIZATION_IPG_AEDIRN',	2		);
