-- UC_CSB_Cultural
-- Author: JNR
--------------------------------------------------------------

-- Delete Old Bonuses
--------------------------------------------------------------
DELETE FROM TraitModifiers WHERE ModifierId='MINOR_CIV_CULTURAL_SMALL_INFLUENCE_BONUS';
DELETE FROM TraitModifiers WHERE ModifierId='MINOR_CIV_CULTURAL_MEDIUM_INFLUENCE_BONUS';
DELETE FROM TraitModifiers WHERE ModifierId='MINOR_CIV_CULTURAL_LARGE_INFLUENCE_BONUS';
DELETE FROM TraitModifiers WHERE ModifierId='MINOR_CIV_CULTURAL_LARGE_INFLUENCE_BONUS_ARTIFACT';

DELETE FROM Modifiers WHERE ModifierId='MINOR_CIV_CULTURAL_SMALL_INFLUENCE_BONUS';
DELETE FROM Modifiers WHERE ModifierId='MINOR_CIV_CULTURAL_MEDIUM_INFLUENCE_BONUS';
DELETE FROM Modifiers WHERE ModifierId='MINOR_CIV_CULTURAL_LARGE_INFLUENCE_BONUS';
DELETE FROM Modifiers WHERE ModifierId='MINOR_CIV_CULTURAL_LARGE_INFLUENCE_BONUS_ARTIFACT';
--------------------------------------------------------------

-- Modifiers
--------------------------------------------------------------
INSERT OR IGNORE INTO Modifiers
		(ModifierId,											ModifierType,												SubjectRequirementSetId)
VALUES	('MINOR_CIV_CULTURAL_SMALL_INFLUENCE_CAPITAL',			'MODIFIER_ALL_PLAYERS_ATTACH_MODIFIER',						'PLAYER_HAS_SMALL_INFLUENCE'),
		('MINOR_CIV_CULTURAL_SMALL_INFLUENCE_ETHIOPIA',			'MODIFIER_ALL_PLAYERS_ATTACH_MODIFIER',						'PLAYER_HAS_SMALL_INFLUENCE'),
		('MINOR_CIV_CULTURAL_MEDIUM_INFLUENCE_MUSEUM_ART',		'MODIFIER_ALL_PLAYERS_ATTACH_MODIFIER',						'PLAYER_HAS_MEDIUM_INFLUENCE'),
		('MINOR_CIV_CULTURAL_MEDIUM_INFLUENCE_MUSEUM_ARTIFACT',	'MODIFIER_ALL_PLAYERS_ATTACH_MODIFIER',						'PLAYER_HAS_MEDIUM_INFLUENCE'),
		('MINOR_CIV_CULTURAL_LARGE_INFLUENCE_BROADCAST_CENTER',	'MODIFIER_ALL_PLAYERS_ATTACH_MODIFIER',						'PLAYER_HAS_LARGE_INFLUENCE'),

		('MINOR_CIV_CULTURAL_YIELD_FOR_CAPITAL_ETHIOPIA',		'MODIFIER_PLAYER_CAPITAL_CITY_ADJUST_CITY_YIELD_CHANGE',	NULL),
		('MINOR_CIV_CULTURAL_YIELD_FOR_AMPHITHEATER_ETHIOPIA',	'MODIFIER_PLAYER_CITIES_ADJUST_BUILDING_YIELD_CHANGE',		NULL),
		('MINOR_CIV_CULTURAL_YIELD_FOR_MUSEUM_ART',				'MODIFIER_PLAYER_CITIES_ADJUST_BUILDING_YIELD_CHANGE',		NULL),
		('MINOR_CIV_CULTURAL_YIELD_FOR_MUSEUM_ARTIFACT',		'MODIFIER_PLAYER_CITIES_ADJUST_BUILDING_YIELD_CHANGE',		NULL),
		('MINOR_CIV_CULTURAL_YIELD_FOR_BROADCAST_CENTER',		'MODIFIER_PLAYER_CITIES_ADJUST_BUILDING_YIELD_CHANGE',		NULL);
--------------------------------------------------------------

-- ModifierArguments
--------------------------------------------------------------
INSERT OR IGNORE INTO ModifierArguments
		(ModifierId,											Name,				Value)
VALUES	('MINOR_CIV_CULTURAL_SMALL_INFLUENCE_CAPITAL',			'ModifierId',		'MINOR_CIV_CULTURAL_YIELD_FOR_CAPITAL_ETHIOPIA'),
		('MINOR_CIV_CULTURAL_SMALL_INFLUENCE_ETHIOPIA',			'ModifierId',		'MINOR_CIV_CULTURAL_YIELD_FOR_AMPHITHEATER_ETHIOPIA'),
		('MINOR_CIV_CULTURAL_MEDIUM_INFLUENCE_MUSEUM_ART',		'ModifierId',		'MINOR_CIV_CULTURAL_YIELD_FOR_MUSEUM_ART'),
		('MINOR_CIV_CULTURAL_MEDIUM_INFLUENCE_MUSEUM_ARTIFACT',	'ModifierId',		'MINOR_CIV_CULTURAL_YIELD_FOR_MUSEUM_ARTIFACT'),
		('MINOR_CIV_CULTURAL_LARGE_INFLUENCE_BROADCAST_CENTER',	'ModifierId',		'MINOR_CIV_CULTURAL_YIELD_FOR_BROADCAST_CENTER'),

		('MINOR_CIV_CULTURAL_YIELD_FOR_CAPITAL_ETHIOPIA',		'YieldType',		'YIELD_CULTURE'),
		('MINOR_CIV_CULTURAL_YIELD_FOR_CAPITAL_ETHIOPIA',		'Amount',			1),

		('MINOR_CIV_CULTURAL_YIELD_FOR_AMPHITHEATER_ETHIOPIA',	'YieldType',		'YIELD_CULTURE'),
		('MINOR_CIV_CULTURAL_YIELD_FOR_AMPHITHEATER_ETHIOPIA',	'Amount',			1),
		('MINOR_CIV_CULTURAL_YIELD_FOR_AMPHITHEATER_ETHIOPIA',	'BuildingType',		'BUILDING_AMPHITHEATER'),
		('MINOR_CIV_CULTURAL_YIELD_FOR_AMPHITHEATER_ETHIOPIA',	'CityStatesOnly',	'true'),

		('MINOR_CIV_CULTURAL_YIELD_FOR_MUSEUM_ART',				'YieldType',		'YIELD_CULTURE'),
		('MINOR_CIV_CULTURAL_YIELD_FOR_MUSEUM_ART',				'Amount',			2),
		('MINOR_CIV_CULTURAL_YIELD_FOR_MUSEUM_ART',				'BuildingType',		'BUILDING_MUSEUM_ART'),
		('MINOR_CIV_CULTURAL_YIELD_FOR_MUSEUM_ART',				'CityStatesOnly',	'true'),

		('MINOR_CIV_CULTURAL_YIELD_FOR_MUSEUM_ARTIFACT',		'YieldType',		'YIELD_CULTURE'),
		('MINOR_CIV_CULTURAL_YIELD_FOR_MUSEUM_ARTIFACT',		'Amount',			2),
		('MINOR_CIV_CULTURAL_YIELD_FOR_MUSEUM_ARTIFACT',		'BuildingType',		'BUILDING_MUSEUM_ARTIFACT'),
		('MINOR_CIV_CULTURAL_YIELD_FOR_MUSEUM_ARTIFACT',		'CityStatesOnly',	'true'),

		('MINOR_CIV_CULTURAL_YIELD_FOR_BROADCAST_CENTER',		'YieldType',		'YIELD_CULTURE'),
		('MINOR_CIV_CULTURAL_YIELD_FOR_BROADCAST_CENTER',		'Amount',			3),
		('MINOR_CIV_CULTURAL_YIELD_FOR_BROADCAST_CENTER',		'BuildingType',		'BUILDING_BROADCAST_CENTER'),
		('MINOR_CIV_CULTURAL_YIELD_FOR_BROADCAST_CENTER',		'CityStatesOnly',	'true');
--------------------------------------------------------------

-- TraitModifiers
--------------------------------------------------------------
INSERT OR IGNORE INTO TraitModifiers
		(TraitType,						ModifierId)
VALUES	('MINOR_CIV_CULTURAL_TRAIT',	'MINOR_CIV_CULTURAL_SMALL_INFLUENCE_CAPITAL'),
		('MINOR_CIV_CULTURAL_TRAIT',	'MINOR_CIV_CULTURAL_SMALL_INFLUENCE_ETHIOPIA'),
		('MINOR_CIV_CULTURAL_TRAIT',	'MINOR_CIV_CULTURAL_MEDIUM_INFLUENCE_MUSEUM_ART'),
		('MINOR_CIV_CULTURAL_TRAIT',	'MINOR_CIV_CULTURAL_MEDIUM_INFLUENCE_MUSEUM_ARTIFACT'),
		('MINOR_CIV_CULTURAL_TRAIT',	'MINOR_CIV_CULTURAL_LARGE_INFLUENCE_BROADCAST_CENTER');
--------------------------------------------------------------

-- ModifierStrings
--------------------------------------------------------------
INSERT OR IGNORE INTO ModifierStrings
		(ModifierId,											Context,	Text)
VALUES	('MINOR_CIV_CULTURAL_SMALL_INFLUENCE_ETHIOPIA',			'Preview',	'LOC_MINOR_CIV_CULTURAL_TRAIT_SMALL_INFLUENCE_BONUS'),
		('MINOR_CIV_CULTURAL_MEDIUM_INFLUENCE_MUSEUM_ART',		'Preview',	'LOC_MINOR_CIV_CULTURAL_TRAIT_MEDIUM_INFLUENCE_BONUS'),
		('MINOR_CIV_CULTURAL_LARGE_INFLUENCE_BROADCAST_CENTER',	'Preview',	'LOC_MINOR_CIV_CULTURAL_TRAIT_LARGE_INFLUENCE_BONUS');
--------------------------------------------------------------