-- UC_CSB_Scientific
-- Author: JNR
--------------------------------------------------------------

-- Delete Old Bonuses
--------------------------------------------------------------
DELETE FROM TraitModifiers WHERE ModifierId='MINOR_CIV_SCIENTIFIC_SMALL_INFLUENCE_BONUS';
DELETE FROM TraitModifiers WHERE ModifierId='MINOR_CIV_SCIENTIFIC_MEDIUM_INFLUENCE_BONUS';
DELETE FROM TraitModifiers WHERE ModifierId='MINOR_CIV_SCIENTIFIC_LARGE_INFLUENCE_BONUS';

DELETE FROM Modifiers WHERE ModifierId='MINOR_CIV_SCIENTIFIC_SMALL_INFLUENCE_BONUS';
DELETE FROM Modifiers WHERE ModifierId='MINOR_CIV_SCIENTIFIC_MEDIUM_INFLUENCE_BONUS';
DELETE FROM Modifiers WHERE ModifierId='MINOR_CIV_SCIENTIFIC_LARGE_INFLUENCE_BONUS';
--------------------------------------------------------------

-- Modifiers
--------------------------------------------------------------
INSERT OR IGNORE INTO Modifiers
		(ModifierId,											ModifierType,												SubjectRequirementSetId)
VALUES	('MINOR_CIV_SCIENTIFIC_SMALL_INFLUENCE_CAPITAL',		'MODIFIER_ALL_PLAYERS_ATTACH_MODIFIER',						'PLAYER_HAS_SMALL_INFLUENCE'),
		('MINOR_CIV_SCIENTIFIC_SMALL_INFLUENCE_ETHIOPIA',		'MODIFIER_ALL_PLAYERS_ATTACH_MODIFIER',						'PLAYER_HAS_SMALL_INFLUENCE'),
		('MINOR_CIV_SCIENTIFIC_MEDIUM_INFLUENCE_UNIVERSITY',	'MODIFIER_ALL_PLAYERS_ATTACH_MODIFIER',						'PLAYER_HAS_MEDIUM_INFLUENCE'),
		('MINOR_CIV_SCIENTIFIC_LARGE_INFLUENCE_RESEARCH_LAB',	'MODIFIER_ALL_PLAYERS_ATTACH_MODIFIER',						'PLAYER_HAS_LARGE_INFLUENCE'),

		('MINOR_CIV_SCIENTIFIC_YIELD_FOR_CAPITAL_ETHIOPIA',		'MODIFIER_PLAYER_CAPITAL_CITY_ADJUST_CITY_YIELD_CHANGE',	NULL),
		('MINOR_CIV_SCIENTIFIC_YIELD_FOR_LIBRARY_ETHIOPIA',		'MODIFIER_PLAYER_CITIES_ADJUST_BUILDING_YIELD_CHANGE',		NULL),
		('MINOR_CIV_SCIENTIFIC_YIELD_FOR_UNIVERSITY_ETHIOPIA',	'MODIFIER_PLAYER_CITIES_ADJUST_BUILDING_YIELD_CHANGE',		NULL),
		('MINOR_CIV_SCIENTIFIC_YIELD_FOR_RESEARCH_LAB',			'MODIFIER_PLAYER_CITIES_ADJUST_BUILDING_YIELD_CHANGE',		NULL);
--------------------------------------------------------------

-- ModifierArguments
--------------------------------------------------------------
INSERT OR IGNORE INTO ModifierArguments
		(ModifierId,											Name,				Value)
VALUES	('MINOR_CIV_SCIENTIFIC_SMALL_INFLUENCE_CAPITAL',		'ModifierId',		'MINOR_CIV_SCIENTIFIC_YIELD_FOR_CAPITAL_ETHIOPIA'),
		('MINOR_CIV_SCIENTIFIC_SMALL_INFLUENCE_ETHIOPIA',		'ModifierId',		'MINOR_CIV_SCIENTIFIC_YIELD_FOR_LIBRARY_ETHIOPIA'),
		('MINOR_CIV_SCIENTIFIC_MEDIUM_INFLUENCE_UNIVERSITY',	'ModifierId',		'MINOR_CIV_SCIENTIFIC_YIELD_FOR_UNIVERSITY_ETHIOPIA'),
		('MINOR_CIV_SCIENTIFIC_LARGE_INFLUENCE_RESEARCH_LAB',	'ModifierId',		'MINOR_CIV_SCIENTIFIC_YIELD_FOR_RESEARCH_LAB'),

		('MINOR_CIV_SCIENTIFIC_YIELD_FOR_CAPITAL_ETHIOPIA',		'YieldType',		'YIELD_SCIENCE'),
		('MINOR_CIV_SCIENTIFIC_YIELD_FOR_CAPITAL_ETHIOPIA',		'Amount',			1),

		('MINOR_CIV_SCIENTIFIC_YIELD_FOR_LIBRARY_ETHIOPIA',		'YieldType',		'YIELD_SCIENCE'),
		('MINOR_CIV_SCIENTIFIC_YIELD_FOR_LIBRARY_ETHIOPIA',		'Amount',			1),
		('MINOR_CIV_SCIENTIFIC_YIELD_FOR_LIBRARY_ETHIOPIA',		'BuildingType',		'BUILDING_LIBRARY'),
		('MINOR_CIV_SCIENTIFIC_YIELD_FOR_LIBRARY_ETHIOPIA',		'CityStatesOnly',	'true'),

		('MINOR_CIV_SCIENTIFIC_YIELD_FOR_UNIVERSITY_ETHIOPIA',	'YieldType',		'YIELD_SCIENCE'),
		('MINOR_CIV_SCIENTIFIC_YIELD_FOR_UNIVERSITY_ETHIOPIA',	'Amount',			2),
		('MINOR_CIV_SCIENTIFIC_YIELD_FOR_UNIVERSITY_ETHIOPIA',	'BuildingType',		'BUILDING_UNIVERSITY'),
		('MINOR_CIV_SCIENTIFIC_YIELD_FOR_UNIVERSITY_ETHIOPIA',	'CityStatesOnly',	'true'),

		('MINOR_CIV_SCIENTIFIC_YIELD_FOR_RESEARCH_LAB',			'YieldType',		'YIELD_SCIENCE'),
		('MINOR_CIV_SCIENTIFIC_YIELD_FOR_RESEARCH_LAB',			'Amount',			3),
		('MINOR_CIV_SCIENTIFIC_YIELD_FOR_RESEARCH_LAB',			'BuildingType',		'BUILDING_RESEARCH_LAB'),
		('MINOR_CIV_SCIENTIFIC_YIELD_FOR_RESEARCH_LAB',			'CityStatesOnly',	'true');
--------------------------------------------------------------

-- TraitModifiers
--------------------------------------------------------------
INSERT OR IGNORE INTO TraitModifiers
		(TraitType,						ModifierId)
VALUES	('MINOR_CIV_SCIENTIFIC_TRAIT',	'MINOR_CIV_SCIENTIFIC_SMALL_INFLUENCE_CAPITAL'),
		('MINOR_CIV_SCIENTIFIC_TRAIT',	'MINOR_CIV_SCIENTIFIC_SMALL_INFLUENCE_ETHIOPIA'),
		('MINOR_CIV_SCIENTIFIC_TRAIT',	'MINOR_CIV_SCIENTIFIC_MEDIUM_INFLUENCE_UNIVERSITY'),
		('MINOR_CIV_SCIENTIFIC_TRAIT',	'MINOR_CIV_SCIENTIFIC_LARGE_INFLUENCE_RESEARCH_LAB');
--------------------------------------------------------------

-- ModifierStrings
--------------------------------------------------------------
INSERT OR IGNORE INTO ModifierStrings
		(ModifierId,											Context,	Text)
VALUES	('MINOR_CIV_SCIENTIFIC_SMALL_INFLUENCE_CAPITAL',		'Preview',	'LOC_MINOR_CIV_SCIENTIFIC_TRAIT_SMALL_INFLUENCE_BONUS'),
		('MINOR_CIV_SCIENTIFIC_MEDIUM_INFLUENCE_UNIVERSITY',	'Preview',	'LOC_MINOR_CIV_SCIENTIFIC_TRAIT_MEDIUM_INFLUENCE_BONUS'),
		('MINOR_CIV_SCIENTIFIC_LARGE_INFLUENCE_RESEARCH_LAB',	'Preview',	'LOC_MINOR_CIV_SCIENTIFIC_TRAIT_LARGE_INFLUENCE_BONUS');
--------------------------------------------------------------