-- UC_CSB_Militaristic
-- Author: JNR
--------------------------------------------------------------

-- Delete Old Bonuses
--------------------------------------------------------------
DELETE FROM TraitModifiers WHERE ModifierId='MINOR_CIV_MILITARISTIC_SMALL_INFLUENCE_BONUS';
DELETE FROM TraitModifiers WHERE ModifierId='MINOR_CIV_MILITARISTIC_MEDIUM_INFLUENCE_BONUS';
DELETE FROM TraitModifiers WHERE ModifierId='MINOR_CIV_MILITARISTIC_LARGE_INFLUENCE_BONUS';

DELETE FROM Modifiers WHERE ModifierId='MINOR_CIV_MILITARISTIC_SMALL_INFLUENCE_BONUS';
DELETE FROM Modifiers WHERE ModifierId='MINOR_CIV_MILITARISTIC_MEDIUM_INFLUENCE_BONUS';
DELETE FROM Modifiers WHERE ModifierId='MINOR_CIV_MILITARISTIC_LARGE_INFLUENCE_BONUS';
--------------------------------------------------------------

-- Types
--------------------------------------------------------------
INSERT OR IGNORE INTO Types
		(Type,																Kind)
VALUES	('MODIFIER_PLAYER_CITIES_ADJUST_UNIT_PRODUCTION_CHANGE_ETHIOPIA',	'KIND_MODIFIER');
--------------------------------------------------------------

-- DynamicModifiers
--------------------------------------------------------------
INSERT OR IGNORE INTO DynamicModifiers
		(ModifierType,														CollectionType,				EffectType)
VALUES	('MODIFIER_PLAYER_CITIES_ADJUST_UNIT_PRODUCTION_CHANGE_ETHIOPIA',	'COLLECTION_PLAYER_CITIES',	'EFFECT_ADJUST_CITY_PRODUCTION_UNIT');
--------------------------------------------------------------

-- Requirements
--------------------------------------------------------------
INSERT OR IGNORE INTO Requirements
		(RequirementId,							RequirementType)
VALUES	('REQUIRES_CITY_HAS_BARRACKS_ETHIOPIA',	'REQUIREMENT_CITY_HAS_BUILDING'),
		('REQUIRES_CITY_HAS_STABLE_ETHIOPIA',	'REQUIREMENT_CITY_HAS_BUILDING'),
		('REQUIRES_CITY_HAS_ARMORY_ETHIOPIA',	'REQUIREMENT_CITY_HAS_BUILDING');
--------------------------------------------------------------

-- RequirementArguments
--------------------------------------------------------------
INSERT OR IGNORE INTO RequirementArguments
		(RequirementId,							Name,			Value)
VALUES	('REQUIRES_CITY_HAS_BARRACKS_ETHIOPIA',	'BuildingType',	'BUILDING_BARRACKS'),
		('REQUIRES_CITY_HAS_STABLE_ETHIOPIA',	'BuildingType',	'BUILDING_STABLE'),
		('REQUIRES_CITY_HAS_ARMORY_ETHIOPIA',	'BuildingType',	'BUILDING_ARMORY');
--------------------------------------------------------------

-- RequirementSetRequirements
--------------------------------------------------------------
INSERT OR IGNORE INTO RequirementSetRequirements
		(RequirementSetId,							RequirementId)
VALUES	('BUILDING_IS_BARRACKS_STABLE_ETHIOPIA',	'REQUIRES_CITY_HAS_BARRACKS_ETHIOPIA'),
		('BUILDING_IS_BARRACKS_STABLE_ETHIOPIA',	'REQUIRES_CITY_HAS_STABLE_ETHIOPIA'),
		('BUILDING_IS_ARMORY_ETHIOPIA',				'REQUIRES_CITY_HAS_ARMORY_ETHIOPIA'),
		('BUILDING_IS_MILITARY_ACADEMY_ETHIOPIA',	'REQUIRES_CITY_HAS_MILITARY_ACADEMY');
--------------------------------------------------------------

-- RequirementSets
--------------------------------------------------------------
INSERT OR IGNORE INTO RequirementSets
		(RequirementSetId,							RequirementSetType)
VALUES	('BUILDING_IS_BARRACKS_STABLE_ETHIOPIA',	'REQUIREMENTSET_TEST_ANY'),
		('BUILDING_IS_ARMORY_ETHIOPIA',				'REQUIREMENTSET_TEST_ALL'),
		('BUILDING_IS_MILITARY_ACADEMY_ETHIOPIA',	'REQUIREMENTSET_TEST_ALL');
--------------------------------------------------------------

-- Modifiers
--------------------------------------------------------------
INSERT OR IGNORE INTO Modifiers
		(ModifierId,														ModifierType,														SubjectRequirementSetId)
VALUES	('MINOR_CIV_MILITARISTIC_SMALL_INFLUENCE_CAPITAL',					'MODIFIER_ALL_PLAYERS_ATTACH_MODIFIER',								'PLAYER_HAS_SMALL_INFLUENCE'),
		('MINOR_CIV_MILITARISTIC_SMALL_INFLUENCE_ETHIOPIA',					'MODIFIER_ALL_PLAYERS_ATTACH_MODIFIER',								'PLAYER_HAS_SMALL_INFLUENCE'),
		('MINOR_CIV_MILITARISTIC_MEDIUM_INFLUENCE_ARMORY',					'MODIFIER_ALL_PLAYERS_ATTACH_MODIFIER',								'PLAYER_HAS_MEDIUM_INFLUENCE'),
		('MINOR_CIV_MILITARISTIC_LARGE_INFLUENCE_MILITARY_ACADEMY',			'MODIFIER_ALL_PLAYERS_ATTACH_MODIFIER',								'PLAYER_HAS_LARGE_INFLUENCE'),

		('MINOR_CIV_MILITARISTIC_YIELD_FOR_CAPITAL_ETHIOPIA',				'MODIFIER_PLAYER_CAPITAL_CITY_ADJUST_UNIT_PRODUCTION',				NULL),
		('MINOR_CIV_MILITARISTIC_PRODUCTION_FOR_BARRACKS_STABLE_ETHIOPIA',	'MODIFIER_PLAYER_CITIES_ADJUST_UNIT_PRODUCTION_CHANGE_ETHIOPIA',	'BUILDING_IS_BARRACKS_STABLE_ETHIOPIA'),
		('MINOR_CIV_MILITARISTIC_PRODUCTION_FOR_ARMORY_ETHIOPIA',			'MODIFIER_PLAYER_CITIES_ADJUST_UNIT_PRODUCTION_CHANGE_ETHIOPIA',	'BUILDING_IS_ARMORY_ETHIOPIA'),
		('MINOR_CIV_MILITARISTIC_PRODUCTION_FOR_MILITARY_ACADEMY_ETHIOPIA',	'MODIFIER_PLAYER_CITIES_ADJUST_UNIT_PRODUCTION_CHANGE_ETHIOPIA',	'BUILDING_IS_MILITARY_ACADEMY_ETHIOPIA');
--------------------------------------------------------------

-- ModifierArguments
--------------------------------------------------------------
INSERT OR IGNORE INTO ModifierArguments
		(ModifierId,														Name,			Value)
VALUES	('MINOR_CIV_MILITARISTIC_SMALL_INFLUENCE_CAPITAL',					'ModifierId',	'MINOR_CIV_MILITARISTIC_YIELD_FOR_CAPITAL_ETHIOPIA'),
		('MINOR_CIV_MILITARISTIC_SMALL_INFLUENCE_ETHIOPIA',					'ModifierId',	'MINOR_CIV_MILITARISTIC_PRODUCTION_FOR_BARRACKS_STABLE_ETHIOPIA'),
		('MINOR_CIV_MILITARISTIC_MEDIUM_INFLUENCE_ARMORY',					'ModifierId',	'MINOR_CIV_MILITARISTIC_PRODUCTION_FOR_ARMORY_ETHIOPIA'),
		('MINOR_CIV_MILITARISTIC_LARGE_INFLUENCE_MILITARY_ACADEMY',			'ModifierId',	'MINOR_CIV_MILITARISTIC_PRODUCTION_FOR_MILITARY_ACADEMY_ETHIOPIA'),

		('MINOR_CIV_MILITARISTIC_YIELD_FOR_CAPITAL_ETHIOPIA',				'Amount',		1),
		('MINOR_CIV_MILITARISTIC_PRODUCTION_FOR_BARRACKS_STABLE_ETHIOPIA',	'Amount',		1),
		('MINOR_CIV_MILITARISTIC_PRODUCTION_FOR_ARMORY_ETHIOPIA',			'Amount',		2),
		('MINOR_CIV_MILITARISTIC_PRODUCTION_FOR_MILITARY_ACADEMY_ETHIOPIA',	'Amount',		3);
--------------------------------------------------------------

-- TraitModifiers
--------------------------------------------------------------
INSERT OR IGNORE INTO TraitModifiers
		(TraitType,						ModifierId)
VALUES	('MINOR_CIV_MILITARISTIC_TRAIT',	'MINOR_CIV_MILITARISTIC_SMALL_INFLUENCE_CAPITAL'),
		('MINOR_CIV_MILITARISTIC_TRAIT',	'MINOR_CIV_MILITARISTIC_SMALL_INFLUENCE_ETHIOPIA'),
		('MINOR_CIV_MILITARISTIC_TRAIT',	'MINOR_CIV_MILITARISTIC_MEDIUM_INFLUENCE_ARMORY'),
		('MINOR_CIV_MILITARISTIC_TRAIT',	'MINOR_CIV_MILITARISTIC_LARGE_INFLUENCE_MILITARY_ACADEMY');
--------------------------------------------------------------

-- ModifierStrings
--------------------------------------------------------------
INSERT OR IGNORE INTO ModifierStrings
		(ModifierId,												Context,	Text)
VALUES	('MINOR_CIV_MILITARISTIC_SMALL_INFLUENCE_ETHIOPIA',			'Preview',	'LOC_MINOR_CIV_MILITARISTIC_TRAIT_SMALL_INFLUENCE_BONUS'),
		('MINOR_CIV_MILITARISTIC_MEDIUM_INFLUENCE_ARMORY',			'Preview',	'LOC_MINOR_CIV_MILITARISTIC_TRAIT_MEDIUM_INFLUENCE_BONUS'),
		('MINOR_CIV_MILITARISTIC_LARGE_INFLUENCE_MILITARY_ACADEMY',	'Preview',	'LOC_MINOR_CIV_MILITARISTIC_TRAIT_LARGE_INFLUENCE_BONUS');
--------------------------------------------------------------