-- UC_CSB_Trade
-- Author: JNR
--------------------------------------------------------------

-- Delete Old Bonuses
--------------------------------------------------------------
DELETE FROM TraitModifiers WHERE ModifierId='MINOR_CIV_TRADE_SMALL_INFLUENCE_BONUS';
DELETE FROM TraitModifiers WHERE ModifierId='MINOR_CIV_TRADE_MEDIUM_INFLUENCE_BONUS';
DELETE FROM TraitModifiers WHERE ModifierId='MINOR_CIV_TRADE_MEDIUM_INFLUENCE_BONUS_LIGHTHOUSE';
DELETE FROM TraitModifiers WHERE ModifierId='MINOR_CIV_TRADE_LARGE_INFLUENCE_BONUS';
DELETE FROM TraitModifiers WHERE ModifierId='MINOR_CIV_TRADE_LARGE_INFLUENCE_BONUS_SHIPYARD';

DELETE FROM Modifiers WHERE ModifierId='MINOR_CIV_TRADE_SMALL_INFLUENCE_BONUS';
DELETE FROM Modifiers WHERE ModifierId='MINOR_CIV_TRADE_MEDIUM_INFLUENCE_BONUS';
DELETE FROM Modifiers WHERE ModifierId='MINOR_CIV_TRADE_MEDIUM_INFLUENCE_BONUS_LIGHTHOUSE';
DELETE FROM Modifiers WHERE ModifierId='MINOR_CIV_TRADE_LARGE_INFLUENCE_BONUS';
DELETE FROM Modifiers WHERE ModifierId='MINOR_CIV_TRADE_LARGE_INFLUENCE_BONUS_SHIPYARD';
--------------------------------------------------------------

-- Modifiers
--------------------------------------------------------------
INSERT OR IGNORE INTO Modifiers
		(ModifierId,										ModifierType,												SubjectRequirementSetId)
VALUES	('MINOR_CIV_TRADE_SMALL_INFLUENCE_CAPITAL',			'MODIFIER_ALL_PLAYERS_ATTACH_MODIFIER',						'PLAYER_HAS_SMALL_INFLUENCE'),
		('MINOR_CIV_TRADE_SMALL_INFLUENCE_ETHIOPIA',		'MODIFIER_ALL_PLAYERS_ATTACH_MODIFIER',						'PLAYER_HAS_SMALL_INFLUENCE'),
		('MINOR_CIV_TRADE_SMALL_INFLUENCE_LIGHTHOUSE',		'MODIFIER_ALL_PLAYERS_ATTACH_MODIFIER',						'PLAYER_HAS_SMALL_INFLUENCE'),
		('MINOR_CIV_TRADE_MEDIUM_INFLUENCE_BANK',			'MODIFIER_ALL_PLAYERS_ATTACH_MODIFIER',						'PLAYER_HAS_MEDIUM_INFLUENCE'),
		('MINOR_CIV_TRADE_MEDIUM_INFLUENCE_SHIPYARD',		'MODIFIER_ALL_PLAYERS_ATTACH_MODIFIER',						'PLAYER_HAS_MEDIUM_INFLUENCE'),
		('MINOR_CIV_TRADE_LARGE_INFLUENCE_STOCK_EXCHANGE',	'MODIFIER_ALL_PLAYERS_ATTACH_MODIFIER',						'PLAYER_HAS_LARGE_INFLUENCE'),
		('MINOR_CIV_TRADE_LARGE_INFLUENCE_SEAPORT',			'MODIFIER_ALL_PLAYERS_ATTACH_MODIFIER',						'PLAYER_HAS_LARGE_INFLUENCE'),

		('MINOR_CIV_TRADE_YIELD_FOR_CAPITAL_ETHIOPIA',		'MODIFIER_PLAYER_CAPITAL_CITY_ADJUST_CITY_YIELD_CHANGE',	NULL),
		('MINOR_CIV_TRADE_YIELD_FOR_MARKET_ETHIOPIA',		'MODIFIER_PLAYER_CITIES_ADJUST_BUILDING_YIELD_CHANGE',		NULL),
		('MINOR_CIV_TRADE_YIELD_FOR_LIGHTHOUSE_ETHIOPIA',	'MODIFIER_PLAYER_CITIES_ADJUST_BUILDING_YIELD_CHANGE',		NULL),
		('MINOR_CIV_TRADE_YIELD_FOR_BANK_ETHIOPIA',			'MODIFIER_PLAYER_CITIES_ADJUST_BUILDING_YIELD_CHANGE',		NULL),
		('MINOR_CIV_TRADE_YIELD_FOR_SHIPYARD_ETHIOPIA',		'MODIFIER_PLAYER_CITIES_ADJUST_BUILDING_YIELD_CHANGE',		NULL),
		('MINOR_CIV_TRADE_YIELD_FOR_STOCK_EXCHANGE',		'MODIFIER_PLAYER_CITIES_ADJUST_BUILDING_YIELD_CHANGE',		NULL),
		('MINOR_CIV_TRADE_YIELD_FOR_SEAPORT',				'MODIFIER_PLAYER_CITIES_ADJUST_BUILDING_YIELD_CHANGE',		NULL);
--------------------------------------------------------------

-- ModifierArguments
--------------------------------------------------------------
INSERT OR IGNORE INTO ModifierArguments
		(ModifierId,										Name,				Value)
VALUES	('MINOR_CIV_TRADE_SMALL_INFLUENCE_CAPITAL',			'ModifierId',		'MINOR_CIV_TRADE_YIELD_FOR_CAPITAL_ETHIOPIA'),
		('MINOR_CIV_TRADE_SMALL_INFLUENCE_ETHIOPIA',		'ModifierId',		'MINOR_CIV_TRADE_YIELD_FOR_MARKET_ETHIOPIA'),
		('MINOR_CIV_TRADE_SMALL_INFLUENCE_LIGHTHOUSE',		'ModifierId',		'MINOR_CIV_TRADE_YIELD_FOR_LIGHTHOUSE_ETHIOPIA'),
		('MINOR_CIV_TRADE_MEDIUM_INFLUENCE_BANK',			'ModifierId',		'MINOR_CIV_TRADE_YIELD_FOR_BANK_ETHIOPIA'),
		('MINOR_CIV_TRADE_MEDIUM_INFLUENCE_SHIPYARD',		'ModifierId',		'MINOR_CIV_TRADE_YIELD_FOR_SHIPYARD_ETHIOPIA'),
		('MINOR_CIV_TRADE_LARGE_INFLUENCE_STOCK_EXCHANGE',	'ModifierId',		'MINOR_CIV_TRADE_YIELD_FOR_STOCK_EXCHANGE'),
		('MINOR_CIV_TRADE_LARGE_INFLUENCE_SEAPORT',			'ModifierId',		'MINOR_CIV_TRADE_YIELD_FOR_SEAPORT'),

		('MINOR_CIV_TRADE_YIELD_FOR_CAPITAL_ETHIOPIA',		'YieldType',		'YIELD_GOLD'),
		('MINOR_CIV_TRADE_YIELD_FOR_CAPITAL_ETHIOPIA',		'Amount',			2),

		('MINOR_CIV_TRADE_YIELD_FOR_MARKET_ETHIOPIA',		'YieldType',		'YIELD_GOLD'),
		('MINOR_CIV_TRADE_YIELD_FOR_MARKET_ETHIOPIA',		'Amount',			2),
		('MINOR_CIV_TRADE_YIELD_FOR_MARKET_ETHIOPIA',		'BuildingType',		'BUILDING_MARKET'),
		('MINOR_CIV_TRADE_YIELD_FOR_MARKET_ETHIOPIA',		'CityStatesOnly',	'true'),

		('MINOR_CIV_TRADE_YIELD_FOR_LIGHTHOUSE_ETHIOPIA',	'YieldType',		'YIELD_GOLD'),
		('MINOR_CIV_TRADE_YIELD_FOR_LIGHTHOUSE_ETHIOPIA',	'Amount',			2),
		('MINOR_CIV_TRADE_YIELD_FOR_LIGHTHOUSE_ETHIOPIA',	'BuildingType',		'BUILDING_LIGHTHOUSE'),
		('MINOR_CIV_TRADE_YIELD_FOR_LIGHTHOUSE_ETHIOPIA',	'CityStatesOnly',	'true'),

		('MINOR_CIV_TRADE_YIELD_FOR_BANK_ETHIOPIA',			'YieldType',		'YIELD_GOLD'),
		('MINOR_CIV_TRADE_YIELD_FOR_BANK_ETHIOPIA',			'Amount',			4),
		('MINOR_CIV_TRADE_YIELD_FOR_BANK_ETHIOPIA',			'BuildingType',		'BUILDING_BANK'),
		('MINOR_CIV_TRADE_YIELD_FOR_BANK_ETHIOPIA',			'CityStatesOnly',	'true'),

		('MINOR_CIV_TRADE_YIELD_FOR_SHIPYARD_ETHIOPIA',		'YieldType',		'YIELD_GOLD'),
		('MINOR_CIV_TRADE_YIELD_FOR_SHIPYARD_ETHIOPIA',		'Amount',			4),
		('MINOR_CIV_TRADE_YIELD_FOR_SHIPYARD_ETHIOPIA',		'BuildingType',		'BUILDING_SHIPYARD'),
		('MINOR_CIV_TRADE_YIELD_FOR_SHIPYARD_ETHIOPIA',		'CityStatesOnly',	'true'),

		('MINOR_CIV_TRADE_YIELD_FOR_STOCK_EXCHANGE',		'YieldType',		'YIELD_GOLD'),
		('MINOR_CIV_TRADE_YIELD_FOR_STOCK_EXCHANGE',		'Amount',			6),
		('MINOR_CIV_TRADE_YIELD_FOR_STOCK_EXCHANGE',		'BuildingType',		'BUILDING_STOCK_EXCHANGE'),
		('MINOR_CIV_TRADE_YIELD_FOR_STOCK_EXCHANGE',		'CityStatesOnly',	'true'),

		('MINOR_CIV_TRADE_YIELD_FOR_SEAPORT',				'YieldType',		'YIELD_GOLD'),
		('MINOR_CIV_TRADE_YIELD_FOR_SEAPORT',				'Amount',			6),
		('MINOR_CIV_TRADE_YIELD_FOR_SEAPORT',				'BuildingType',		'BUILDING_SEAPORT'),
		('MINOR_CIV_TRADE_YIELD_FOR_SEAPORT',				'CityStatesOnly',	'true');
--------------------------------------------------------------

-- TraitModifiers
--------------------------------------------------------------
INSERT OR IGNORE INTO TraitModifiers
		(TraitType,					ModifierId)
VALUES	('MINOR_CIV_TRADE_TRAIT',	'MINOR_CIV_TRADE_SMALL_INFLUENCE_CAPITAL'),
		('MINOR_CIV_TRADE_TRAIT',	'MINOR_CIV_TRADE_SMALL_INFLUENCE_ETHIOPIA'),
		('MINOR_CIV_TRADE_TRAIT',	'MINOR_CIV_TRADE_SMALL_INFLUENCE_LIGHTHOUSE'),
		('MINOR_CIV_TRADE_TRAIT',	'MINOR_CIV_TRADE_MEDIUM_INFLUENCE_BANK'),
		('MINOR_CIV_TRADE_TRAIT',	'MINOR_CIV_TRADE_MEDIUM_INFLUENCE_SHIPYARD'),
		('MINOR_CIV_TRADE_TRAIT',	'MINOR_CIV_TRADE_LARGE_INFLUENCE_STOCK_EXCHANGE'),
		('MINOR_CIV_TRADE_TRAIT',	'MINOR_CIV_TRADE_LARGE_INFLUENCE_SEAPORT');
--------------------------------------------------------------

-- ModifierStrings
--------------------------------------------------------------
INSERT OR IGNORE INTO ModifierStrings
		(ModifierId,										Context,	Text)
VALUES	('MINOR_CIV_TRADE_SMALL_INFLUENCE_ETHIOPIA',		'Preview',	'LOC_MINOR_CIV_TRADE_TRAIT_SMALL_INFLUENCE_BONUS'),
		('MINOR_CIV_TRADE_MEDIUM_INFLUENCE_BANK',			'Preview',	'LOC_MINOR_CIV_TRADE_TRAIT_MEDIUM_INFLUENCE_BONUS'),
		('MINOR_CIV_TRADE_LARGE_INFLUENCE_STOCK_EXCHANGE',	'Preview',	'LOC_MINOR_CIV_TRADE_TRAIT_LARGE_INFLUENCE_BONUS');
--------------------------------------------------------------