/*
	Leader Unique Ability
	Author: iPlayGamesITA
	Original template by: MC
	Thanks to everyone in the Civ VI Modding Helpline Discord Server!
*/

-----------------------------------------------
-- OFIR
-----------------------------------------------
INSERT INTO Types
		(Type,									Kind		)
VALUES	('MINOR_CIV_IPG_OFIR_MINOR_TRAIT',		'KIND_TRAIT');

INSERT INTO	Traits
		(TraitType,								Name,										Description											)
VALUES	('MINOR_CIV_IPG_OFIR_MINOR_TRAIT',		'LOC_MINOR_CIV_IPG_OFIR_MINOR_TRAIT_NAME',	'LOC_MINOR_CIV_IPG_OFIR_MINOR_TRAIT_DESCRIPTION'	);

INSERT INTO	LeaderTraits
		(LeaderType,							TraitType							)
VALUES	('LEADER_MINOR_CIV_IPG_OFIR_MINOR',		'MINOR_CIV_IPG_OFIR_MINOR_TRAIT'	);

INSERT INTO TraitModifiers 
		(TraitType,								ModifierId															)
VALUES	('MINOR_CIV_IPG_OFIR_MINOR_TRAIT',		'MINOR_CIV_IPG_OFIR_MINOR_UNIQUE_INFLUENCE_SCIENCE_HORSES'			),
		('MINOR_CIV_IPG_OFIR_MINOR_TRAIT',		'MINOR_CIV_IPG_OFIR_MINOR_UNIQUE_INFLUENCE_SCIENCE_HORSES_UNIMPROV'	);

INSERT INTO Modifiers
		(ModifierId,															ModifierType,									SubjectRequirementSetId				)
VALUES	('MINOR_CIV_IPG_OFIR_MINOR_UNIQUE_INFLUENCE_SCIENCE_HORSES',			'MODIFIER_ALL_PLAYERS_ATTACH_MODIFIER',			'PLAYER_IS_SUZERAIN'				),
		('MINOR_CIV_IPG_OFIR_MINOR_UNIQUE_INFLUENCE_SCIENCE_HORSES_UNIMPROV',	'MODIFIER_ALL_PLAYERS_ATTACH_MODIFIER',			'PLAYER_IS_SUZERAIN'				),

		('OFIR_ADD_SCIENCE_ON_HORSES',											'MODIFIER_PLAYER_ADJUST_PLOT_YIELD',			'OFIR_HORSES_REQUIREMENTS'			),
		('OFIR_ADD_SCIENCE_ON_UNIMPROVED_HORSES',								'MODIFIER_PLAYER_ADJUST_PLOT_YIELD',			'OFIR_HORSES_UNIMPROV_REQUIREMENTS'	);

INSERT INTO ModifierArguments 
		(ModifierId,															Name,			Value									)
VALUES	('MINOR_CIV_IPG_OFIR_MINOR_UNIQUE_INFLUENCE_SCIENCE_HORSES',			'ModifierId',	'OFIR_ADD_SCIENCE_ON_HORSES'			),
		('MINOR_CIV_IPG_OFIR_MINOR_UNIQUE_INFLUENCE_SCIENCE_HORSES_UNIMPROV',	'ModifierId',	'OFIR_ADD_SCIENCE_ON_UNIMPROVED_HORSES'	),

		('OFIR_ADD_SCIENCE_ON_HORSES',					'YieldType',	'YIELD_SCIENCE'	),
		('OFIR_ADD_SCIENCE_ON_HORSES',					'Amount',		1				),
		('OFIR_ADD_SCIENCE_ON_UNIMPROVED_HORSES',		'YieldType',	'YIELD_SCIENCE'	),
		('OFIR_ADD_SCIENCE_ON_UNIMPROVED_HORSES',		'Amount',		2				);

INSERT INTO RequirementSets
		(RequirementSetId,						RequirementSetType			)
VALUES	('OFIR_HORSES_REQUIREMENTS',			'REQUIREMENTSET_TEST_ALL'	),
		('OFIR_HORSES_UNIMPROV_REQUIREMENTS',	'REQUIREMENTSET_TEST_ALL'	);

INSERT INTO RequirementSetRequirements
		(RequirementSetId,						RequirementId					)
VALUES	('OFIR_HORSES_REQUIREMENTS',			'OFIR_REQUIRES_PLOT_HORSES'		),
		('OFIR_HORSES_UNIMPROV_REQUIREMENTS',	'OFIR_REQUIRES_PLOT_HORSES'		),
		('OFIR_HORSES_UNIMPROV_REQUIREMENTS',	'OFIR_REQUIRES_PLOT_UNIMPROV'	);

INSERT INTO Requirements
		(RequirementId,						RequirementType,							Inverse	)
VALUES	('OFIR_REQUIRES_PLOT_HORSES',		'REQUIREMENT_PLOT_RESOURCE_TYPE_MATCHES',	0		),
		('OFIR_REQUIRES_PLOT_UNIMPROV',		'REQUIREMENT_PLOT_HAS_ANY_IMPROVEMENT',		1		);

INSERT INTO RequirementArguments
		(RequirementId,						Name,				Value				)
VALUES	('OFIR_REQUIRES_PLOT_HORSES',		'ResourceType',		'RESOURCE_HORSES'	);
-----------------------------------------------
-- ZERRIKANIA
-----------------------------------------------
INSERT INTO Types
		(Type,										Kind		)
VALUES	('MINOR_CIV_IPG_ZERRIKANIA_MINOR_TRAIT',	'KIND_TRAIT'),
		('ABILITY_ZERRIKANIA_IMMUNE_TRADER_LAND',	'KIND_ABILITY');

INSERT INTO TypeTags
		(Type,										Tag			)
VALUES	('ABILITY_ZERRIKANIA_IMMUNE_TRADER_LAND',	'CLASS_TRADER');

INSERT INTO	Traits
		(TraitType,									Name,												Description												)
VALUES	('MINOR_CIV_IPG_ZERRIKANIA_MINOR_TRAIT',	'LOC_MINOR_CIV_IPG_ZERRIKANIA_MINOR_TRAIT_NAME',	'LOC_MINOR_CIV_IPG_ZERRIKANIA_MINOR_TRAIT_DESCRIPTION'	);

INSERT INTO UnitAbilities
		(UnitAbilityType,							Name,												Description,											Inactive)
VALUES	('ABILITY_ZERRIKANIA_IMMUNE_TRADER_LAND',	'LOC_ABILITY_ZERRIKANIA_IMMUNE_TRADER_LAND_NAME',	'LOC_ABILITY_ZERRIKANIA_IMMUNE_TRADER_LAND_DESCRIPTION',	1	);

INSERT INTO	LeaderTraits
		(LeaderType,								TraitType								)
VALUES	('LEADER_MINOR_CIV_IPG_ZERRIKANIA_MINOR',	'MINOR_CIV_IPG_ZERRIKANIA_MINOR_TRAIT'	);

INSERT INTO TraitModifiers 
		(TraitType,									ModifierId																	)
VALUES	('MINOR_CIV_IPG_ZERRIKANIA_MINOR_TRAIT',	'MINOR_CIV_IPG_ZERRIKANIA_MINOR_UNIQUE_INFLUENCE_INTERCONTINENTAL_FAITH'	),
		('MINOR_CIV_IPG_ZERRIKANIA_MINOR_TRAIT',	'MINOR_CIV_IPG_ZERRIKANIA_MINOR_UNIQUE_INFLUENCE_INTERCONTINENTAL_GOLD'		),
		('MINOR_CIV_IPG_ZERRIKANIA_MINOR_TRAIT',	'MINOR_CIV_IPG_ZERRIKANIA_MINOR_UNIQUE_INFLUENCE_TRADER_ABILITY_GRANT'		);

INSERT INTO UnitAbilityModifiers
		(UnitAbilityType,							ModifierId										)
VALUES	('ABILITY_ZERRIKANIA_IMMUNE_TRADER_LAND',	'ZERIKANIA_TRADE_ROUTE_PLUNDER_IMMUNITY_LAND'	);

INSERT INTO Modifiers
		(ModifierId,																ModifierType,										SubjectRequirementSetId	)
VALUES	('MINOR_CIV_IPG_ZERRIKANIA_MINOR_UNIQUE_INFLUENCE_INTERCONTINENTAL_FAITH',	'MODIFIER_ALL_PLAYERS_ATTACH_MODIFIER',				'PLAYER_IS_SUZERAIN'	),
		('MINOR_CIV_IPG_ZERRIKANIA_MINOR_UNIQUE_INFLUENCE_INTERCONTINENTAL_GOLD',	'MODIFIER_ALL_PLAYERS_ATTACH_MODIFIER',				'PLAYER_IS_SUZERAIN'	),
		('MINOR_CIV_IPG_ZERRIKANIA_MINOR_UNIQUE_INFLUENCE_TRADER_ABILITY_GRANT',	'MODIFIER_ALL_PLAYERS_ATTACH_MODIFIER',				'PLAYER_IS_SUZERAIN'	),
		('ZERRIKANIA_TRADE_INTERNATIONAL_INTERCONTINENTAL_FAITH',					'MODIFIER_PLAYER_ADJUST_TRADE_ROUTE_YIELD_FOR_INTERNATIONAL',		null	),
		('ZERRIKANIA_TRADE_INTERNATIONAL_INTERCONTINENTAL_GOLD',					'MODIFIER_PLAYER_ADJUST_TRADE_ROUTE_YIELD_FOR_INTERNATIONAL',		null	),
		('ZERRIKANIA_TRADER_ABILITY_GRANT',											'MODIFIER_PLAYER_UNITS_GRANT_ABILITY',					'UNIT_IS_TRADER'	),
		('ZERIKANIA_TRADE_ROUTE_PLUNDER_IMMUNITY_LAND',								'MODIFIER_PLAYER_UNIT_ADJUST_TRADE_ROUTE_PLUNDER_IMMUNITY',			null	);

INSERT INTO ModifierArguments 
		(ModifierId,																Name,				Value			)
VALUES	('MINOR_CIV_IPG_ZERRIKANIA_MINOR_UNIQUE_INFLUENCE_INTERCONTINENTAL_FAITH',	'ModifierId',		'ZERRIKANIA_TRADE_INTERNATIONAL_INTERCONTINENTAL_FAITH'	),
		('MINOR_CIV_IPG_ZERRIKANIA_MINOR_UNIQUE_INFLUENCE_INTERCONTINENTAL_GOLD',	'ModifierId',		'ZERRIKANIA_TRADE_INTERNATIONAL_INTERCONTINENTAL_GOLD'	),
		('MINOR_CIV_IPG_ZERRIKANIA_MINOR_UNIQUE_INFLUENCE_TRADER_ABILITY_GRANT',	'ModifierId',		'ZERRIKANIA_TRADER_ABILITY_GRANT'	),
		('ZERRIKANIA_TRADE_INTERNATIONAL_INTERCONTINENTAL_FAITH',					'Intercontinental',	1				),
		('ZERRIKANIA_TRADE_INTERNATIONAL_INTERCONTINENTAL_FAITH',					'YieldType',		'YIELD_FAITH'	),
		('ZERRIKANIA_TRADE_INTERNATIONAL_INTERCONTINENTAL_FAITH',					'Amount',			3				),
		('ZERRIKANIA_TRADE_INTERNATIONAL_INTERCONTINENTAL_GOLD',					'Intercontinental',	1				),
		('ZERRIKANIA_TRADE_INTERNATIONAL_INTERCONTINENTAL_GOLD',					'YieldType',		'YIELD_GOLD'	),
		('ZERRIKANIA_TRADE_INTERNATIONAL_INTERCONTINENTAL_GOLD',					'Amount',			6				),
		('ZERRIKANIA_TRADER_ABILITY_GRANT',											'AbilityType',		'ABILITY_ZERRIKANIA_IMMUNE_TRADER_LAND'	),
		('ZERIKANIA_TRADE_ROUTE_PLUNDER_IMMUNITY_LAND',								'DomainType',		'DOMAIN_LAND'	);
-----------------------------------------------
-- HAAKLAND
-----------------------------------------------
INSERT INTO Types
		(Type,									Kind		)
VALUES	('MINOR_CIV_IPG_HAAKLAND_MINOR_TRAIT',	'KIND_TRAIT');

INSERT INTO	Traits
		(TraitType,								Name,											Description												)
VALUES	('MINOR_CIV_IPG_HAAKLAND_MINOR_TRAIT',	'LOC_MINOR_CIV_IPG_HAAKLAND_MINOR_TRAIT_NAME',	'LOC_MINOR_CIV_IPG_HAAKLAND_MINOR_TRAIT_DESCRIPTION'	);

INSERT INTO	LeaderTraits
		(LeaderType,								TraitType								)
VALUES	('LEADER_MINOR_CIV_IPG_HAAKLAND_MINOR',		'MINOR_CIV_IPG_HAAKLAND_MINOR_TRAIT'	);

INSERT INTO TraitModifiers 
		(TraitType,								ModifierId																			)
VALUES	('MINOR_CIV_IPG_HAAKLAND_MINOR_TRAIT',	'MINOR_CIV_IPG_HAAKLAND_MINOR_UNIQUE_INFLUENCE_EXTRA_LIGHT_CAVALRY'	);

INSERT INTO Modifiers
		(ModifierId,															ModifierType,								SubjectRequirementSetId	)
VALUES	('MINOR_CIV_IPG_HAAKLAND_MINOR_UNIQUE_INFLUENCE_EXTRA_LIGHT_CAVALRY',	'MODIFIER_ALL_PLAYERS_ATTACH_MODIFIER',		'PLAYER_IS_SUZERAIN'	),
		('HAAKLAND_EXTRA_LIGHT_CAVALRY',							'MODIFIER_PLAYER_UNITS_ADJUST_EXTRA_UNIT_COPY_TAG',		null					);

INSERT INTO ModifierArguments 
		(ModifierId,															Name,			Value					)
VALUES	('MINOR_CIV_IPG_HAAKLAND_MINOR_UNIQUE_INFLUENCE_EXTRA_LIGHT_CAVALRY',	'ModifierId',	'HAAKLAND_EXTRA_LIGHT_CAVALRY'),
		('HAAKLAND_EXTRA_LIGHT_CAVALRY',										'Tag',			'CLASS_LIGHT_CAVALRY'	),
		('HAAKLAND_EXTRA_LIGHT_CAVALRY',										'Amount',		1						);
-----------------------------------------------
-- ZANGVEBAR
-----------------------------------------------
INSERT INTO Types
		(Type,										Kind		)
VALUES	('MINOR_CIV_IPG_ZANGVEBAR_MINOR_TRAIT',		'KIND_TRAIT');

INSERT INTO	Traits
		(TraitType,									Name,												Description												)
VALUES	('MINOR_CIV_IPG_ZANGVEBAR_MINOR_TRAIT',		'LOC_MINOR_CIV_IPG_ZANGVEBAR_MINOR_TRAIT_NAME',		'LOC_MINOR_CIV_IPG_ZANGVEBAR_MINOR_TRAIT_DESCRIPTION'	);

INSERT INTO	LeaderTraits
		(LeaderType,								TraitType								)
VALUES	('LEADER_MINOR_CIV_IPG_ZANGVEBAR_MINOR',	'MINOR_CIV_IPG_ZANGVEBAR_MINOR_TRAIT'	);

INSERT INTO TraitModifiers 
		(TraitType,									ModifierId																)
VALUES	('MINOR_CIV_IPG_ZANGVEBAR_MINOR_TRAIT',		'MINOR_CIV_IPG_ZANGVEBAR_MINOR_UNIQUE_INFLUENCE_CITYSTATE_GOLD_TRADE'	);

INSERT INTO Modifiers
		(ModifierId,																		ModifierType,								SubjectRequirementSetId	)
VALUES	('MINOR_CIV_IPG_ZANGVEBAR_MINOR_UNIQUE_INFLUENCE_CITYSTATE_GOLD_TRADE',				'MODIFIER_ALL_PLAYERS_ATTACH_MODIFIER',		'PLAYER_IS_SUZERAIN'	),
		('ZANGVEBAR_CITYSTATE_GOLD_TRADE_FROM_DISTRICTS',		'MODIFIER_PLAYER_CITIES_ADJUST_CITY_STATE_TRADE_ROUTE_DISTRICT_YIELD',	null					);

INSERT INTO ModifierArguments 
		(ModifierId,																Name,			Value			)
VALUES	('MINOR_CIV_IPG_ZANGVEBAR_MINOR_UNIQUE_INFLUENCE_CITYSTATE_GOLD_TRADE',		'ModifierId',	'ZANGVEBAR_CITYSTATE_GOLD_TRADE_FROM_DISTRICTS'),
		('ZANGVEBAR_CITYSTATE_GOLD_TRADE_FROM_DISTRICTS',							'YieldType',	'YIELD_GOLD'	),
		('ZANGVEBAR_CITYSTATE_GOLD_TRADE_FROM_DISTRICTS',							'Amount',		4				);
-----------------------------------------------
-- LANDS OF THE ORDER
-----------------------------------------------
INSERT INTO Types
		(Type,											Kind		)
VALUES	('MINOR_CIV_IPG_LANDS_ORDER_MINOR_TRAIT',		'KIND_TRAIT');

INSERT INTO	Traits
		(TraitType,									Name,												Description													)
VALUES	('MINOR_CIV_IPG_LANDS_ORDER_MINOR_TRAIT',	'LOC_MINOR_CIV_IPG_LANDS_ORDER_MINOR_TRAIT_NAME',	'LOC_MINOR_CIV_IPG_LANDS_ORDER_MINOR_TRAIT_DESCRIPTION'		);

INSERT INTO	LeaderTraits
		(LeaderType,								TraitType								)
VALUES	('LEADER_MINOR_CIV_IPG_LANDS_ORDER_MINOR',	'MINOR_CIV_IPG_LANDS_ORDER_MINOR_TRAIT'	);

INSERT INTO TraitModifiers 
		(TraitType,									ModifierId																)
VALUES	('MINOR_CIV_IPG_LANDS_ORDER_MINOR_TRAIT',	'MINOR_CIV_IPG_LANDS_ORDER_MINOR_UNIQUE_INFLUENCE_FLAMING_ROSE_BONUS'	);

INSERT INTO Modifiers
		(ModifierId,																ModifierType,									SubjectRequirementSetId	)
VALUES	('MINOR_CIV_IPG_LANDS_ORDER_MINOR_UNIQUE_INFLUENCE_FLAMING_ROSE_BONUS',		'MODIFIER_ALL_PLAYERS_ATTACH_MODIFIER',			'PLAYER_IS_SUZERAIN'	),
		('MODIFIER_LANDS_ORDER_ALLOW_FLAMING_ROSE',									'MODIFIER_PLAYER_ADJUST_VALID_UNIT_BUILD',		null					);

INSERT INTO ModifierArguments 
		(ModifierId,																Name,			Value										)
VALUES	('MINOR_CIV_IPG_LANDS_ORDER_MINOR_UNIQUE_INFLUENCE_FLAMING_ROSE_BONUS',		'ModifierId',	'MODIFIER_LANDS_ORDER_ALLOW_FLAMING_ROSE'	),
		('MODIFIER_LANDS_ORDER_ALLOW_FLAMING_ROSE',									'UnitType',		'UNIT_FLAMING_ROSE_KNIGHT'					);
-----------------------------------------------
-- SASKIA FREE
-----------------------------------------------
INSERT INTO Types
		(Type,										Kind		)
VALUES	('MINOR_CIV_IPG_SASKIA_FREE_MINOR_TRAIT',	'KIND_TRAIT');

INSERT INTO	Traits
		(TraitType,									Name,												Description													)
VALUES	('MINOR_CIV_IPG_SASKIA_FREE_MINOR_TRAIT',	'LOC_MINOR_CIV_IPG_SASKIA_FREE_MINOR_TRAIT_NAME',	'LOC_MINOR_CIV_IPG_SASKIA_FREE_MINOR_TRAIT_DESCRIPTION'		);

INSERT INTO	LeaderTraits
		(LeaderType,								TraitType								)
VALUES	('LEADER_MINOR_CIV_IPG_SASKIA_FREE_MINOR',	'MINOR_CIV_IPG_SASKIA_FREE_MINOR_TRAIT'	);

INSERT INTO TraitModifiers 
		(TraitType,									ModifierId																	)
VALUES	('MINOR_CIV_IPG_SASKIA_FREE_MINOR_TRAIT',	'MINOR_CIV_IPG_SASKIA_FREE_MINOR_UNIQUE_INFLUENCE_AMENITIES_MIN_FOLLOWERS'	);

INSERT INTO Modifiers
		(ModifierId,																	ModifierType,										SubjectRequirementSetId	)
VALUES	('MINOR_CIV_IPG_SASKIA_FREE_MINOR_UNIQUE_INFLUENCE_AMENITIES_MIN_FOLLOWERS',	'MODIFIER_ALL_PLAYERS_ATTACH_MODIFIER',				'PLAYER_IS_SUZERAIN'	),
		('MODIFIER_SASKIA_FREE_AMENITIES_FOR_MIN_FOLLOWERS',	'MODIFIER_PLAYER_CITIES_ADJUST_RELIGION_AMENITIES_FOR_MINIMUM_FOLLOWERS',	null					);

INSERT INTO ModifierArguments 
		(ModifierId,																	Name,			Value	)
VALUES	('MINOR_CIV_IPG_SASKIA_FREE_MINOR_UNIQUE_INFLUENCE_AMENITIES_MIN_FOLLOWERS',	'ModifierId',	'MODIFIER_SASKIA_FREE_AMENITIES_FOR_MIN_FOLLOWERS'	),
		('MODIFIER_SASKIA_FREE_AMENITIES_FOR_MIN_FOLLOWERS',							'Amenities',	1		),
		('MODIFIER_SASKIA_FREE_AMENITIES_FOR_MIN_FOLLOWERS',							'Followers',	1		);