--==========================================================================================================================
-- Authors: Amatheria, Zegangani
-- Resourceful Resources
--==========================================================================================================================
----------------------------------------------------------------------------------------------------------------------------
-- Types
----------------------------------------------------------------------------------------------------------------------------
INSERT OR IGNORE INTO Types
		(Type,				Kind) 
VALUES	('RESOURCE_RUBY', 'KIND_RESOURCE'),
		('RESOURCE_GRANITE', 'KIND_RESOURCE'),
		('RESOURCE_LEAD', 'KIND_RESOURCE'),
		('RESOURCE_PLATINUM', 'KIND_RESOURCE'),
		('RESOURCE_LAPIS', 'KIND_RESOURCE'),
		('RESOURCE_QUARTZ', 'KIND_RESOURCE'),
		('RESOURCE_OAK', 'KIND_RESOURCE'),
		('RESOURCE_SANDALWOOD', 'KIND_RESOURCE'),
		('RESOURCE_MAPLE', 'KIND_RESOURCE'),
		('RESOURCE_LIMESTONE', 'KIND_RESOURCE'),
		('RESOURCE_ALOE', 'KIND_RESOURCE'),
		('RESOURCE_BERRIES', 'KIND_RESOURCE'),
		('RESOURCE_POPPIES', 'KIND_RESOURCE'),
		('RESOURCE_SALMON', 'KIND_RESOURCE'),
		('RESOURCE_CAVIAR', 'KIND_RESOURCE'),
		('RESOURCE_ALGAE', 'KIND_RESOURCE'),
		('RESOURCE_CORAL', 'KIND_RESOURCE'),
		('RESOURCE_SEASHELLS', 'KIND_RESOURCE'),
		('RESOURCE_BAMBOO', 'KIND_RESOURCE'),
		('RESOURCE_EBONY', 'KIND_RESOURCE'),
		('RESOURCE_SAKURA', 'KIND_RESOURCE'),
		('RESOURCE_CASHMERE', 'KIND_RESOURCE'),
		('RESOURCE_ALABASTER', 'KIND_RESOURCE'),
		('RESOURCE_TRAVERTINE', 'KIND_RESOURCE'),
		('RESOURCE_OXEN', 'KIND_RESOURCE'),
		('RESOURCE_TIN', 'KIND_RESOURCE'),
		('RESOURCE_HAM', 'KIND_RESOURCE'),
		('RESOURCE_PINE', 'KIND_RESOURCE'),
		('RESOURCE_RUBBER', 'KIND_RESOURCE'),
		('RESOURCE_GOLD2', 'KIND_RESOURCE'),
		('RESOURCE_COD', 'KIND_RESOURCE'),
		('RESOURCE_MACKEREL', 'KIND_RESOURCE'),
		('RESOURCE_SPONGE', 'KIND_RESOURCE'),
		('RESOURCE_SEA_URCHIN', 'KIND_RESOURCE'),
		('RESOURCE_MUSSELS', 'KIND_RESOURCE'),
		('RESOURCE_ORCA', 'KIND_RESOURCE'),
		('RESOURCE_WOLF', 'KIND_RESOURCE'),
		('RESOURCE_TIGER', 'KIND_RESOURCE'),
		('RESOURCE_LION', 'KIND_RESOURCE'),
		('RESOURCE_MUSHROOMS', 'KIND_RESOURCE'),
		('RESOURCE_MEDIHERBS', 'KIND_RESOURCE'),
		('RESOURCE_TOXINS', 'KIND_RESOURCE'),
		('RESOURCE_DATES', 'KIND_RESOURCE'),
		('RESOURCE_SAFFRON', 'KIND_RESOURCE'),
		('RESOURCE_TOMATO', 'KIND_RESOURCE'),
		('RESOURCE_BARLEY', 'KIND_RESOURCE'),
		('RESOURCE_POTATO', 'KIND_RESOURCE'),
		('RESOURCE_SORGHUM', 'KIND_RESOURCE'),
		('RESOURCE_STRAWBERRY', 'KIND_RESOURCE');

----------------------------------------------------------------------------------------------------------------------------
-- TypeTags
----------------------------------------------------------------------------------------------------------------------------
INSERT OR IGNORE INTO TypeTags
		(Type,		Tag) 
VALUES	('RESOURCE_RUBY', 'CLASS_GOLD'),
		('RESOURCE_RUBY', 'CLASS_PRODUCTION'),
		
		('RESOURCE_GRANITE', 'CLASS_PRODUCTION'),
		
		('RESOURCE_LEAD', 'CLASS_PRODUCTION'),
		('RESOURCE_LEAD', 'CLASS_SCIENCE'),
		
		('RESOURCE_PLATINUM', 'CLASS_GOLD'),
		('RESOURCE_PLATINUM', 'CLASS_PRODUCTION'),
		('RESOURCE_PLATINUM', 'CLASS_SCIENCE'),
		
		('RESOURCE_LAPIS', 'CLASS_CULTURE'),
		('RESOURCE_LAPIS', 'CLASS_GOLD'),
		
		('RESOURCE_QUARTZ', 'CLASS_GOLD'),
		('RESOURCE_QUARTZ', 'CLASS_PRODUCTION'),
		('RESOURCE_QUARTZ', 'CLASS_SCIENCE'),
		
		('RESOURCE_OAK', 'CLASS_PRODUCTION'),
		
		('RESOURCE_SANDALWOOD', 'CLASS_CULTURE'),
		('RESOURCE_SANDALWOOD', 'CLASS_GOLD'),
		
		('RESOURCE_MAPLE', 'CLASS_FOOD'),
		('RESOURCE_MAPLE', 'CLASS_GOLD'),
		
		('RESOURCE_LIMESTONE', 'CLASS_CULTURE'),
		('RESOURCE_LIMESTONE', 'CLASS_PRODUCTION'),
		
		('RESOURCE_ALOE', 'CLASS_FOOD'),
		('RESOURCE_ALOE', 'CLASS_ORAL_TRADITION'),
		('RESOURCE_ALOE', 'CLASS_SCIENCE'),
		
		('RESOURCE_BERRIES', 'CLASS_FOOD'),
		('RESOURCE_BERRIES', 'CLASS_ORAL_TRADITION'),
		
		('RESOURCE_POPPIES', 'CLASS_CULTURE'),
		('RESOURCE_POPPIES', 'CLASS_GODDESS_OF_FESTIVALS'),
		('RESOURCE_POPPIES', 'CLASS_GOLD'),
		
		('RESOURCE_CAVIAR', 'CLASS_GOLD'),
		('RESOURCE_CAVIAR', 'CLASS_SEA'),
		
		('RESOURCE_SALMON', 'CLASS_FOOD'),
		('RESOURCE_SALMON', 'CLASS_GOLD'),
		('RESOURCE_SALMON', 'CLASS_SEA'),
		
		('RESOURCE_ALGAE', 'CLASS_FOOD'),
		('RESOURCE_ALGAE', 'CLASS_SCIENCE'),
		('RESOURCE_ALGAE', 'CLASS_SEA'),
		
		('RESOURCE_CORAL', 'CLASS_CULTURE'),
		('RESOURCE_CORAL', 'CLASS_GOLD'),
		('RESOURCE_CORAL', 'CLASS_SEA'),
		
		('RESOURCE_SEASHELLS', 'CLASS_GOLD'),
		('RESOURCE_SEASHELLS', 'CLASS_SEA'),
		
		('RESOURCE_BAMBOO', 'CLASS_FOOD'),
		('RESOURCE_BAMBOO', 'CLASS_PRODUCTION'),
		
		('RESOURCE_EBONY', 'CLASS_GOLD'),
		('RESOURCE_EBONY', 'CLASS_ORAL_TRADITION'),
		
		('RESOURCE_SAKURA', 'CLASS_CULTURE'),
		('RESOURCE_SAKURA', 'CLASS_GOLD'),
		
		('RESOURCE_CASHMERE', 'CLASS_GOLD'),
		
		('RESOURCE_PINE', 'CLASS_GOLD'),
		
		('RESOURCE_TIN', 'CLASS_GOLD'),
		('RESOURCE_TIN', 'CLASS_PRODUCTION'),
		
		('RESOURCE_RUBBER', 'CLASS_PRODUCTION'),
		
		('RESOURCE_TRAVERTINE', 'CLASS_CULTURE'),
		('RESOURCE_TRAVERTINE', 'CLASS_GOLD'),
		
		('RESOURCE_ALABASTER', 'CLASS_CULTURE'),
		('RESOURCE_ALABASTER', 'CLASS_GOLD'),
		
		('RESOURCE_OXEN', 'CLASS_PRODUCTION'),
		
		('RESOURCE_HAM', 'CLASS_FOOD'),
		
		('RESOURCE_GOLD2', 'CLASS_GOLD'),
		
		('RESOURCE_COD', 'CLASS_FOOD'),
		('RESOURCE_COD', 'CLASS_SCIENCE'),
		('RESOURCE_COD', 'CLASS_SEA'),
		
		('RESOURCE_MACKEREL', 'CLASS_CULTURE'),
		('RESOURCE_MACKEREL', 'CLASS_FOOD'),
		('RESOURCE_MACKEREL', 'CLASS_SEA'),
		
		('RESOURCE_SPONGE', 'CLASS_CULTURE'),
		('RESOURCE_SPONGE', 'CLASS_SCIENCE'),
		('RESOURCE_SPONGE', 'CLASS_SEA'),
		
		('RESOURCE_SEA_URCHIN', 'CLASS_GOLD'),
		('RESOURCE_SEA_URCHIN', 'CLASS_SCIENCE'),
		('RESOURCE_SEA_URCHIN', 'CLASS_SEA'),
		
		('RESOURCE_MUSSELS', 'CLASS_FOOD'),
		('RESOURCE_MUSSELS', 'CLASS_PRODUCTION'),
		('RESOURCE_MUSSELS', 'CLASS_SEA'),
		
		('RESOURCE_ORCA', 'CLASS_ORAL_TRADITION'),
		('RESOURCE_ORCA', 'CLASS_PRODUCTION'),
		('RESOURCE_ORCA', 'CLASS_SEA'),
		
		('RESOURCE_WOLF', 'CLASS_CULTURE'),
		('RESOURCE_WOLF', 'CLASS_PRODUCTION'),
		
		('RESOURCE_TIGER', 'CLASS_CULTURE'),
		('RESOURCE_TIGER', 'CLASS_ORAL_TRADITION'),
		
		('RESOURCE_LION', 'CLASS_GOLD'),
		
		('RESOURCE_MUSHROOMS', 'CLASS_FOOD'),
		
		('RESOURCE_MEDIHERBS', 'CLASS_SCIENCE'),
		
		('RESOURCE_TOXINS', 'CLASS_GOLD'),
		('RESOURCE_TOXINS', 'CLASS_SCIENCE'),
		
		('RESOURCE_DATES', 'CLASS_FOOD'),
		('RESOURCE_DATES', 'CLASS_GODDESS_OF_FESTIVALS'),
		
		('RESOURCE_SAFFRON', 'CLASS_CULTURE'),
		('RESOURCE_SAFFRON', 'CLASS_GOLD'),
		('RESOURCE_SAFFRON', 'CLASS_ORAL_TRADITION'),
		
		('RESOURCE_TOMATO', 'CLASS_FOOD'),
		('RESOURCE_TOMATO', 'CLASS_GODDESS_OF_FESTIVALS'),
		
		('RESOURCE_BARLEY', 'CLASS_FOOD'),
		('RESOURCE_BARLEY', 'CLASS_GOLD'),
		
		('RESOURCE_POTATO', 'CLASS_FOOD'),
		
		('RESOURCE_SORGHUM', 'CLASS_FOOD'),
		
		('RESOURCE_STRAWBERRY', 'CLASS_FOOD'),
		('RESOURCE_STRAWBERRY', 'CLASS_GOLD');

----------------------------------------------------------------------------------------------------------------------------
-- Resources
----------------------------------------------------------------------------------------------------------------------------
INSERT OR IGNORE INTO Resources 
		(ResourceType,				Name,								ResourceClassType,			Happiness,	Frequency,	SeaFrequency,	LakeEligible) 
VALUES	('RESOURCE_GRANITE',		'LOC_RESOURCE_GRANITE_NAME',		'RESOURCECLASS_BONUS',		0,			4,			0,				0),
		('RESOURCE_LAPIS',			'LOC_RESOURCE_LAPIS_NAME',			'RESOURCECLASS_LUXURY',		4,			3,			0,				0),
		('RESOURCE_LEAD',			'LOC_RESOURCE_LEAD_NAME',			'RESOURCECLASS_BONUS',		0,			3,			0,				0),
		('RESOURCE_PLATINUM',		'LOC_RESOURCE_PLATINUM_NAME',		'RESOURCECLASS_LUXURY',		4,			2,			0,				0),
		('RESOURCE_QUARTZ',			'LOC_RESOURCE_QUARTZ_NAME',			'RESOURCECLASS_BONUS',		0,			3,			0,				0),
		('RESOURCE_RUBY',			'LOC_RESOURCE_RUBY_NAME',			'RESOURCECLASS_LUXURY',		6,			2,			0,				0),
		('RESOURCE_SANDALWOOD',		'LOC_RESOURCE_SANDALWOOD_NAME',		'RESOURCECLASS_LUXURY',		4,			8,			0,				0),
		('RESOURCE_OAK',			'LOC_RESOURCE_OAK_NAME',			'RESOURCECLASS_BONUS',		0,			5,			0,				0),
		('RESOURCE_MAPLE',			'LOC_RESOURCE_MAPLE_NAME',			'RESOURCECLASS_LUXURY',		4,			4,			0,				0),
		('RESOURCE_LIMESTONE',		'LOC_RESOURCE_LIMESTONE_NAME',		'RESOURCECLASS_BONUS',		0,			4,			0,				0),
		('RESOURCE_ALOE',			'LOC_RESOURCE_ALOE_NAME',			'RESOURCECLASS_BONUS',		0,			4,			0,				0),
		('RESOURCE_BERRIES',		'LOC_RESOURCE_BERRIES_NAME',		'RESOURCECLASS_BONUS',		0,			4,			0,				0),
		('RESOURCE_POPPIES',		'LOC_RESOURCE_POPPIES_NAME',		'RESOURCECLASS_LUXURY',		4,			4,			0,				0),
		('RESOURCE_CAVIAR',			'LOC_RESOURCE_CAVIAR_NAME',			'RESOURCECLASS_LUXURY',		4,			0,			1,				1),
		('RESOURCE_SALMON',			'LOC_RESOURCE_SALMON_NAME',			'RESOURCECLASS_BONUS',		0,			0,			4,				1),
		('RESOURCE_ALGAE',			'LOC_RESOURCE_ALGAE_NAME',			'RESOURCECLASS_BONUS',		0,			0,			4,				0),
		('RESOURCE_CORAL',			'LOC_RESOURCE_CORAL_NAME',			'RESOURCECLASS_LUXURY',		4,			0,			1,				0),
		('RESOURCE_SEASHELLS',		'LOC_RESOURCE_SEASHELLS_NAME',		'RESOURCECLASS_BONUS',		0,			0,			4,				0),
		('RESOURCE_BAMBOO',			'LOC_RESOURCE_BAMBOO_NAME',			'RESOURCECLASS_LUXURY',		4,			4,			0,				0),
		('RESOURCE_EBONY',			'LOC_RESOURCE_EBONY_NAME',			'RESOURCECLASS_LUXURY',		4,			4,			0,				0),
		('RESOURCE_SAKURA',			'LOC_RESOURCE_SAKURA_NAME',			'RESOURCECLASS_LUXURY',		4,			4,			0,				0),
		('RESOURCE_CASHMERE',		'LOC_RESOURCE_CASHMERE_NAME',		'RESOURCECLASS_LUXURY',		4,			4,			0,				0),
		('RESOURCE_PINE',			'LOC_RESOURCE_PINE_NAME',			'RESOURCECLASS_BONUS',		0,			4,			0,				0),
		('RESOURCE_TIN',			'LOC_RESOURCE_TIN_NAME',			'RESOURCECLASS_BONUS',		0,			4,			0,				0),
		('RESOURCE_RUBBER',			'LOC_RESOURCE_RUBBER_NAME',			'RESOURCECLASS_BONUS',		0,			4,			0,				0),
		('RESOURCE_OXEN',			'LOC_RESOURCE_OXEN_NAME',			'RESOURCECLASS_BONUS',		0,			4,			0,				0),
		('RESOURCE_HAM',			'LOC_RESOURCE_HAM_NAME',			'RESOURCECLASS_BONUS',		0,			4,			0,				0),
		('RESOURCE_TRAVERTINE',		'LOC_RESOURCE_TRAVERTINE_NAME',		'RESOURCECLASS_LUXURY',		4,			4,			0,				0),
		('RESOURCE_ALABASTER',		'LOC_RESOURCE_ALABASTER_NAME',		'RESOURCECLASS_LUXURY',		4,			4,			0,				0),
		('RESOURCE_GOLD2',			'LOC_RESOURCE_GOLD2_NAME',			'RESOURCECLASS_LUXURY',		4,			4,			0,				0),
		('RESOURCE_COD',			'LOC_RESOURCE_COD_NAME',			'RESOURCECLASS_BONUS',		0,			0,			4,				0),
		('RESOURCE_MACKEREL',		'LOC_RESOURCE_MACKEREL_NAME',		'RESOURCECLASS_BONUS',		0,			0,			4,				0),
		('RESOURCE_MUSSELS',		'LOC_RESOURCE_MUSSELS_NAME',		'RESOURCECLASS_BONUS',		0,			0,			4,				0),
		('RESOURCE_SPONGE',			'LOC_RESOURCE_SPONGE_NAME',			'RESOURCECLASS_LUXURY',		4,			0,			1,				0),
		('RESOURCE_SEA_URCHIN',		'LOC_RESOURCE_SEA_URCHIN_NAME',		'RESOURCECLASS_LUXURY',		4,			0,			1,				0),
		('RESOURCE_ORCA',			'LOC_RESOURCE_ORCA_NAME',			'RESOURCECLASS_LUXURY',		4,			0,			1,				0),
		('RESOURCE_WOLF',			'LOC_RESOURCE_WOLF_NAME',			'RESOURCECLASS_LUXURY',		4,			3,			0,				0),
		('RESOURCE_TIGER',			'LOC_RESOURCE_TIGER_NAME',			'RESOURCECLASS_LUXURY',		4,			3,			0,				0),
		('RESOURCE_LION',			'LOC_RESOURCE_LION_NAME',			'RESOURCECLASS_LUXURY',		4,			3,			0,				0),
		('RESOURCE_MUSHROOMS',		'LOC_RESOURCE_MUSHROOMS_NAME',		'RESOURCECLASS_BONUS',		0,			4,			0,				0),
		('RESOURCE_MEDIHERBS',		'LOC_RESOURCE_MEDIHERBS_NAME',		'RESOURCECLASS_BONUS',		0,			4,			0,				0),
		('RESOURCE_TOXINS',			'LOC_RESOURCE_TOXINS_NAME',			'RESOURCECLASS_LUXURY',		4,			4,			0,				0),
		('RESOURCE_DATES',			'LOC_RESOURCE_DATES_NAME',			'RESOURCECLASS_BONUS',		0,			4,			0,				0),
		('RESOURCE_SAFFRON',		'LOC_RESOURCE_SAFFRON_NAME',		'RESOURCECLASS_LUXURY',		4,			4,			0,				0),
		('RESOURCE_TOMATO',			'LOC_RESOURCE_TOMATO_NAME',			'RESOURCECLASS_BONUS',		0,			4,			0,				0),
		('RESOURCE_BARLEY',			'LOC_RESOURCE_BARLEY_NAME',			'RESOURCECLASS_BONUS',		0,			4,			0,				0),
		('RESOURCE_POTATO',			'LOC_RESOURCE_POTATO_NAME',			'RESOURCECLASS_BONUS',		0,			4,			0,				0),
		('RESOURCE_SORGHUM',		'LOC_RESOURCE_SORGHUM_NAME',		'RESOURCECLASS_BONUS',		0,			4,			0,				0),
		('RESOURCE_STRAWBERRY',		'LOC_RESOURCE_STRAWBERRY_NAME',		'RESOURCECLASS_LUXURY',		4,			4,			0,				0);

----------------------------------------------------------------------------------------------------------------------------
-- Resource_ValidTerrains
----------------------------------------------------------------------------------------------------------------------------
INSERT OR IGNORE INTO Resource_ValidTerrains
		(ResourceType,		TerrainType) 
VALUES	('RESOURCE_RUBY', 'TERRAIN_DESERT_HILLS'),
		('RESOURCE_RUBY', 'TERRAIN_GRASS_HILLS'),
		('RESOURCE_RUBY', 'TERRAIN_PLAINS_HILLS'),
		
		('RESOURCE_GRANITE', 'TERRAIN_GRASS_HILLS'),
		('RESOURCE_GRANITE', 'TERRAIN_PLAINS_HILLS'),
		('RESOURCE_GRANITE', 'TERRAIN_TUNDRA_HILLS'),
		('RESOURCE_GRANITE', 'TERRAIN_SNOW_HILLS'),
		
		('RESOURCE_LEAD', 'TERRAIN_GRASS'),
		('RESOURCE_LEAD', 'TERRAIN_GRASS_HILLS'),
		('RESOURCE_LEAD', 'TERRAIN_PLAINS'),
		('RESOURCE_LEAD', 'TERRAIN_PLAINS_HILLS'),
		('RESOURCE_LEAD', 'TERRAIN_TUNDRA'),
		('RESOURCE_LEAD', 'TERRAIN_TUNDRA_HILLS'),
		
		('RESOURCE_PLATINUM', 'TERRAIN_DESERT'),
		('RESOURCE_PLATINUM', 'TERRAIN_DESERT_HILLS'),
		('RESOURCE_PLATINUM', 'TERRAIN_PLAINS_HILLS'),
		('RESOURCE_PLATINUM', 'TERRAIN_TUNDRA'),
		('RESOURCE_PLATINUM', 'TERRAIN_TUNDRA_HILLS'),
		('RESOURCE_PLATINUM', 'TERRAIN_SNOW'),
		('RESOURCE_PLATINUM', 'TERRAIN_SNOW_HILLS'),
		
		('RESOURCE_LAPIS', 'TERRAIN_DESERT'),
		('RESOURCE_LAPIS', 'TERRAIN_DESERT_HILLS'),
		('RESOURCE_LAPIS', 'TERRAIN_GRASS'),
		('RESOURCE_LAPIS', 'TERRAIN_GRASS_HILLS'),
		('RESOURCE_LAPIS', 'TERRAIN_PLAINS'),
		('RESOURCE_LAPIS', 'TERRAIN_PLAINS_HILLS'),
		
		('RESOURCE_QUARTZ', 'TERRAIN_DESERT'),
		('RESOURCE_QUARTZ', 'TERRAIN_DESERT_HILLS'),
		('RESOURCE_QUARTZ', 'TERRAIN_PLAINS'),
		('RESOURCE_QUARTZ', 'TERRAIN_PLAINS_HILLS'),
		
		('RESOURCE_LIMESTONE', 'TERRAIN_DESERT_HILLS'),
		
		('RESOURCE_ALOE', 'TERRAIN_DESERT'),
		
		('RESOURCE_BERRIES', 'TERRAIN_TUNDRA'),
		('RESOURCE_BERRIES', 'TERRAIN_TUNDRA_HILLS'),
		
		('RESOURCE_POPPIES', 'TERRAIN_GRASS'),
		('RESOURCE_POPPIES', 'TERRAIN_PLAINS'),
		
		('RESOURCE_SALMON', 'TERRAIN_COAST'),
		
		('RESOURCE_CAVIAR', 'TERRAIN_COAST'),
		
		('RESOURCE_ALGAE', 'TERRAIN_COAST'),
		
		('RESOURCE_CORAL', 'TERRAIN_COAST'),
		
		('RESOURCE_SEASHELLS', 'TERRAIN_COAST'),
		
		('RESOURCE_CASHMERE', 'TERRAIN_TUNDRA'),
		('RESOURCE_CASHMERE', 'TERRAIN_TUNDRA_HILLS'),
		
		('RESOURCE_ALABASTER', 'TERRAIN_TUNDRA_HILLS'),
		
		('RESOURCE_TRAVERTINE', 'TERRAIN_GRASS_HILLS'),
		
		('RESOURCE_OXEN', 'TERRAIN_GRASS'),
		
		('RESOURCE_TIN', 'TERRAIN_PLAINS_HILLS'),
		
		('RESOURCE_HAM', 'TERRAIN_GRASS'),
		('RESOURCE_HAM', 'TERRAIN_PLAINS'),
		
		('RESOURCE_GOLD2', 'TERRAIN_DESERT_HILLS'),
		
		('RESOURCE_COD', 'TERRAIN_COAST'),
		
		('RESOURCE_MACKEREL', 'TERRAIN_COAST'),
		
		('RESOURCE_SPONGE', 'TERRAIN_COAST'),
		
		('RESOURCE_SEA_URCHIN', 'TERRAIN_COAST'),
		
		('RESOURCE_MUSSELS', 'TERRAIN_COAST'),
		
		('RESOURCE_ORCA', 'TERRAIN_COAST'),
		
		('RESOURCE_WOLF', 'TERRAIN_TUNDRA'),
		
		('RESOURCE_TIGER', 'TERRAIN_DESERT'),
		
		('RESOURCE_LION', 'TERRAIN_DESERT'),
		('RESOURCE_LION', 'TERRAIN_PLAINS'),
		
		('RESOURCE_MUSHROOMS', 'TERRAIN_TUNDRA'),
		('RESOURCE_MUSHROOMS', 'TERRAIN_TUNDRA_HILLS'),
		
		('RESOURCE_TOMATO', 'TERRAIN_GRASS'),
		('RESOURCE_TOMATO', 'TERRAIN_PLAINS'),
		
		('RESOURCE_BARLEY', 'TERRAIN_PLAINS'),
		('RESOURCE_BARLEY', 'TERRAIN_TUNDRA'),
		
		('RESOURCE_POTATO', 'TERRAIN_PLAINS'),
		
		('RESOURCE_SORGHUM', 'TERRAIN_DESERT'),
		
		('RESOURCE_STRAWBERRY', 'TERRAIN_GRASS');

----------------------------------------------------------------------------------------------------------------------------
-- Resource_ValidFeatures
----------------------------------------------------------------------------------------------------------------------------
INSERT OR IGNORE INTO Resource_ValidFeatures
		(ResourceType,			FeatureType) 
VALUES	('RESOURCE_RUBY',		'FEATURE_JUNGLE'),
		('RESOURCE_LAPIS',		'FEATURE_JUNGLE'),
		('RESOURCE_OAK',		'FEATURE_FOREST'),
		('RESOURCE_SANDALWOOD',	'FEATURE_JUNGLE'),
		('RESOURCE_MAPLE',		'FEATURE_FOREST'),
		('RESOURCE_BAMBOO',		'FEATURE_FOREST'),
		('RESOURCE_EBONY',		'FEATURE_JUNGLE'),
		('RESOURCE_SAKURA',		'FEATURE_FOREST'),
		('RESOURCE_PINE',		'FEATURE_FOREST'),
		('RESOURCE_RUBBER',		'FEATURE_JUNGLE'),
		('RESOURCE_WOLF',		'FEATURE_FOREST'),
		('RESOURCE_TIGER',		'FEATURE_JUNGLE'),
		('RESOURCE_LION',		'FEATURE_FLOODPLAINS'),
		('RESOURCE_MUSHROOMS',	'FEATURE_FOREST'),
		('RESOURCE_MEDIHERBS',	'FEATURE_FOREST'),
		('RESOURCE_TOXINS',		'FEATURE_JUNGLE'),
		('RESOURCE_DATES',		'FEATURE_FLOODPLAINS'),
		('RESOURCE_SAFFRON',	'FEATURE_FLOODPLAINS'),
		('RESOURCE_SORGHUM',	'FEATURE_FLOODPLAINS');

----------------------------------------------------------------------------------------------------------------------------
-- Resource_YieldChanges
----------------------------------------------------------------------------------------------------------------------------
INSERT OR IGNORE INTO Resource_YieldChanges
		(ResourceType,			YieldType,				YieldChange) 
VALUES	('RESOURCE_RUBY',		'YIELD_GOLD',			3),
		
		('RESOURCE_GRANITE',	'YIELD_PRODUCTION',		2),
		
		('RESOURCE_LEAD',		'YIELD_PRODUCTION',		2),
		
		('RESOURCE_PLATINUM',	'YIELD_GOLD',			2),
		('RESOURCE_PLATINUM',	'YIELD_SCIENCE',		1),
		
		('RESOURCE_LAPIS',		'YIELD_CULTURE',		1),
		('RESOURCE_LAPIS',		'YIELD_FAITH',			1),
		('RESOURCE_LAPIS',		'YIELD_GOLD',			1),
		
		('RESOURCE_QUARTZ',		'YIELD_GOLD',			1),
		('RESOURCE_QUARTZ',		'YIELD_SCIENCE',		1),
		
		('RESOURCE_OAK',		'YIELD_PRODUCTION',		1),
		
		('RESOURCE_SANDALWOOD',	'YIELD_CULTURE',		1),
		('RESOURCE_SANDALWOOD',	'YIELD_FAITH',			1),
		('RESOURCE_SANDALWOOD',	'YIELD_GOLD',			1),
		
		('RESOURCE_MAPLE',		'YIELD_FOOD',			1),
		('RESOURCE_MAPLE',		'YIELD_GOLD',			1),
		
		('RESOURCE_LIMESTONE',	'YIELD_CULTURE',		1),
		('RESOURCE_LIMESTONE',	'YIELD_PRODUCTION',		1),
		
		('RESOURCE_ALOE',		'YIELD_FOOD',			1),
		('RESOURCE_ALOE',		'YIELD_SCIENCE',		1),
		
		('RESOURCE_BERRIES',	'YIELD_FOOD',			2),
		
		('RESOURCE_POPPIES',	'YIELD_CULTURE',		1),
		('RESOURCE_POPPIES',	'YIELD_GOLD',			2),
		
		('RESOURCE_SALMON',		'YIELD_GOLD',			1),
		('RESOURCE_SALMON',		'YIELD_PRODUCTION',		1),
		
		('RESOURCE_CAVIAR',		'YIELD_GOLD',			3),
		
		('RESOURCE_ALGAE',		'YIELD_SCIENCE',		2),
		
		('RESOURCE_CORAL',		'YIELD_CULTURE',		1),
		('RESOURCE_CORAL',		'YIELD_GOLD',			1),
		
		('RESOURCE_SEASHELLS',	'YIELD_CULTURE',		1),
		('RESOURCE_SEASHELLS',	'YIELD_FAITH',			1),
		
		('RESOURCE_BAMBOO',		'YIELD_FOOD',			1),
		('RESOURCE_BAMBOO',		'YIELD_PRODUCTION',		2),
		
		('RESOURCE_EBONY',		'YIELD_FAITH',			1),
		('RESOURCE_EBONY',		'YIELD_GOLD',			2),
		
		('RESOURCE_SAKURA',		'YIELD_CULTURE',		2),
		('RESOURCE_SAKURA',		'YIELD_GOLD',			1),
		
		('RESOURCE_CASHMERE',	'YIELD_GOLD',			3),
		
		('RESOURCE_ALABASTER',	'YIELD_CULTURE',		2),
		('RESOURCE_ALABASTER',	'YIELD_GOLD',			1),
		
		('RESOURCE_TRAVERTINE',	'YIELD_CULTURE',		1),
		('RESOURCE_TRAVERTINE',	'YIELD_GOLD',			2),
		
		('RESOURCE_OXEN',		'YIELD_PRODUCTION',		1),
		
		('RESOURCE_TIN',		'YIELD_PRODUCTION',		1),
		
		('RESOURCE_HAM',		'YIELD_FOOD',			2),
		
		('RESOURCE_PINE',		'YIELD_GOLD',			1),
		
		('RESOURCE_RUBBER',		'YIELD_PRODUCTION',		2),
		
		('RESOURCE_GOLD2',		'YIELD_GOLD',			3),
		
		('RESOURCE_COD',		'YIELD_FOOD',			1),
		('RESOURCE_COD',		'YIELD_SCIENCE',		1),
		
		('RESOURCE_MACKEREL',	'YIELD_CULTURE',		1),
		('RESOURCE_MACKEREL',	'YIELD_FOOD',			1),
		
		('RESOURCE_SPONGE',		'YIELD_CULTURE',		1),
		('RESOURCE_SPONGE',		'YIELD_SCIENCE',		1),
		
		('RESOURCE_SEA_URCHIN',	'YIELD_GOLD',			1),
		('RESOURCE_SEA_URCHIN',	'YIELD_SCIENCE',		1),
		
		('RESOURCE_MUSSELS',	'YIELD_FOOD',			1),
		('RESOURCE_MUSSELS',	'YIELD_PRODUCTION',		1),
		
		('RESOURCE_ORCA',		'YIELD_FAITH',			1),
		('RESOURCE_ORCA',		'YIELD_PRODUCTION',		1),
		
		('RESOURCE_WOLF',		'YIELD_CULTURE',		1),
		('RESOURCE_WOLF',		'YIELD_PRODUCTION',		1),
		
		('RESOURCE_TIGER',		'YIELD_CULTURE',		1),
		('RESOURCE_TIGER',		'YIELD_FAITH',			1),
		
		('RESOURCE_LION',		'YIELD_CULTURE',		1),
		('RESOURCE_LION',		'YIELD_GOLD',			1),
		
		('RESOURCE_MUSHROOMS',	'YIELD_FOOD',			2),
		
		('RESOURCE_MEDIHERBS',	'YIELD_SCIENCE',		2),
		
		('RESOURCE_TOXINS',		'YIELD_GOLD',			1),
		('RESOURCE_TOXINS',		'YIELD_SCIENCE',		2),
		
		('RESOURCE_DATES',		'YIELD_FOOD',			1),
		
		('RESOURCE_SAFFRON',	'YIELD_CULTURE',		1),
		('RESOURCE_SAFFRON',	'YIELD_GOLD',			2),
		
		('RESOURCE_TOMATO',		'YIELD_FOOD',			2),
		
		('RESOURCE_BARLEY',		'YIELD_GOLD',			1),
		
		('RESOURCE_POTATO',		'YIELD_FOOD',			1),
		('RESOURCE_SORGHUM',	'YIELD_FOOD',			1),
		('RESOURCE_STRAWBERRY',	'YIELD_FOOD',			1),
		('RESOURCE_STRAWBERRY',	'YIELD_GOLD',			1);

----------------------------------------------------------------------------------------------------------------------------
-- Resource_Harvests
----------------------------------------------------------------------------------------------------------------------------
INSERT OR IGNORE INTO Resource_Harvests 
		(ResourceType,				YieldType,			Amount,		PrereqTech) 
VALUES	('RESOURCE_OAK',			'YIELD_PRODUCTION',	40,			'TECH_SHIPBUILDING'),

		('RESOURCE_LIMESTONE',		'YIELD_CULTURE',	15,			'TECH_MASONRY'),
		('RESOURCE_LIMESTONE',		'YIELD_PRODUCTION',	15,			'TECH_MASONRY'),
		
		('RESOURCE_GRANITE',		'YIELD_PRODUCTION',	40,			'TECH_MASONRY'),
		
		('RESOURCE_LEAD',			'YIELD_PRODUCTION',	20,			'TECH_MINING'),
		('RESOURCE_LEAD',			'YIELD_SCIENCE',	10,			'TECH_MINING'),
		
		('RESOURCE_MAPLE',			'YIELD_FOOD',		10,			'TECH_SHIPBUILDING'),
		('RESOURCE_MAPLE',			'YIELD_GOLD',		10,			'TECH_SHIPBUILDING'),
		('RESOURCE_MAPLE',			'YIELD_PRODUCTION',	10,			'TECH_SHIPBUILDING'),
		
		('RESOURCE_QUARTZ',			'YIELD_FAITH',		10,			'TECH_MINING'),
		('RESOURCE_QUARTZ',			'YIELD_GOLD',		10,			'TECH_MINING'),
		('RESOURCE_QUARTZ',			'YIELD_SCIENCE',	10,			'TECH_MINING'),
		
		('RESOURCE_RUBY',			'YIELD_GOLD',		50,			'TECH_MINING'),
		
		('RESOURCE_LAPIS',			'YIELD_GOLD',		30,			'TECH_MINING'),
		('RESOURCE_LAPIS',			'YIELD_PRODUCTION',	20,			'TECH_MINING'),
		
		('RESOURCE_PLATINUM',		'YIELD_PRODUCTION',	50,			'TECH_MINING'),
		
		('RESOURCE_SANDALWOOD',		'YIELD_GOLD',		30,			'TECH_SHIPBUILDING'),
		('RESOURCE_SANDALWOOD',		'YIELD_PRODUCTION',	20,			'TECH_SHIPBUILDING'),
		
		('RESOURCE_ALOE',			'YIELD_FOOD',		30,			'TECH_POTTERY'),
		('RESOURCE_ALOE',			'YIELD_SCIENCE',	20,			'TECH_POTTERY'),
		
		('RESOURCE_BERRIES',		'YIELD_FOOD',		40,			'TECH_POTTERY'),
		
		('RESOURCE_POPPIES',		'YIELD_CULTURE',	20,			'TECH_POTTERY'),
		('RESOURCE_POPPIES',		'YIELD_GOLD',		30,			'TECH_POTTERY'),
		
		('RESOURCE_CAVIAR',			'YIELD_GOLD',		50,			'TECH_CELESTIAL_NAVIGATION'),
		
		('RESOURCE_SALMON',			'YIELD_FOOD',		20,			'TECH_CELESTIAL_NAVIGATION'),
		('RESOURCE_SALMON',			'YIELD_GOLD',		30,			'TECH_CELESTIAL_NAVIGATION'),
		
		('RESOURCE_ALGAE',			'YIELD_FOOD',		30,			'TECH_CELESTIAL_NAVIGATION'),
		('RESOURCE_ALGAE',			'YIELD_SCIENCE',	20,			'TECH_CELESTIAL_NAVIGATION'),
		
		('RESOURCE_CORAL',			'YIELD_CULTURE',	20,			'TECH_CELESTIAL_NAVIGATION'),
		('RESOURCE_CORAL',			'YIELD_GOLD',		30,			'TECH_CELESTIAL_NAVIGATION'),
		
		('RESOURCE_SEASHELLS',		'YIELD_CULTURE',	30,			'TECH_CELESTIAL_NAVIGATION'),
		('RESOURCE_SEASHELLS',		'YIELD_FAITH',		20,			'TECH_CELESTIAL_NAVIGATION'),
		
		('RESOURCE_BAMBOO',			'YIELD_PRODUCTION',	40,			'TECH_SHIPBUILDING'),
		
		('RESOURCE_EBONY',			'YIELD_FAITH',		20,			'TECH_SHIPBUILDING'),
		('RESOURCE_EBONY',			'YIELD_GOLD',		20,			'TECH_SHIPBUILDING'),
		
		('RESOURCE_SAKURA',			'YIELD_CULTURE',	20,			'TECH_SHIPBUILDING'),
		('RESOURCE_SAKURA',			'YIELD_GOLD',		20,			'TECH_SHIPBUILDING'),
		
		('RESOURCE_CASHMERE',		'YIELD_GOLD',		40,			'TECH_ANIMAL_HUSBANDRY'),
		
		('RESOURCE_PINE',			'YIELD_PRODUCTION',	40,			'TECH_SHIPBUILDING'),
		
		('RESOURCE_TIN',			'YIELD_GOLD',		20,			'TECH_MINING'),
		('RESOURCE_TIN',			'YIELD_PRODUCTION',	20,			'TECH_MINING'),
		
		('RESOURCE_RUBBER',			'YIELD_PRODUCTION',	50,			'TECH_SHIPBUILDING'),
		
		('RESOURCE_TRAVERTINE',		'YIELD_CULTURE',	20,			'TECH_MASONRY'),
		('RESOURCE_TRAVERTINE',		'YIELD_GOLD',		30,			'TECH_MASONRY'),
		
		('RESOURCE_ALABASTER',		'YIELD_CULTURE',	30,			'TECH_MASONRY'),
		('RESOURCE_ALABASTER',		'YIELD_GOLD',		20,			'TECH_MASONRY'),
		
		('RESOURCE_OXEN',			'YIELD_PRODUCTION',	40,			'TECH_ANIMAL_HUSBANDRY'),
		
		('RESOURCE_GOLD2',			'YIELD_GOLD',		50,			'TECH_MINING'),
		
		('RESOURCE_HAM',			'YIELD_FOOD',		40,			'TECH_ANIMAL_HUSBANDRY'),
		
		('RESOURCE_COD',			'YIELD_GOLD',		30,			'TECH_CELESTIAL_NAVIGATION'),
		
		('RESOURCE_MACKEREL',		'YIELD_GOLD',		50,			'TECH_CELESTIAL_NAVIGATION'),
		
		('RESOURCE_MUSSELS',		'YIELD_GOLD',		50,			'TECH_CELESTIAL_NAVIGATION'),
		
		('RESOURCE_SPONGE',			'YIELD_GOLD',		50,			'TECH_CELESTIAL_NAVIGATION'),
		
		('RESOURCE_SEA_URCHIN',		'YIELD_GOLD',		50,			'TECH_CELESTIAL_NAVIGATION'),
		
		('RESOURCE_ORCA',			'YIELD_GOLD',		50,			'TECH_CELESTIAL_NAVIGATION'),
		
		('RESOURCE_WOLF',			'YIELD_GOLD',		40,			'TECH_ANIMAL_HUSBANDRY'),
		
		('RESOURCE_TIGER',			'YIELD_GOLD',		40,			'TECH_ANIMAL_HUSBANDRY'),
		
		('RESOURCE_LION',			'YIELD_GOLD',		40,			'TECH_ANIMAL_HUSBANDRY'),
		
		('RESOURCE_MUSHROOMS',		'YIELD_FOOD',		50,			'TECH_POTTERY'),
		
		('RESOURCE_MEDIHERBS',		'YIELD_SCIENCE',	30,			'TECH_BRONZE_WORKING'),
		
		('RESOURCE_TOXINS',			'YIELD_SCIENCE',	50,			'TECH_BRONZE_WORKING'),
		
		('RESOURCE_DATES',			'YIELD_FOOD',		40,			'TECH_BRONZE_WORKING'),
		
		('RESOURCE_SAFFRON',		'YIELD_GOLD',		50,			'TECH_POTTERY'),
		
		('RESOURCE_TOMATO',			'YIELD_FOOD',		30,			'TECH_POTTERY'),
		
		('RESOURCE_BARLEY',			'YIELD_FOOD',		40,			'TECH_POTTERY'),
		
		('RESOURCE_POTATO',			'YIELD_FOOD',		40,			'TECH_POTTERY'),
		
		('RESOURCE_SORGHUM',		'YIELD_FOOD',		40,			'TECH_POTTERY'),
		
		('RESOURCE_STRAWBERRY',		'YIELD_FOOD',		40,			'TECH_POTTERY'),
		('RESOURCE_STRAWBERRY',		'YIELD_GOLD',		50,			'TECH_POTTERY');

----------------------------------------------------------------------------------------------------------------------------
-- Modifiers
----------------------------------------------------------------------------------------------------------------------------
INSERT OR IGNORE INTO Modifiers 
		(ModifierId,						ModifierType,											SubjectRequirementSetId)
VALUES	('WATERMILL_ADDBARLEYFOOD',			'MODIFIER_CITY_PLOT_YIELDS_ADJUST_PLOT_YIELD',			'RESOURCE_IS_BARLEY'),
		('WATERMILL_ADDSORGHUMFOOD',		'MODIFIER_CITY_PLOT_YIELDS_ADJUST_PLOT_YIELD',			'RESOURCE_IS_SORGHUM'),
		('WATERMILL_ADDSTRAWBERRYFOOD',		'MODIFIER_CITY_PLOT_YIELDS_ADJUST_PLOT_YIELD',			'RESOURCE_IS_STRAWBERRY'),
		('WATERMILL_ADDPOTATOFOOD',			'MODIFIER_CITY_PLOT_YIELDS_ADJUST_PLOT_YIELD',			'RESOURCE_IS_POTATO');

----------------------------------------------------------------------------------------------------------------------------
-- ModifierArguments
----------------------------------------------------------------------------------------------------------------------------
INSERT OR IGNORE INTO ModifierArguments 
		(ModifierId,						Name,				Value) 
VALUES	('WATERMILL_ADDBARLEYFOOD',			'YieldType',		'YIELD_FOOD'),
		('WATERMILL_ADDBARLEYFOOD',			'Amount',			1),
		('WATERMILL_ADDSORGHUMFOOD',		'YieldType',		'YIELD_FOOD'),
		('WATERMILL_ADDSORGHUMFOOD',		'Amount',			1),
		('WATERMILL_ADDSTRAWBERRYFOOD',		'YieldType',		'YIELD_FOOD'),
		('WATERMILL_ADDSTRAWBERRYFOOD',		'Amount',			1),
		('WATERMILL_ADDPOTATOFOOD',			'YieldType',		'YIELD_FOOD'),
		('WATERMILL_ADDPOTATOFOOD',			'Amount',			1);

----------------------------------------------------------------------------------------------------------------------------
-- BuildingModifiers
----------------------------------------------------------------------------------------------------------------------------
INSERT OR IGNORE INTO BuildingModifiers 
		(BuildingType,					ModifierId) 
VALUES	('BUILDING_WATER_MILL',			'WATERMILL_ADDBARLEYFOOD'),
		('BUILDING_WATER_MILL',			'WATERMILL_ADDSORGHUMFOOD'),
		('BUILDING_WATER_MILL',			'WATERMILL_ADDSTRAWBERRYFOOD'),
		('BUILDING_WATER_MILL',			'WATERMILL_ADDPOTATOFOOD');

----------------------------------------------------------------------------------------------------------------------------
-- Requirements
----------------------------------------------------------------------------------------------------------------------------
INSERT OR IGNORE INTO Requirements 
		(RequirementId,						RequirementType) 
VALUES	('REQUIRES_BARLEY_IN_PLOT',			'REQUIREMENT_PLOT_RESOURCE_TYPE_MATCHES'),
		('REQUIRES_SORGHUM_IN_PLOT',		'REQUIREMENT_PLOT_RESOURCE_TYPE_MATCHES'),
		('REQUIRES_STRAWBERRY_IN_PLOT',		'REQUIREMENT_PLOT_RESOURCE_TYPE_MATCHES'),
		('REQUIRES_POTATO_IN_PLOT',			'REQUIREMENT_PLOT_RESOURCE_TYPE_MATCHES');

----------------------------------------------------------------------------------------------------------------------------
-- RequirementArguments
----------------------------------------------------------------------------------------------------------------------------
INSERT OR IGNORE INTO RequirementArguments 
		(RequirementId,						Name,					Value) 
VALUES	('REQUIRES_BARLEY_IN_PLOT',			'ResourceType',			'RESOURCE_BARLEY'),
		('REQUIRES_SORGHUM_IN_PLOT',		'ResourceType',			'RESOURCE_SORGHUM'),
		('REQUIRES_STRAWBERRY_IN_PLOT',		'ResourceType',			'RESOURCE_STRAWBERRY'),
		('REQUIRES_POTATO_IN_PLOT',			'ResourceType',			'RESOURCE_POTATO');

----------------------------------------------------------------------------------------------------------------------------
-- RequirementSets
----------------------------------------------------------------------------------------------------------------------------
INSERT OR IGNORE INTO RequirementSets 
		(RequirementSetId,				RequirementSetType) 
VALUES	('RESOURCE_IS_BARLEY',			'REQUIREMENTSET_TEST_ALL'),
		('RESOURCE_IS_SORGHUM',			'REQUIREMENTSET_TEST_ALL'),
		('RESOURCE_IS_STRAWBERRY',		'REQUIREMENTSET_TEST_ALL'),
		('RESOURCE_IS_POTATO',			'REQUIREMENTSET_TEST_ALL');

----------------------------------------------------------------------------------------------------------------------------
-- RequirementSetRequirements
----------------------------------------------------------------------------------------------------------------------------
INSERT OR IGNORE INTO RequirementSetRequirements 
		(RequirementSetId,				RequirementId) 
VALUES	('RESOURCE_IS_BARLEY',			'REQUIRES_BARLEY_IN_PLOT'),
		('RESOURCE_IS_SORGHUM',			'REQUIRES_SORGHUM_IN_PLOT'),
		('RESOURCE_IS_STRAWBERRY',		'REQUIRES_STRAWBERRY_IN_PLOT'),
		('RESOURCE_IS_POTATO',			'REQUIRES_POTATO_IN_PLOT');
		
--==========================================================================================================================
--==========================================================================================================================