-- UC_THR_Policies
-- Author: JNR
--------------------------------------------------------------

-- Types
--------------------------------------------------------------
INSERT OR IGNORE INTO Types
		(Type,					Kind)
VALUES	('POLICY_JNR_MEMES',	'KIND_POLICY');
--------------------------------------------------------------

-- Policies
--------------------------------------------------------------
UPDATE Policies SET Description='LOC_POLICY_GRAND_OPERA_DESCRIPTION_JNR_UC', Name='LOC_POLICY_GRAND_OPERA_NAME_JNR_UC'	WHERE PolicyType='POLICY_GRAND_OPERA';
UPDATE Policies SET Description='LOC_POLICY_DISINFORMATION_CAMPAIGN_DESCRIPTION_JNR_UC'									WHERE PolicyType='POLICY_DISINFORMATION_CAMPAIGN';
UPDATE Policies SET Description='LOC_POLICY_FRESCOES_DESCRIPTION_JNR_UC'												WHERE PolicyType='POLICY_FRESCOES';
UPDATE Policies SET Description='LOC_POLICY_SYMPHONIES_DESCRIPTION_JNR_UC'												WHERE PolicyType='POLICY_SYMPHONIES';

INSERT OR IGNORE INTO Policies
		(PolicyType,			Name,							Description,						PrereqCivic,			GovernmentSlotType)
VALUES	('POLICY_JNR_MEMES',	'LOC_POLICY_JNR_MEMES_NAME',	'LOC_POLICY_JNR_MEMES_DESCRIPTION',	'CIVIC_SOCIAL_MEDIA',	'SLOT_ECONOMIC');
--------------------------------------------------------------

-- Modifiers
--------------------------------------------------------------
INSERT OR IGNORE INTO Modifiers
		(ModifierId,										ModifierType,											SubjectRequirementSetId)
VALUES	('GRANDOPERA_HIGH_ADJACENCY_AMPHITHEATER_JNR',		'MODIFIER_PLAYER_CITIES_ADJUST_BUILDING_YIELD_CHANGE',	'THEATER_SQUARE_HAS_HIGH_ADJACENCY'),
		('GRANDOPERA_HIGH_ADJACENCY_ASSEMBLY_JNR',			'MODIFIER_PLAYER_CITIES_ADJUST_BUILDING_YIELD_CHANGE',	'THEATER_SQUARE_HAS_HIGH_ADJACENCY'),
		('GRANDOPERA_HIGH_ADJACENCY_CABINET_JNR',			'MODIFIER_PLAYER_CITIES_ADJUST_BUILDING_YIELD_CHANGE',	'THEATER_SQUARE_HAS_HIGH_ADJACENCY'),
		('GRANDOPERA_HIGH_ADJACENCY_MANSION_JNR',			'MODIFIER_PLAYER_CITIES_ADJUST_BUILDING_YIELD_CHANGE',	'THEATER_SQUARE_HAS_HIGH_ADJACENCY'),
		('GRANDOPERA_HIGH_ADJACENCY_OPERA_JNR',				'MODIFIER_PLAYER_CITIES_ADJUST_BUILDING_YIELD_CHANGE',	'THEATER_SQUARE_HAS_HIGH_ADJACENCY'),
		('GRANDOPERA_HIGH_ADJACENCY_GRAND_HOTEL_JNR',		'MODIFIER_PLAYER_CITIES_ADJUST_BUILDING_YIELD_CHANGE',	'THEATER_SQUARE_HAS_HIGH_ADJACENCY'),
		('GRANDOPERA_HIGH_ADJACENCY_BROADCAST_CENTER_JNR',	'MODIFIER_PLAYER_CITIES_ADJUST_BUILDING_YIELD_CHANGE',	'THEATER_SQUARE_HAS_HIGH_ADJACENCY'),
		('GRANDOPERA_HIGH_ADJACENCY_MEDIA_CENTER_JNR',		'MODIFIER_PLAYER_CITIES_ADJUST_BUILDING_YIELD_CHANGE',	'THEATER_SQUARE_HAS_HIGH_ADJACENCY'),

		('GRANDOPERA_HIGH_POP_AMPHITHEATER_JNR',			'MODIFIER_PLAYER_CITIES_ADJUST_BUILDING_YIELD_CHANGE',	'CITY_HAS_HIGH_POPULATION'),
		('GRANDOPERA_HIGH_POP_ASSEMBLY_JNR',				'MODIFIER_PLAYER_CITIES_ADJUST_BUILDING_YIELD_CHANGE',	'CITY_HAS_HIGH_POPULATION'),
		('GRANDOPERA_HIGH_POP_CABINET_JNR',					'MODIFIER_PLAYER_CITIES_ADJUST_BUILDING_YIELD_CHANGE',	'CITY_HAS_HIGH_POPULATION'),
		('GRANDOPERA_HIGH_POP_MANSION_JNR',					'MODIFIER_PLAYER_CITIES_ADJUST_BUILDING_YIELD_CHANGE',	'CITY_HAS_HIGH_POPULATION'),
		('GRANDOPERA_HIGH_POP_OPERA_JNR',					'MODIFIER_PLAYER_CITIES_ADJUST_BUILDING_YIELD_CHANGE',	'CITY_HAS_HIGH_POPULATION'),
		('GRANDOPERA_HIGH_POP_GRAND_HOTEL_JNR',				'MODIFIER_PLAYER_CITIES_ADJUST_BUILDING_YIELD_CHANGE',	'CITY_HAS_HIGH_POPULATION'),
		('GRANDOPERA_HIGH_POP_BROADCAST_CENTER_JNR',		'MODIFIER_PLAYER_CITIES_ADJUST_BUILDING_YIELD_CHANGE',	'CITY_HAS_HIGH_POPULATION'),
		('GRANDOPERA_HIGH_POP_MEDIA_CENTER_JNR',			'MODIFIER_PLAYER_CITIES_ADJUST_BUILDING_YIELD_CHANGE',	'CITY_HAS_HIGH_POPULATION'),
		
		('MEMES_HIGH_ADJACENCY_AMPHITHEATER_JNR',			'MODIFIER_PLAYER_CITIES_ADJUST_BUILDING_YIELD_CHANGE',	'THEATER_SQUARE_HAS_HIGH_ADJACENCY'),
		('MEMES_HIGH_ADJACENCY_ASSEMBLY_JNR',				'MODIFIER_PLAYER_CITIES_ADJUST_BUILDING_YIELD_CHANGE',	'THEATER_SQUARE_HAS_HIGH_ADJACENCY'),
		('MEMES_HIGH_ADJACENCY_CABINET_JNR',				'MODIFIER_PLAYER_CITIES_ADJUST_BUILDING_YIELD_CHANGE',	'THEATER_SQUARE_HAS_HIGH_ADJACENCY'),
		('MEMES_HIGH_ADJACENCY_MANSION_JNR',				'MODIFIER_PLAYER_CITIES_ADJUST_BUILDING_YIELD_CHANGE',	'THEATER_SQUARE_HAS_HIGH_ADJACENCY'),
		('MEMES_HIGH_ADJACENCY_OPERA_JNR',					'MODIFIER_PLAYER_CITIES_ADJUST_BUILDING_YIELD_CHANGE',	'THEATER_SQUARE_HAS_HIGH_ADJACENCY'),
		('MEMES_HIGH_ADJACENCY_GRAND_HOTEL_JNR',			'MODIFIER_PLAYER_CITIES_ADJUST_BUILDING_YIELD_CHANGE',	'THEATER_SQUARE_HAS_HIGH_ADJACENCY'),
		('MEMES_HIGH_ADJACENCY_BROADCAST_CENTER_JNR',		'MODIFIER_PLAYER_CITIES_ADJUST_BUILDING_YIELD_CHANGE',	'THEATER_SQUARE_HAS_HIGH_ADJACENCY'),
		('MEMES_HIGH_ADJACENCY_MEDIA_CENTER_JNR',			'MODIFIER_PLAYER_CITIES_ADJUST_BUILDING_YIELD_CHANGE',	'THEATER_SQUARE_HAS_HIGH_ADJACENCY'),

		('MEMES_HIGH_POP_AMPHITHEATER_JNR',					'MODIFIER_PLAYER_CITIES_ADJUST_BUILDING_YIELD_CHANGE',	'CITY_HAS_HIGH_POPULATION'),
		('MEMES_HIGH_POP_ASSEMBLY_JNR',						'MODIFIER_PLAYER_CITIES_ADJUST_BUILDING_YIELD_CHANGE',	'CITY_HAS_HIGH_POPULATION'),
		('MEMES_HIGH_POP_CABINET_JNR',						'MODIFIER_PLAYER_CITIES_ADJUST_BUILDING_YIELD_CHANGE',	'CITY_HAS_HIGH_POPULATION'),
		('MEMES_HIGH_POP_MANSION_JNR',						'MODIFIER_PLAYER_CITIES_ADJUST_BUILDING_YIELD_CHANGE',	'CITY_HAS_HIGH_POPULATION'),
		('MEMES_HIGH_POP_OPERA_JNR',						'MODIFIER_PLAYER_CITIES_ADJUST_BUILDING_YIELD_CHANGE',	'CITY_HAS_HIGH_POPULATION'),
		('MEMES_HIGH_POP_GRAND_HOTEL_JNR',					'MODIFIER_PLAYER_CITIES_ADJUST_BUILDING_YIELD_CHANGE',	'CITY_HAS_HIGH_POPULATION'),
		('MEMES_HIGH_POP_BROADCAST_CENTER_JNR',				'MODIFIER_PLAYER_CITIES_ADJUST_BUILDING_YIELD_CHANGE',	'CITY_HAS_HIGH_POPULATION'),
		('MEMES_HIGH_POP_MEDIA_CENTER_JNR',					'MODIFIER_PLAYER_CITIES_ADJUST_BUILDING_YIELD_CHANGE',	'CITY_HAS_HIGH_POPULATION'),

		('DISINFORMATION_CAMPAIGN_MEDIA_FAVOR_JNR',			'MODIFIER_PLAYER_ADJUST_BUILDING_FAVOR',				NULL);

UPDATE Modifiers SET SubjectRequirementSetId='BUILDING_IS_THEATER_TIER2_JNR' WHERE ModifierId='FRESCOES_ARTIST_ARTMUSEUM';
UPDATE Modifiers SET SubjectRequirementSetId='BUILDING_IS_THEATER_TIER4_JNR' WHERE ModifierId='SYMPHONIES_MUSICIAN_BROADCASTCENTER';
--------------------------------------------------------------

-- ModifierArguments
--------------------------------------------------------------
INSERT OR IGNORE INTO ModifierArguments
		(ModifierId,										Name,			Value)
VALUES	('GRANDOPERA_HIGH_ADJACENCY_AMPHITHEATER_JNR',		'BuildingType',	'BUILDING_AMPHITHEATER'),
		('GRANDOPERA_HIGH_ADJACENCY_ASSEMBLY_JNR',			'BuildingType',	'BUILDING_JNR_ASSEMBLY'),
		('GRANDOPERA_HIGH_ADJACENCY_CABINET_JNR',			'BuildingType',	'BUILDING_JNR_CABINET'),
		('GRANDOPERA_HIGH_ADJACENCY_MANSION_JNR',			'BuildingType',	'BUILDING_JNR_MANSION'),
		('GRANDOPERA_HIGH_ADJACENCY_OPERA_JNR',				'BuildingType',	'BUILDING_JNR_OPERA'),
		('GRANDOPERA_HIGH_ADJACENCY_GRAND_HOTEL_JNR',		'BuildingType',	'BUILDING_JNR_GRAND_HOTEL'),
		('GRANDOPERA_HIGH_ADJACENCY_BROADCAST_CENTER_JNR',	'BuildingType',	'BUILDING_BROADCAST_CENTER'),
		('GRANDOPERA_HIGH_ADJACENCY_MEDIA_CENTER_JNR',		'BuildingType',	'BUILDING_JNR_MEDIA_CENTER'),
		('GRANDOPERA_HIGH_ADJACENCY_AMPHITHEATER_JNR',		'YieldType',	'YIELD_CULTURE'),
		('GRANDOPERA_HIGH_ADJACENCY_ASSEMBLY_JNR',			'YieldType',	'YIELD_CULTURE'),
		('GRANDOPERA_HIGH_ADJACENCY_CABINET_JNR',			'YieldType',	'YIELD_CULTURE'),
		('GRANDOPERA_HIGH_ADJACENCY_MANSION_JNR',			'YieldType',	'YIELD_CULTURE'),
		('GRANDOPERA_HIGH_ADJACENCY_OPERA_JNR',				'YieldType',	'YIELD_CULTURE'),
		('GRANDOPERA_HIGH_ADJACENCY_GRAND_HOTEL_JNR',		'YieldType',	'YIELD_CULTURE'),
		('GRANDOPERA_HIGH_ADJACENCY_BROADCAST_CENTER_JNR',	'YieldType',	'YIELD_CULTURE'),
		('GRANDOPERA_HIGH_ADJACENCY_MEDIA_CENTER_JNR',		'YieldType',	'YIELD_CULTURE'),
		('GRANDOPERA_HIGH_ADJACENCY_AMPHITHEATER_JNR',		'Amount',		1),
		('GRANDOPERA_HIGH_ADJACENCY_ASSEMBLY_JNR',			'Amount',		1),
		('GRANDOPERA_HIGH_ADJACENCY_CABINET_JNR',			'Amount',		1),
		('GRANDOPERA_HIGH_ADJACENCY_MANSION_JNR',			'Amount',		1),
		('GRANDOPERA_HIGH_ADJACENCY_OPERA_JNR',				'Amount',		1),
		('GRANDOPERA_HIGH_ADJACENCY_GRAND_HOTEL_JNR',		'Amount',		1),
		('GRANDOPERA_HIGH_ADJACENCY_BROADCAST_CENTER_JNR',	'Amount',		1),
		('GRANDOPERA_HIGH_ADJACENCY_MEDIA_CENTER_JNR',		'Amount',		1),

		('GRANDOPERA_HIGH_POP_AMPHITHEATER_JNR',			'BuildingType',	'BUILDING_AMPHITHEATER'),
		('GRANDOPERA_HIGH_POP_ASSEMBLY_JNR',				'BuildingType',	'BUILDING_JNR_ASSEMBLY'),
		('GRANDOPERA_HIGH_POP_CABINET_JNR',					'BuildingType',	'BUILDING_JNR_CABINET'),
		('GRANDOPERA_HIGH_POP_MANSION_JNR',					'BuildingType',	'BUILDING_JNR_MANSION'),
		('GRANDOPERA_HIGH_POP_OPERA_JNR',					'BuildingType',	'BUILDING_JNR_OPERA'),
		('GRANDOPERA_HIGH_POP_GRAND_HOTEL_JNR',				'BuildingType',	'BUILDING_JNR_GRAND_HOTEL'),
		('GRANDOPERA_HIGH_POP_BROADCAST_CENTER_JNR',		'BuildingType',	'BUILDING_BROADCAST_CENTER'),
		('GRANDOPERA_HIGH_POP_MEDIA_CENTER_JNR',			'BuildingType',	'BUILDING_JNR_MEDIA_CENTER'),
		('GRANDOPERA_HIGH_POP_AMPHITHEATER_JNR',			'YieldType',	'YIELD_CULTURE'),
		('GRANDOPERA_HIGH_POP_ASSEMBLY_JNR',				'YieldType',	'YIELD_CULTURE'),
		('GRANDOPERA_HIGH_POP_CABINET_JNR',					'YieldType',	'YIELD_CULTURE'),
		('GRANDOPERA_HIGH_POP_MANSION_JNR',					'YieldType',	'YIELD_CULTURE'),
		('GRANDOPERA_HIGH_POP_OPERA_JNR',					'YieldType',	'YIELD_CULTURE'),
		('GRANDOPERA_HIGH_POP_GRAND_HOTEL_JNR',				'YieldType',	'YIELD_CULTURE'),
		('GRANDOPERA_HIGH_POP_BROADCAST_CENTER_JNR',		'YieldType',	'YIELD_CULTURE'),
		('GRANDOPERA_HIGH_POP_MEDIA_CENTER_JNR',			'YieldType',	'YIELD_CULTURE'),
		('GRANDOPERA_HIGH_POP_AMPHITHEATER_JNR',			'Amount',		1),
		('GRANDOPERA_HIGH_POP_ASSEMBLY_JNR',				'Amount',		1),
		('GRANDOPERA_HIGH_POP_CABINET_JNR',					'Amount',		1),
		('GRANDOPERA_HIGH_POP_MANSION_JNR',					'Amount',		1),
		('GRANDOPERA_HIGH_POP_OPERA_JNR',					'Amount',		1),
		('GRANDOPERA_HIGH_POP_GRAND_HOTEL_JNR',				'Amount',		1),
		('GRANDOPERA_HIGH_POP_BROADCAST_CENTER_JNR',		'Amount',		1),
		('GRANDOPERA_HIGH_POP_MEDIA_CENTER_JNR',			'Amount',		1),
		
		('MEMES_HIGH_ADJACENCY_AMPHITHEATER_JNR',			'BuildingType',	'BUILDING_AMPHITHEATER'),
		('MEMES_HIGH_ADJACENCY_ASSEMBLY_JNR',				'BuildingType',	'BUILDING_JNR_ASSEMBLY'),
		('MEMES_HIGH_ADJACENCY_CABINET_JNR',				'BuildingType',	'BUILDING_JNR_CABINET'),
		('MEMES_HIGH_ADJACENCY_MANSION_JNR',				'BuildingType',	'BUILDING_JNR_MANSION'),
		('MEMES_HIGH_ADJACENCY_OPERA_JNR',					'BuildingType',	'BUILDING_JNR_OPERA'),
		('MEMES_HIGH_ADJACENCY_GRAND_HOTEL_JNR',			'BuildingType',	'BUILDING_JNR_GRAND_HOTEL'),
		('MEMES_HIGH_ADJACENCY_BROADCAST_CENTER_JNR',		'BuildingType',	'BUILDING_BROADCAST_CENTER'),
		('MEMES_HIGH_ADJACENCY_MEDIA_CENTER_JNR',			'BuildingType',	'BUILDING_JNR_MEDIA_CENTER'),
		('MEMES_HIGH_ADJACENCY_AMPHITHEATER_JNR',			'YieldType',	'YIELD_CULTURE'),
		('MEMES_HIGH_ADJACENCY_ASSEMBLY_JNR',				'YieldType',	'YIELD_CULTURE'),
		('MEMES_HIGH_ADJACENCY_CABINET_JNR',				'YieldType',	'YIELD_CULTURE'),
		('MEMES_HIGH_ADJACENCY_MANSION_JNR',				'YieldType',	'YIELD_CULTURE'),
		('MEMES_HIGH_ADJACENCY_OPERA_JNR',					'YieldType',	'YIELD_CULTURE'),
		('MEMES_HIGH_ADJACENCY_GRAND_HOTEL_JNR',			'YieldType',	'YIELD_CULTURE'),
		('MEMES_HIGH_ADJACENCY_BROADCAST_CENTER_JNR',		'YieldType',	'YIELD_CULTURE'),
		('MEMES_HIGH_ADJACENCY_MEDIA_CENTER_JNR',			'YieldType',	'YIELD_CULTURE'),
		('MEMES_HIGH_ADJACENCY_AMPHITHEATER_JNR',			'Amount',		1),
		('MEMES_HIGH_ADJACENCY_ASSEMBLY_JNR',				'Amount',		1),
		('MEMES_HIGH_ADJACENCY_CABINET_JNR',				'Amount',		2),
		('MEMES_HIGH_ADJACENCY_MANSION_JNR',				'Amount',		2),
		('MEMES_HIGH_ADJACENCY_OPERA_JNR',					'Amount',		3),
		('MEMES_HIGH_ADJACENCY_GRAND_HOTEL_JNR',			'Amount',		3),
		('MEMES_HIGH_ADJACENCY_BROADCAST_CENTER_JNR',		'Amount',		4),
		('MEMES_HIGH_ADJACENCY_MEDIA_CENTER_JNR',			'Amount',		4),

		('MEMES_HIGH_POP_AMPHITHEATER_JNR',					'BuildingType',	'BUILDING_AMPHITHEATER'),
		('MEMES_HIGH_POP_ASSEMBLY_JNR',						'BuildingType',	'BUILDING_JNR_ASSEMBLY'),
		('MEMES_HIGH_POP_CABINET_JNR',						'BuildingType',	'BUILDING_JNR_CABINET'),
		('MEMES_HIGH_POP_MANSION_JNR',						'BuildingType',	'BUILDING_JNR_MANSION'),
		('MEMES_HIGH_POP_OPERA_JNR',						'BuildingType',	'BUILDING_JNR_OPERA'),
		('MEMES_HIGH_POP_GRAND_HOTEL_JNR',					'BuildingType',	'BUILDING_JNR_GRAND_HOTEL'),
		('MEMES_HIGH_POP_BROADCAST_CENTER_JNR',				'BuildingType',	'BUILDING_BROADCAST_CENTER'),
		('MEMES_HIGH_POP_MEDIA_CENTER_JNR',					'BuildingType',	'BUILDING_JNR_MEDIA_CENTER'),
		('MEMES_HIGH_POP_AMPHITHEATER_JNR',					'YieldType',	'YIELD_CULTURE'),
		('MEMES_HIGH_POP_ASSEMBLY_JNR',						'YieldType',	'YIELD_CULTURE'),
		('MEMES_HIGH_POP_CABINET_JNR',						'YieldType',	'YIELD_CULTURE'),
		('MEMES_HIGH_POP_MANSION_JNR',						'YieldType',	'YIELD_CULTURE'),
		('MEMES_HIGH_POP_OPERA_JNR',						'YieldType',	'YIELD_CULTURE'),
		('MEMES_HIGH_POP_GRAND_HOTEL_JNR',					'YieldType',	'YIELD_CULTURE'),
		('MEMES_HIGH_POP_BROADCAST_CENTER_JNR',				'YieldType',	'YIELD_CULTURE'),
		('MEMES_HIGH_POP_MEDIA_CENTER_JNR',					'YieldType',	'YIELD_CULTURE'),
		('MEMES_HIGH_POP_AMPHITHEATER_JNR',					'Amount',		1),
		('MEMES_HIGH_POP_ASSEMBLY_JNR',						'Amount',		1),
		('MEMES_HIGH_POP_CABINET_JNR',						'Amount',		2),
		('MEMES_HIGH_POP_MANSION_JNR',						'Amount',		2),
		('MEMES_HIGH_POP_OPERA_JNR',						'Amount',		3),
		('MEMES_HIGH_POP_GRAND_HOTEL_JNR',					'Amount',		3),
		('MEMES_HIGH_POP_BROADCAST_CENTER_JNR',				'Amount',		4),
		('MEMES_HIGH_POP_MEDIA_CENTER_JNR',					'Amount',		4),

		('DISINFORMATION_CAMPAIGN_MEDIA_FAVOR_JNR',			'BuildingType',	'BUILDING_BROADCAST_CENTER'),
		('DISINFORMATION_CAMPAIGN_MEDIA_FAVOR_JNR',			'Favor',		3);
--------------------------------------------------------------

-- PolicyModifiers
--------------------------------------------------------------
DELETE FROM PolicyModifiers WHERE PolicyType='POLICY_GRAND_OPERA' AND ModifierId='GRANDOPERA_BUILDING_YIELDS_HIGH_ADJACENCY';
DELETE FROM PolicyModifiers WHERE PolicyType='POLICY_GRAND_OPERA' AND ModifierId='GRANDOPERA_BUILDING_YIELDS_HIGH_POP';

INSERT OR IGNORE INTO PolicyModifiers
		(PolicyType,			ModifierId)
VALUES	('POLICY_GRAND_OPERA',	'GRANDOPERA_HIGH_ADJACENCY_AMPHITHEATER_JNR'),
		('POLICY_GRAND_OPERA',	'GRANDOPERA_HIGH_ADJACENCY_ASSEMBLY_JNR'),
		('POLICY_GRAND_OPERA',	'GRANDOPERA_HIGH_ADJACENCY_CABINET_JNR'),
		('POLICY_GRAND_OPERA',	'GRANDOPERA_HIGH_ADJACENCY_MANSION_JNR'),
		('POLICY_GRAND_OPERA',	'GRANDOPERA_HIGH_ADJACENCY_OPERA_JNR'),
		('POLICY_GRAND_OPERA',	'GRANDOPERA_HIGH_ADJACENCY_GRAND_HOTEL_JNR'),
		('POLICY_GRAND_OPERA',	'GRANDOPERA_HIGH_ADJACENCY_BROADCAST_CENTER_JNR'),
		('POLICY_GRAND_OPERA',	'GRANDOPERA_HIGH_ADJACENCY_MEDIA_CENTER_JNR'),
		('POLICY_GRAND_OPERA',	'GRANDOPERA_HIGH_POP_AMPHITHEATER_JNR'),
		('POLICY_GRAND_OPERA',	'GRANDOPERA_HIGH_POP_ASSEMBLY_JNR'),
		('POLICY_GRAND_OPERA',	'GRANDOPERA_HIGH_POP_CABINET_JNR'),
		('POLICY_GRAND_OPERA',	'GRANDOPERA_HIGH_POP_MANSION_JNR'),
		('POLICY_GRAND_OPERA',	'GRANDOPERA_HIGH_POP_OPERA_JNR'),
		('POLICY_GRAND_OPERA',	'GRANDOPERA_HIGH_POP_GRAND_HOTEL_JNR'),
		('POLICY_GRAND_OPERA',	'GRANDOPERA_HIGH_POP_BROADCAST_CENTER_JNR'),
		('POLICY_GRAND_OPERA',	'GRANDOPERA_HIGH_POP_MEDIA_CENTER_JNR'),
		
		('POLICY_JNR_MEMES',	'MEMES_HIGH_ADJACENCY_AMPHITHEATER_JNR'),
		('POLICY_JNR_MEMES',	'MEMES_HIGH_ADJACENCY_ASSEMBLY_JNR'),
		('POLICY_JNR_MEMES',	'MEMES_HIGH_ADJACENCY_CABINET_JNR'),
		('POLICY_JNR_MEMES',	'MEMES_HIGH_ADJACENCY_MANSION_JNR'),
		('POLICY_JNR_MEMES',	'MEMES_HIGH_ADJACENCY_OPERA_JNR'),
		('POLICY_JNR_MEMES',	'MEMES_HIGH_ADJACENCY_GRAND_HOTEL_JNR'),
		('POLICY_JNR_MEMES',	'MEMES_HIGH_ADJACENCY_BROADCAST_CENTER_JNR'),
		('POLICY_JNR_MEMES',	'MEMES_HIGH_ADJACENCY_MEDIA_CENTER_JNR'),
		('POLICY_JNR_MEMES',	'MEMES_HIGH_POP_AMPHITHEATER_JNR'),
		('POLICY_JNR_MEMES',	'MEMES_HIGH_POP_ASSEMBLY_JNR'),
		('POLICY_JNR_MEMES',	'MEMES_HIGH_POP_CABINET_JNR'),
		('POLICY_JNR_MEMES',	'MEMES_HIGH_POP_MANSION_JNR'),
		('POLICY_JNR_MEMES',	'MEMES_HIGH_POP_OPERA_JNR'),
		('POLICY_JNR_MEMES',	'MEMES_HIGH_POP_GRAND_HOTEL_JNR'),
		('POLICY_JNR_MEMES',	'MEMES_HIGH_POP_BROADCAST_CENTER_JNR'),
		('POLICY_JNR_MEMES',	'MEMES_HIGH_POP_MEDIA_CENTER_JNR');

INSERT OR IGNORE INTO PolicyModifiers
		(PolicyType,	ModifierId)
SELECT	PolicyType,		'DISINFORMATION_CAMPAIGN_MEDIA_FAVOR_JNR'	FROM Policies WHERE PolicyType='POLICY_DISINFORMATION_CAMPAIGN';
--------------------------------------------------------------