/*
	Main Civilization Configuration
	Author: iPlayGamesITA
	Original template by: MC
	Thanks to everyone in the Civ VI Modding Helpline Discord Server!
*/
-----------------------------------------------
-- Types
-----------------------------------------------
INSERT INTO	Types
			(Type,									Kind					)
VALUES		('CIVILIZATION_IPG_REDANIA',			'KIND_CIVILIZATION'		),
			('CIVILIZATION_IPG_KOVIR_MINOR',		'KIND_CIVILIZATION'		),
			('CIVILIZATION_IPG_POVISS_MINOR',		'KIND_CIVILIZATION'		),
			('CIVILIZATION_IPG_NOVIGRAD_MINOR',		'KIND_CIVILIZATION'		),
			('CIVILIZATION_IPG_YAMURLAK_MINOR',		'KIND_CIVILIZATION'		),
			('RELIGION_IPG_ETERNAL_FIRE',			'KIND_RELIGION'			);

INSERT INTO TypeProperties
			(Type,									Name,						Value)
VALUES		('CIVILIZATION_IPG_KOVIR_MINOR',		'CityStateCategory',		'TRADE'),
			('CIVILIZATION_IPG_POVISS_MINOR',		'CityStateCategory',		'SCIENTIFIC'),
			('CIVILIZATION_IPG_NOVIGRAD_MINOR',		'CityStateCategory',		'RELIGIOUS'),
			('CIVILIZATION_IPG_YAMURLAK_MINOR',		'CityStateCategory',		'INDUSTRIAL');
-----------------------------------------------
-- Civilizations
-----------------------------------------------
INSERT INTO	Civilizations
			(
			CivilizationType,
			Name,
			Description,
			Adjective,
			StartingCivilizationLevelType,
			RandomCityNameDepth,
			Ethnicity
			)

VALUES		(
			'CIVILIZATION_IPG_REDANIA',
			'LOC_CIVILIZATION_IPG_REDANIA_NAME',
			'LOC_CIVILIZATION_IPG_REDANIA_DESCRIPTION',
			'LOC_CIVILIZATION_IPG_REDANIA_ADJECTIVE',
			'CIVILIZATION_LEVEL_FULL_CIV',
			4,
			'ETHNICITY_EURO'
			),
			-----------------------------------------------
			(
			'CIVILIZATION_IPG_KOVIR_MINOR',
			'LOC_CIVILIZATION_IPG_KOVIR_MINOR_NAME',
			'LOC_CIVILIZATION_IPG_KOVIR_MINOR_DESCRIPTION',
			'LOC_CIVILIZATION_IPG_KOVIR_MINOR_ADJECTIVE',
			'CIVILIZATION_LEVEL_CITY_STATE',
			1,
			'ETHNICITY_EURO'
			),
			-----------------------------------------------
			(
			'CIVILIZATION_IPG_POVISS_MINOR',
			'LOC_CIVILIZATION_IPG_POVISS_MINOR_NAME',
			'LOC_CIVILIZATION_IPG_POVISS_MINOR_DESCRIPTION',
			'LOC_CIVILIZATION_IPG_POVISS_MINOR_ADJECTIVE',
			'CIVILIZATION_LEVEL_CITY_STATE',
			1,
			'ETHNICITY_EURO'
			),
			-----------------------------------------------
			(
			'CIVILIZATION_IPG_NOVIGRAD_MINOR',
			'LOC_CIVILIZATION_IPG_NOVIGRAD_MINOR_NAME',
			'LOC_CIVILIZATION_IPG_NOVIGRAD_MINOR_DESCRIPTION',
			'LOC_CIVILIZATION_IPG_NOVIGRAD_MINOR_ADJECTIVE',
			'CIVILIZATION_LEVEL_CITY_STATE',
			1,
			'ETHNICITY_EURO'
			),
			-----------------------------------------------
			(
			'CIVILIZATION_IPG_YAMURLAK_MINOR',
			'LOC_CIVILIZATION_IPG_YAMURLAK_MINOR_NAME',
			'LOC_CIVILIZATION_IPG_YAMURLAK_MINOR_DESCRIPTION',
			'LOC_CIVILIZATION_IPG_YAMURLAK_MINOR_ADJECTIVE',
			'CIVILIZATION_LEVEL_CITY_STATE',
			1,
			'ETHNICITY_EURO'
			);
-----------------------------------------------
-- Named
-----------------------------------------------
INSERT OR REPLACE INTO NamedMountains
		(NamedMountainType,			Name							)
VALUES	('NAMED_MOUNTAIN_KESTREL',	'LOC_NAMED_MOUNTAIN_KESTREL'	),
		('NAMED_MOUNTAIN_DRAGON',	'LOC_NAMED_MOUNTAIN_DRAGON'		);

INSERT INTO NamedMountainCivilizations
		(CivilizationType,				NamedMountainType			)
VALUES	('CIVILIZATION_IPG_REDANIA',	'NAMED_MOUNTAIN_KESTREL'	),
		('CIVILIZATION_IPG_REDANIA',	'NAMED_MOUNTAIN_DRAGON'		);

INSERT OR REPLACE INTO NamedRivers
		(NamedRiverType,					Name							)
VALUES	('NAMED_RIVER_BUINA',				'LOC_NAMED_RIVER_BUINA'			),
		('NAMED_RIVER_BRAA',				'LOC_NAMED_RIVER_BRAA'			),
		('NAMED_RIVER_NIMNAR',				'LOC_NAMED_RIVER_NIMNAR'		),
		('NAMED_RIVER_PONTAR',				'LOC_NAMED_RIVER_PONTAR'		);

INSERT INTO NamedRiverCivilizations
		(CivilizationType,				NamedRiverType				)
VALUES	('CIVILIZATION_IPG_REDANIA',	'NAMED_RIVER_BUINA'			),
		('CIVILIZATION_IPG_REDANIA',	'NAMED_RIVER_BRAA'			),
		('CIVILIZATION_IPG_REDANIA',	'NAMED_RIVER_NIMNAR'		),
		('CIVILIZATION_IPG_REDANIA',	'NAMED_RIVER_PONTAR'		);
-----------------------------------------------
-- CityNames
-----------------------------------------------
INSERT INTO	CityNames
		(CivilizationType,				CityName						)
VALUES	('CIVILIZATION_IPG_REDANIA',	'LOC_CITY_NAME_IPG_REDANIA_1'),
		('CIVILIZATION_IPG_REDANIA',	'LOC_CITY_NAME_IPG_REDANIA_2'),
		('CIVILIZATION_IPG_REDANIA',	'LOC_CITY_NAME_IPG_REDANIA_3'),
		('CIVILIZATION_IPG_REDANIA',	'LOC_CITY_NAME_IPG_REDANIA_4'),
		('CIVILIZATION_IPG_REDANIA',	'LOC_CITY_NAME_IPG_REDANIA_5'),
		('CIVILIZATION_IPG_REDANIA',	'LOC_CITY_NAME_IPG_REDANIA_6'),
		('CIVILIZATION_IPG_REDANIA',	'LOC_CITY_NAME_IPG_REDANIA_7'),
		('CIVILIZATION_IPG_REDANIA',	'LOC_CITY_NAME_IPG_REDANIA_8'),
		('CIVILIZATION_IPG_REDANIA',	'LOC_CITY_NAME_IPG_REDANIA_9'),
		('CIVILIZATION_IPG_REDANIA',	'LOC_CITY_NAME_IPG_REDANIA_10'),
		('CIVILIZATION_IPG_REDANIA',	'LOC_CITY_NAME_IPG_REDANIA_11'),
		('CIVILIZATION_IPG_REDANIA',	'LOC_CITY_NAME_IPG_REDANIA_12'),
		('CIVILIZATION_IPG_REDANIA',	'LOC_CITY_NAME_IPG_REDANIA_13'),
		('CIVILIZATION_IPG_REDANIA',	'LOC_CITY_NAME_IPG_REDANIA_14'),
		('CIVILIZATION_IPG_REDANIA',	'LOC_CITY_NAME_IPG_REDANIA_15'),
		('CIVILIZATION_IPG_REDANIA',	'LOC_CITY_NAME_IPG_REDANIA_16'),
		('CIVILIZATION_IPG_REDANIA',	'LOC_CITY_NAME_IPG_REDANIA_17'),
		('CIVILIZATION_IPG_REDANIA',	'LOC_CITY_NAME_IPG_REDANIA_18'),
		('CIVILIZATION_IPG_REDANIA',	'LOC_CITY_NAME_IPG_REDANIA_19'),
		('CIVILIZATION_IPG_REDANIA',	'LOC_CITY_NAME_IPG_REDANIA_20'),
		('CIVILIZATION_IPG_REDANIA',	'LOC_CITY_NAME_IPG_REDANIA_21'),
		('CIVILIZATION_IPG_REDANIA',	'LOC_CITY_NAME_IPG_REDANIA_22'),
		('CIVILIZATION_IPG_REDANIA',	'LOC_CITY_NAME_IPG_REDANIA_23'),
		('CIVILIZATION_IPG_REDANIA',	'LOC_CITY_NAME_IPG_REDANIA_24'),
		('CIVILIZATION_IPG_KOVIR_MINOR',		'LOC_CITY_NAME_IPG_KOVIR_MINOR'			),
		('CIVILIZATION_IPG_POVISS_MINOR',		'LOC_CITY_NAME_IPG_POVISS_MINOR'		),
		('CIVILIZATION_IPG_NOVIGRAD_MINOR',		'LOC_CITY_NAME_IPG_NOVIGRAD_MINOR'		),
		('CIVILIZATION_IPG_YAMURLAK_MINOR',		'LOC_CITY_NAME_IPG_YAMURLAK_MINOR'		);
-----------------------------------------------
-- CivilizationCitizenNames
-----------------------------------------------
INSERT INTO	CivilizationCitizenNames
		(CivilizationType,			CitizenName,						Female	)
VALUES	('CIVILIZATION_IPG_REDANIA',	'LOC_CITIZEN_IPG_REDANIA_MALE_1',		0 		),
		('CIVILIZATION_IPG_REDANIA',	'LOC_CITIZEN_IPG_REDANIA_MALE_2',		0 		),
		('CIVILIZATION_IPG_REDANIA',	'LOC_CITIZEN_IPG_REDANIA_MALE_3',		0 		),
		('CIVILIZATION_IPG_REDANIA',	'LOC_CITIZEN_IPG_REDANIA_MALE_4',		0 		),
		('CIVILIZATION_IPG_REDANIA',	'LOC_CITIZEN_IPG_REDANIA_MALE_5',		0 		),
		('CIVILIZATION_IPG_REDANIA',	'LOC_CITIZEN_IPG_REDANIA_MALE_6',		0 		),
		('CIVILIZATION_IPG_REDANIA',	'LOC_CITIZEN_IPG_REDANIA_MALE_7',		0 		),
		('CIVILIZATION_IPG_REDANIA',	'LOC_CITIZEN_IPG_REDANIA_MALE_8',		0 		),
		('CIVILIZATION_IPG_REDANIA',	'LOC_CITIZEN_IPG_REDANIA_MALE_9',		0 		),
		('CIVILIZATION_IPG_REDANIA',	'LOC_CITIZEN_IPG_REDANIA_MALE_10',		0 		),
		('CIVILIZATION_IPG_REDANIA',	'LOC_CITIZEN_IPG_REDANIA_FEMALE_1',		1 		),
		('CIVILIZATION_IPG_REDANIA',	'LOC_CITIZEN_IPG_REDANIA_FEMALE_2',		1 		),
		('CIVILIZATION_IPG_REDANIA',	'LOC_CITIZEN_IPG_REDANIA_FEMALE_3',		1 		),
		('CIVILIZATION_IPG_REDANIA',	'LOC_CITIZEN_IPG_REDANIA_FEMALE_4',		1 		),
		('CIVILIZATION_IPG_REDANIA',	'LOC_CITIZEN_IPG_REDANIA_FEMALE_5',		1 		),
		('CIVILIZATION_IPG_REDANIA',	'LOC_CITIZEN_IPG_REDANIA_FEMALE_6',		1 		),
		('CIVILIZATION_IPG_REDANIA',	'LOC_CITIZEN_IPG_REDANIA_FEMALE_7',		1 		),
		('CIVILIZATION_IPG_REDANIA',	'LOC_CITIZEN_IPG_REDANIA_FEMALE_8',		1 		),
		('CIVILIZATION_IPG_REDANIA',	'LOC_CITIZEN_IPG_REDANIA_FEMALE_9',		1 		),
		('CIVILIZATION_IPG_REDANIA',	'LOC_CITIZEN_IPG_REDANIA_FEMALE_10',	1 		);
-----------------------------------------------
-- CivilizationInfo
-----------------------------------------------
INSERT INTO	CivilizationInfo
		(CivilizationType,				Header,						Caption,								SortIndex	)
VALUES	('CIVILIZATION_IPG_REDANIA',	'LOC_CIVINFO_LOCATION',		'LOC_CIVINFO_IPG_REDANIA_LOCATION',		10			),
		('CIVILIZATION_IPG_REDANIA',	'LOC_CIVINFO_SIZE',			'LOC_CIVINFO_IPG_REDANIA_SIZE',			20			),
		('CIVILIZATION_IPG_REDANIA',	'LOC_CIVINFO_POPULATION',	'LOC_CIVINFO_IPG_REDANIA_POPULATION',	30			),
		('CIVILIZATION_IPG_REDANIA',	'LOC_CIVINFO_CAPITAL',		'LOC_CIVINFO_IPG_REDANIA_CAPITAL',		40			);
-----------------------------------------------
-- Start Bias
-----------------------------------------------
INSERT INTO	StartBiasTerrains
		(CivilizationType,						TerrainType,				Tier	)
VALUES	('CIVILIZATION_IPG_KOVIR_MINOR',		'TERRAIN_TUNDRA_HILLS',		1	),
		('CIVILIZATION_IPG_KOVIR_MINOR',		'TERRAIN_TUNDRA',			2	),
		('CIVILIZATION_IPG_POVISS_MINOR',		'TERRAIN_TUNDRA_HILLS',		1	),
		('CIVILIZATION_IPG_POVISS_MINOR',		'TERRAIN_TUNDRA',			2	),
		('CIVILIZATION_IPG_NOVIGRAD_MINOR',		'TERRAIN_COAST',			1	),
		('CIVILIZATION_IPG_YAMURLAK_MINOR',		'TERRAIN_COAST',			1	),
		('CIVILIZATION_IPG_REDANIA',			'TERRAIN_PLAINS',			3	),
		('CIVILIZATION_IPG_REDANIA',			'TERRAIN_GRASS',			3	);

INSERT INTO	StartBiasRivers
		(CivilizationType,						Tier	)
VALUES	('CIVILIZATION_IPG_REDANIA',			3		);

INSERT INTO StartBiasResources
		(CivilizationType,						ResourceType,				Tier	)
VALUES	('CIVILIZATION_IPG_KOVIR_MINOR',		'RESOURCE_SILVER',			4		),
		('CIVILIZATION_IPG_POVISS_MINOR',		'RESOURCE_SALT',			4		),
		('CIVILIZATION_IPG_REDANIA',			'RESOURCE_HORSES',			2		),
		('CIVILIZATION_IPG_REDANIA',			'RESOURCE_IRON',			5		),
		('CIVILIZATION_IPG_REDANIA',			'RESOURCE_WHEAT',			1		);
-----------------------------------------------
-- Religions
-----------------------------------------------
INSERT INTO Religions
		(ReligionType,					Name,								IconString,		Pantheon,	RequiresCustomName,	Color)
VALUES	('RELIGION_IPG_ETERNAL_FIRE',	'LOC_RELIGION_IPG_ETERNAL_FIRE',	'Ef',			0,			0,					'COLOR_RELIGION_IPG_ETERNAL_FIRE');
-----------------------------------------------
-- FavoredReligions
-----------------------------------------------
INSERT INTO FavoredReligions
		(CivilizationType,					ReligionType			)
VALUES	('CIVILIZATION_IPG_REDANIA',		'RELIGION_IPG_ETERNAL_FIRE'	);
-----------------------------------------------
-- Colors
-----------------------------------------------
INSERT INTO Colors
   		(Type,								Color			)
VALUES	('COLOR_RELIGION_IPG_ETERNAL_FIRE',	'245,120,24,255');