--==========================================================================================================================
-- PROMOTIONS
--==========================================================================================================================
INSERT INTO Types
		(Type,									Kind)
VALUES	('PROMOTION_LEU_OUTDOOR_CONCERTS',		'KIND_PROMOTION');

--

INSERT INTO UnitPromotions
		(UnitPromotionType,						Name,											Description,											Level,			PromotionClass,					Column)
VALUES	('PROMOTION_LEU_OUTDOOR_CONCERTS',		'LOC_PROMOTION_LEU_OUTDOOR_CONCERTS_NAME',		'LOC_PROMOTION_LEU_OUTDOOR_CONCERTS_DESCRIPTION',		1,				'PROMOTION_CLASS_ROCK_BAND',	0);

--

INSERT INTO UnitPromotionModifiers
		(UnitPromotionType,						ModifierId)
VALUES	('PROMOTION_LEU_OUTDOOR_CONCERTS',		'LEU_OUTDOOR_CONCERTS_PRESERVE_TOURISMBOMB_LEVEL'),
		('PROMOTION_LEU_OUTDOOR_CONCERTS',		'LEU_OUTDOOR_CONCERTS_PRESERVE_TOURISMBOMB_TOURISM'),
		('PROMOTION_LEU_OUTDOOR_CONCERTS',		'LEU_OUTDOOR_CONCERTS_GARDEN_TOURISMBOMB_LEVEL'),
		('PROMOTION_LEU_OUTDOOR_CONCERTS',		'LEU_OUTDOOR_CONCERTS_GARDEN_TOURISMBOMB_TOURISM');

INSERT OR REPLACE INTO UnitPromotionModifiers
		(UnitPromotionType,						ModifierId)
SELECT	'PROMOTION_LEU_OUTDOOR_CONCERTS',		'LEU_OUTDOOR_CONCERTS_'||CivUniqueDistrictType||'TOURISMBOMB_LEVEL'			FROM DistrictReplaces WHERE (ReplacesDistrictType = 'DISTRICT_PRESERVE' OR ReplacesDistrictType = 'DISTRICT_LEU_GARDEN') UNION ALL
SELECT	'PROMOTION_LEU_OUTDOOR_CONCERTS',		'LEU_OUTDOOR_CONCERTS_'||CivUniqueDistrictType||'TOURISMBOMB_TOURISM'		FROM DistrictReplaces WHERE (ReplacesDistrictType = 'DISTRICT_PRESERVE' OR ReplacesDistrictType = 'DISTRICT_LEU_GARDEN');

INSERT INTO Modifiers 
		(ModifierId,											ModifierType)
VALUES	('LEU_OUTDOOR_CONCERTS_PRESERVE_TOURISMBOMB_LEVEL',		'MODIFIER_PLAYER_UNIT_ADJUST_ROCK_BAND_LEVEL_DISTRICT'),
		('LEU_OUTDOOR_CONCERTS_PRESERVE_TOURISMBOMB_TOURISM',	'MODIFIER_PLAYER_UNIT_ADJUST_TOURISM_BOMB_DISTRICT'),
		('LEU_OUTDOOR_CONCERTS_GARDEN_TOURISMBOMB_LEVEL',		'MODIFIER_PLAYER_UNIT_ADJUST_ROCK_BAND_LEVEL_DISTRICT'),
		('LEU_OUTDOOR_CONCERTS_GARDEN_TOURISMBOMB_TOURISM',		'MODIFIER_PLAYER_UNIT_ADJUST_TOURISM_BOMB_DISTRICT');
		
INSERT INTO Modifiers 
		(ModifierId,															ModifierType)
SELECT	'LEU_OUTDOOR_CONCERTS_'||CivUniqueDistrictType||'TOURISMBOMB_LEVEL',	'MODIFIER_PLAYER_UNIT_ADJUST_ROCK_BAND_LEVEL_DISTRICT'		FROM DistrictReplaces WHERE (ReplacesDistrictType = 'DISTRICT_PRESERVE' OR ReplacesDistrictType = 'DISTRICT_LEU_GARDEN') UNION ALL
SELECT	'LEU_OUTDOOR_CONCERTS_'||CivUniqueDistrictType||'TOURISMBOMB_TOURISM',	'MODIFIER_PLAYER_UNIT_ADJUST_TOURISM_BOMB_DISTRICT'			FROM DistrictReplaces WHERE (ReplacesDistrictType = 'DISTRICT_PRESERVE' OR ReplacesDistrictType = 'DISTRICT_LEU_GARDEN');



INSERT INTO ModifierArguments
		(ModifierId,												Name,					Value)
VALUES	('LEU_OUTDOOR_CONCERTS_PRESERVE_TOURISMBOMB_LEVEL',			'DistrictType',			'DISTRICT_PRESERVE'),
		('LEU_OUTDOOR_CONCERTS_PRESERVE_TOURISMBOMB_LEVEL',			'Amount',				1),
		('LEU_OUTDOOR_CONCERTS_PRESERVE_TOURISMBOMB_TOURISM',		'DistrictType',			'DISTRICT_PRESERVE'),
		('LEU_OUTDOOR_CONCERTS_PRESERVE_TOURISMBOMB_TOURISM',		'Amount',				500),
		--
		('LEU_OUTDOOR_CONCERTS_GARDEN_TOURISMBOMB_LEVEL',			'DistrictType',			'DISTRICT_LEU_GARDEN'),
		('LEU_OUTDOOR_CONCERTS_GARDEN_TOURISMBOMB_LEVEL',			'Amount',				1),
		('LEU_OUTDOOR_CONCERTS_GARDEN_TOURISMBOMB_TOURISM',			'DistrictType',			'DISTRICT_LEU_GARDEN'),
		('LEU_OUTDOOR_CONCERTS_GARDEN_TOURISMBOMB_TOURISM',			'Amount',				500);
		--
		

INSERT INTO ModifierArguments
		(ModifierId,																	Name,					Value)
SELECT	'LEU_OUTDOOR_CONCERTS_'||CivUniqueDistrictType||'TOURISMBOMB_LEVEL',			'DistrictType',			CivUniqueDistrictType		FROM DistrictReplaces WHERE ReplacesDistrictType = 'DISTRICT_PRESERVE' UNION ALL
SELECT	'LEU_OUTDOOR_CONCERTS_'||CivUniqueDistrictType||'TOURISMBOMB_LEVEL',			'Amount',				1							FROM DistrictReplaces WHERE ReplacesDistrictType = 'DISTRICT_PRESERVE' UNION ALL
SELECT	'LEU_OUTDOOR_CONCERTS_'||CivUniqueDistrictType||'TOURISMBOMB_LEVEL',			'DistrictType',			CivUniqueDistrictType		FROM DistrictReplaces WHERE ReplacesDistrictType = 'DISTRICT_LEU_GARDEN' UNION ALL
SELECT	'LEU_OUTDOOR_CONCERTS_'||CivUniqueDistrictType||'TOURISMBOMB_LEVEL',			'Amount',				1							FROM DistrictReplaces WHERE ReplacesDistrictType = 'DISTRICT_LEU_GARDEN' UNION ALL
SELECT	'LEU_OUTDOOR_CONCERTS_'||CivUniqueDistrictType||'TOURISMBOMB_TOURISM',			'DistrictType',			CivUniqueDistrictType		FROM DistrictReplaces WHERE ReplacesDistrictType = 'DISTRICT_PRESERVE' UNION ALL
SELECT	'LEU_OUTDOOR_CONCERTS_'||CivUniqueDistrictType||'TOURISMBOMB_TOURISM',			'Amount',				500							FROM DistrictReplaces WHERE ReplacesDistrictType = 'DISTRICT_PRESERVE' UNION ALL
SELECT	'LEU_OUTDOOR_CONCERTS_'||CivUniqueDistrictType||'TOURISMBOMB_TOURISM',			'DistrictType',			CivUniqueDistrictType		FROM DistrictReplaces WHERE ReplacesDistrictType = 'DISTRICT_LEU_GARDEN' UNION ALL
SELECT	'LEU_OUTDOOR_CONCERTS_'||CivUniqueDistrictType||'TOURISMBOMB_TOURISM',			'Amount',				500							FROM DistrictReplaces WHERE ReplacesDistrictType = 'DISTRICT_LEU_GARDEN';


--
INSERT INTO Building_TourismBombs_XP2
		(BuildingType,					TourismBombValue)
VALUES	('BUILDING_SANCTUARY',			500),
		('BUILDING_LEU_PAVILLION',		500);

INSERT OR REPLACE INTO Building_TourismBombs_XP2
		(BuildingType,					TourismBombValue)
SELECT	CivUniqueBuildingType,			500						FROM BuildingReplaces WHERE ReplacesBuildingType = 'BUILDING_SANCTUARY' UNION ALL
SELECT	CivUniqueBuildingType,			500						FROM BuildingReplaces WHERE ReplacesBuildingType = 'BUILDING_LEU_CONSERVATORY';

