--------------------
-- Basics
--------------------

INSERT INTO Types
		(Type,									Kind)
VALUES	('BUILDING_PHANTA_BRONZE_BIRD_TERRACE',	'KIND_BUILDING');

INSERT INTO Buildings
		(BuildingType,
		Name,
		Description,
		PrereqCivic,
		AdjacentDistrict,
		Cost,
		AdvisorType,
		MaxWorldInstances,
		IsWonder,
		RequiresPlacement,
		RequiresRiver,
		ObsoleteEra,
		Quote)
VALUES	('BUILDING_PHANTA_BRONZE_BIRD_TERRACE',
		'LOC_BUILDING_PHANTA_BRONZE_BIRD_TERRACE_NAME',
		'LOC_BUILDING_PHANTA_BRONZE_BIRD_TERRACE_DESCRIPTION',
		'CIVIC_DRAMA_POETRY',
		'DISTRICT_CITY_CENTER',
		400,
		'ADVISOR_CULTURE',
		1,
		1,
		1,
		1,
		'ERA_RENAISSANCE',
		'LOC_BUILDING_PHANTA_BRONZE_BIRD_TERRACE_QUOTE');

INSERT INTO Building_GreatWorks
		(BuildingType,							GreatWorkSlotType,			NumSlots)
VALUES	('BUILDING_PHANTA_BRONZE_BIRD_TERRACE',	'GREATWORKSLOT_WRITING',	2),
		('BUILDING_PHANTA_BRONZE_BIRD_TERRACE',	'GREATWORKSLOT_PALACE',		1);

--INSERT INTO BuildingPrereqs
--		(Building,							PrereqBuilding)
--VALUES	('BUILDING_PHANTA_BRONZE_BIRD_TERRACE',	'BUILDING_TEMPLE');

--INSERT INTO Building_ValidTerrains
--		(BuildingType,						TerrainType)
--VALUES	('BUILDING_PHANTA_BRONZE_BIRD_TERRACE',	'TERRAIN_GRASS_HILLS'),
--		('BUILDING_PHANTA_BRONZE_BIRD_TERRACE',	'TERRAIN_PLAINS_HILLS'),
--		('BUILDING_PHANTA_BRONZE_BIRD_TERRACE',	'TERRAIN_DESERT_HILLS'),
--		('BUILDING_PHANTA_BRONZE_BIRD_TERRACE',	'TERRAIN_TUNDRA_HILLS'),
--		('BUILDING_PHANTA_BRONZE_BIRD_TERRACE',	'TERRAIN_SNOW_HILLS');

--------------------
-- Bonuses
--------------------

--==== 1: Grants a free Great Writer

INSERT INTO BuildingModifiers (BuildingType, ModifierId) VALUES 
('BUILDING_PHANTA_BRONZE_BIRD_TERRACE', 'MODFEAT_PHANTA_BRONZE_BIRD_TERRACE_GRANT_WRITER');

INSERT INTO Modifiers (ModifierId, ModifierType, RunOnce, Permanent, NewOnly, OwnerRequirementSetId, SubjectRequirementSetId) VALUES 
('MODFEAT_PHANTA_BRONZE_BIRD_TERRACE_GRANT_WRITER', 'MODIFIER_SINGLE_CITY_GRANT_GREAT_PERSON_CLASS_IN_CITY', 1, 1, 0, NULL, NULL);

INSERT INTO ModifierArguments (ModifierId, Name, Value) VALUES 
('MODFEAT_PHANTA_BRONZE_BIRD_TERRACE_GRANT_WRITER', 'Amount', '1'), 
('MODFEAT_PHANTA_BRONZE_BIRD_TERRACE_GRANT_WRITER', 'GreatPersonClassType', 'GREAT_PERSON_CLASS_WRITER');

--------------------
-- Great Person
--------------------

INSERT INTO Types
			(Type,										Kind)
VALUES		('GREAT_PERSON_INDIVIDUAL_PHANTA_CAO_ZHI',	'KIND_GREAT_PERSON_INDIVIDUAL'),
			('GREAT_PERSON_INDIVIDUAL_PHANTA_CHEN_LIN',	'KIND_GREAT_PERSON_INDIVIDUAL'),
			('GREAT_PERSON_INDIVIDUAL_PHANTA_WANG_CAN',	'KIND_GREAT_PERSON_INDIVIDUAL'),
			('GREATWORK_PHANTA_CAO_ZHI_1',				'KIND_GREATWORK'),
			('GREATWORK_PHANTA_CAO_ZHI_2',				'KIND_GREATWORK'),
			('GREATWORK_PHANTA_CHEN_LIN_1',				'KIND_GREATWORK'),
			('GREATWORK_PHANTA_CHEN_LIN_2',				'KIND_GREATWORK'),
			('GREATWORK_PHANTA_WANG_CAN_1',				'KIND_GREATWORK'),
			('GREATWORK_PHANTA_WANG_CAN_2',				'KIND_GREATWORK');

INSERT INTO GreatPersonIndividuals
			(GreatPersonIndividualType,						Name,													GreatPersonClassType,			EraType,			Gender,	ActionCharges)
VALUES		('GREAT_PERSON_INDIVIDUAL_PHANTA_CAO_ZHI',		'LOC_GREAT_PERSON_INDIVIDUAL_PHANTA_CAO_ZHI_NAME',		'GREAT_PERSON_CLASS_WRITER',	'ERA_CLASSICAL',	'M',	0),
			('GREAT_PERSON_INDIVIDUAL_PHANTA_CHEN_LIN',		'LOC_GREAT_PERSON_INDIVIDUAL_PHANTA_CHEN_LIN_NAME',		'GREAT_PERSON_CLASS_WRITER',	'ERA_CLASSICAL',	'M',	0),
			('GREAT_PERSON_INDIVIDUAL_PHANTA_WANG_CAN',		'LOC_GREAT_PERSON_INDIVIDUAL_PHANTA_WANG_CAN_NAME',		'GREAT_PERSON_CLASS_WRITER',	'ERA_CLASSICAL',	'M',	0);

INSERT INTO GreatWorks
			(GreatWorkType,					GreatWorkObjectType,			GreatPersonIndividualType,						Name,											Quote,										Tourism,	Audio)
VALUES		('GREATWORK_PHANTA_CAO_ZHI_1',	'GREATWORKOBJECT_WRITING',		'GREAT_PERSON_INDIVIDUAL_PHANTA_CAO_ZHI',		'LOC_GREATWORK_PHANTA_CAO_ZHI_1_NAME',			'LOC_GREATWORK_PHANTA_CAO_ZHI_1_QUOTE',		2,			''),
			('GREATWORK_PHANTA_CAO_ZHI_2',	'GREATWORKOBJECT_WRITING',		'GREAT_PERSON_INDIVIDUAL_PHANTA_CAO_ZHI',		'LOC_GREATWORK_PHANTA_CAO_ZHI_2_NAME',			'LOC_GREATWORK_PHANTA_CAO_ZHI_2_QUOTE',		2,			''),
			('GREATWORK_PHANTA_CHEN_LIN_1',	'GREATWORKOBJECT_WRITING',		'GREAT_PERSON_INDIVIDUAL_PHANTA_CHEN_LIN',		'LOC_GREATWORK_PHANTA_CHEN_LIN_1_NAME',			'LOC_GREATWORK_PHANTA_CHEN_LIN_1_QUOTE',	2,			''),
			('GREATWORK_PHANTA_CHEN_LIN_2',	'GREATWORKOBJECT_WRITING',		'GREAT_PERSON_INDIVIDUAL_PHANTA_CHEN_LIN',		'LOC_GREATWORK_PHANTA_CHEN_LIN_2_NAME',			'LOC_GREATWORK_PHANTA_CHEN_LIN_2_QUOTE',	2,			''),
			('GREATWORK_PHANTA_WANG_CAN_1',	'GREATWORKOBJECT_WRITING',		'GREAT_PERSON_INDIVIDUAL_PHANTA_WANG_CAN',		'LOC_GREATWORK_PHANTA_WANG_CAN_1_NAME',			'LOC_GREATWORK_PHANTA_WANG_CAN_1_QUOTE',	2,			''),
			('GREATWORK_PHANTA_WANG_CAN_2',	'GREATWORKOBJECT_WRITING',		'GREAT_PERSON_INDIVIDUAL_PHANTA_WANG_CAN',		'LOC_GREATWORK_PHANTA_WANG_CAN_2_NAME',			'LOC_GREATWORK_PHANTA_WANG_CAN_2_QUOTE',	2,			'');

INSERT INTO GreatWork_YieldChanges
			(GreatWorkType,					YieldType,			YieldChange)
VALUES		('GREATWORK_PHANTA_CAO_ZHI_1',	'YIELD_CULTURE',	2),
			('GREATWORK_PHANTA_CAO_ZHI_2',	'YIELD_CULTURE',	2),
			('GREATWORK_PHANTA_CHEN_LIN_1',	'YIELD_CULTURE',	2),
			('GREATWORK_PHANTA_CHEN_LIN_2',	'YIELD_CULTURE',	2),
			('GREATWORK_PHANTA_WANG_CAN_1',	'YIELD_CULTURE',	2),
			('GREATWORK_PHANTA_WANG_CAN_2',	'YIELD_CULTURE',	2);