--==== 2.1 Antiquity Sites production

INSERT OR REPLACE INTO GovernorPromotionModifiers
		(GovernorPromotionType,				ModifierId)
SELECT	GovernorPromotionType,				'MODFEAT_TAQ_KASRA_GOVERNOR_ANTIQUITY_SITE_PRODUCTION'
FROM	GovernorPromotions;

INSERT INTO Modifiers (ModifierId, ModifierType, RunOnce, Permanent, NewOnly, OwnerRequirementSetId, SubjectRequirementSetId) VALUES 
('MODFEAT_TAQ_KASRA_GOVERNOR_ANTIQUITY_SITE_PRODUCTION', 'MODIFIER_CITY_PLOT_YIELDS_ADJUST_PLOT_YIELD', 0, 0, 0, 'REQSET_TAQ_KASRA_PLAYER_HAS_TAQ_KASRA', 'REQSET_TAQ_KASRA_ANTIQUITY_SITE');

INSERT INTO ModifierArguments (ModifierId, Name, Value) VALUES 
('MODFEAT_TAQ_KASRA_GOVERNOR_ANTIQUITY_SITE_PRODUCTION', 'Amount', '1'), 
('MODFEAT_TAQ_KASRA_GOVERNOR_ANTIQUITY_SITE_PRODUCTION', 'YieldType', 'YIELD_PRODUCTION');

-- RequirementSets

INSERT INTO RequirementSets (RequirementSetId, RequirementSetType) VALUES 
('REQSET_TAQ_KASRA_PLAYER_HAS_TAQ_KASRA', 'REQUIREMENTSET_TEST_ALL'), 
('REQSET_TAQ_KASRA_ANTIQUITY_SITE', 'REQUIREMENTSET_TEST_ALL');

INSERT INTO RequirementSetRequirements (RequirementSetId, RequirementId) VALUES 
('REQSET_TAQ_KASRA_PLAYER_HAS_TAQ_KASRA', 'REQ_TAQ_KASRA_PLAYER_HAS_TAQ_KASRA'), 
('REQSET_TAQ_KASRA_ANTIQUITY_SITE', 'REQ_TAQ_KASRA_ANTIQUITY_SITE'), 
('REQSET_TAQ_KASRA_ANTIQUITY_SITE', 'REQUIRES_PLOT_HAS_VISIBLE_RESOURCE');

-- Requirements

INSERT INTO Requirements (RequirementId, RequirementType) VALUES 
('REQ_TAQ_KASRA_PLAYER_HAS_TAQ_KASRA', 'REQUIREMENT_PLAYER_HAS_BUILDING'), 
('REQ_TAQ_KASRA_ANTIQUITY_SITE', 'REQUIREMENT_PLOT_RESOURCE_TYPE_MATCHES');

INSERT INTO RequirementArguments (RequirementId, Name, Value) VALUES 
('REQ_TAQ_KASRA_PLAYER_HAS_TAQ_KASRA', 'BuildingType', 'BUILDING_TAQ_KASRA'), 
('REQ_TAQ_KASRA_ANTIQUITY_SITE', 'ResourceType', 'RESOURCE_ANTIQUITY_SITE');

--==== 3.2 Antiquity Site Culture

INSERT OR REPLACE INTO BuildingModifiers
		(BuildingType,				ModifierId)
SELECT	BuildingType,				'MODFEAT_TAQ_KASRA_WONDER_ANTIQUITY_SITE_CULTURE'
FROM	Buildings
WHERE	IsWonder = 1;

INSERT INTO Modifiers (ModifierId, ModifierType, RunOnce, Permanent, NewOnly, OwnerRequirementSetId, SubjectRequirementSetId) VALUES 
('MODFEAT_TAQ_KASRA_WONDER_ANTIQUITY_SITE_CULTURE', 'MODIFIER_CITY_PLOT_YIELDS_ADJUST_PLOT_YIELD', 0, 0, 0, 'REQSET_TAQ_KASRA_PLAYER_HAS_TAQ_KASRA', 'REQSET_TAQ_KASRA_ANTIQUITY_SITE');

INSERT INTO ModifierArguments (ModifierId, Name, Value) VALUES 
('MODFEAT_TAQ_KASRA_WONDER_ANTIQUITY_SITE_CULTURE', 'Amount', '2'), 
('MODFEAT_TAQ_KASRA_WONDER_ANTIQUITY_SITE_CULTURE', 'YieldType', 'YIELD_CULTURE');

--==== 4.1 Taq Kasra Production

INSERT OR REPLACE INTO GovernorPromotionModifiers
		(GovernorPromotionType,				ModifierId)
SELECT	GovernorPromotionType,				'MODFEAT_TAQ_KASRA_WONDER_TAQ_KASRA_PRODUCTION'
FROM	GovernorPromotions;

INSERT INTO Modifiers (ModifierId, ModifierType, RunOnce, Permanent, NewOnly, OwnerRequirementSetId, SubjectRequirementSetId) VALUES 
('MODFEAT_TAQ_KASRA_WONDER_TAQ_KASRA_PRODUCTION', 'MODIFIER_BUILDING_YIELD_CHANGE', 0, 0, 0, NULL, NULL);

INSERT INTO ModifierArguments (ModifierId, Name, Value) VALUES 
('MODFEAT_TAQ_KASRA_WONDER_TAQ_KASRA_PRODUCTION', 'Amount', '1'), 
('MODFEAT_TAQ_KASRA_WONDER_TAQ_KASRA_PRODUCTION', 'BuildingType', 'BUILDING_TAQ_KASRA'), 
('MODFEAT_TAQ_KASRA_WONDER_TAQ_KASRA_PRODUCTION', 'YieldType', 'YIELD_PRODUCTION');

--==== 4.2 Taq Kasra Culture

INSERT OR REPLACE INTO BuildingModifiers
		(BuildingType,				ModifierId)
SELECT	BuildingType,				'MODFEAT_TAQ_KASRA_WONDER_TAQ_KASRA_CULTURE'
FROM	Buildings
WHERE	IsWonder = 1;

INSERT INTO Modifiers (ModifierId, ModifierType, RunOnce, Permanent, NewOnly, OwnerRequirementSetId, SubjectRequirementSetId) VALUES 
('MODFEAT_TAQ_KASRA_WONDER_TAQ_KASRA_CULTURE', 'MODIFIER_BUILDING_YIELD_CHANGE', 0, 0, 0, NULL, NULL);

INSERT INTO ModifierArguments (ModifierId, Name, Value) VALUES 
('MODFEAT_TAQ_KASRA_WONDER_TAQ_KASRA_CULTURE', 'Amount', '2'), 
('MODFEAT_TAQ_KASRA_WONDER_TAQ_KASRA_CULTURE', 'BuildingType', 'BUILDING_TAQ_KASRA'), 
('MODFEAT_TAQ_KASRA_WONDER_TAQ_KASRA_CULTURE', 'YieldType', 'YIELD_CULTURE');