/*
	Leader Unique Ability
	Author: iPlayGamesITA
	Original template by: MC
	Thanks to everyone in the Civ VI Modding Helpline Discord Server!
*/
-----------------------------------------------
-- DEMAVEND
-----------------------------------------------
INSERT INTO Types
		(Type,											Kind		)
VALUES	('TRAIT_LEADER_DISPUTE_OVER_UPPER_AEDIRN',		'KIND_TRAIT');

INSERT INTO	Traits
		(TraitType,									Name,												Description											)
VALUES	('TRAIT_LEADER_DISPUTE_OVER_UPPER_AEDIRN',	'LOC_TRAIT_LEADER_DISPUTE_OVER_UPPER_AEDIRN_NAME',	'LOC_TRAIT_LEADER_DISPUTE_OVER_UPPER_AEDIRN_DESCRIPTION'	);

INSERT INTO	LeaderTraits
		(LeaderType,			TraitType							)
VALUES	('LEADER_IPG_DEMAVEND',	'TRAIT_LEADER_DISPUTE_OVER_UPPER_AEDIRN'	),
		('LEADER_IPG_DEMAVEND',	'TRAIT_LEADER_SCIENCE_MAJOR_CIV'			),
		('LEADER_IPG_DEMAVEND',	'TRAIT_LEADER_PURSUE_DIPLOMATIC_VICTORY'	);

INSERT INTO TraitModifiers 
		(TraitType,									ModifierId								)
VALUES	('TRAIT_LEADER_DISPUTE_OVER_UPPER_AEDIRN',	'MODIFIER_EXTRA_STRENGTH_WAR_RECEIVED'	),
		('TRAIT_LEADER_DISPUTE_OVER_UPPER_AEDIRN',	'MODIFIER_EXTRA_PRODUCTION_WAR'	);

INSERT INTO Modifiers
		(ModifierId,								ModifierType										)
VALUES	('MODIFIER_EXTRA_STRENGTH_WAR_RECEIVED',	'MODIFIER_PLAYER_ADD_DIPLOMATIC_COMBAT_MODIFIER'	),
		('MODIFIER_EXTRA_PRODUCTION_WAR',			'MODIFIER_PLAYER_ADD_DIPLOMATIC_YIELD_MODIFIER'		);

INSERT INTO ModifierArguments 
		(ModifierId,										Name,							Value	)
VALUES	('MODIFIER_EXTRA_PRODUCTION_WAR',					'DiplomaticYieldSource',		'WAR_DECLARATION_RECEIVED'		),
		('MODIFIER_EXTRA_PRODUCTION_WAR',					'TurnsActive',					10 	),
		('MODIFIER_EXTRA_PRODUCTION_WAR',					'YieldType',					'YIELD_PRODUCTION'	),
		('MODIFIER_EXTRA_PRODUCTION_WAR',					'Amount',						50	),
		('MODIFIER_EXTRA_STRENGTH_WAR_RECEIVED',			'DiplomaticYieldSource',		'WAR_DECLARATION_RECEIVED'		),
		('MODIFIER_EXTRA_STRENGTH_WAR_RECEIVED',			'TurnsActive',					10	),
		('MODIFIER_EXTRA_STRENGTH_WAR_RECEIVED',			'Amount',						5	);
-----------------------------------------------
-- DOL BLATHANNA
-----------------------------------------------
INSERT INTO Types
		(Type,											Kind		)
VALUES	('MINOR_CIV_IPG_DOL_BLATHANNA_MINOR_TRAIT',		'KIND_TRAIT');

INSERT INTO	Traits
		(TraitType,									Name,												Description											)
VALUES	('MINOR_CIV_IPG_DOL_BLATHANNA_MINOR_TRAIT',	'LOC_MINOR_CIV_IPG_DOL_BLATHANNA_MINOR_TRAIT_NAME',	'LOC_MINOR_CIV_IPG_DOL_BLATHANNA_MINOR_TRAIT_DESCRIPTION'		);

INSERT INTO	LeaderTraits
		(LeaderType,			TraitType							)
VALUES	('LEADER_MINOR_CIV_IPG_DOL_BLATHANNA_MINOR',	'MINOR_CIV_IPG_DOL_BLATHANNA_MINOR_TRAIT');

INSERT INTO TraitModifiers 
		(TraitType,										ModifierId											)
VALUES	('MINOR_CIV_IPG_DOL_BLATHANNA_MINOR_TRAIT',		'MINOR_CIV_IPG_DOL_BLATHANNA_MINOR_UNIQUE_INFLUENCE_ELVEN_COMMANDO_BONUS');

INSERT INTO Modifiers
		(ModifierId,																				ModifierType,										SubjectRequirementSetId			)
VALUES	('MINOR_CIV_IPG_DOL_BLATHANNA_MINOR_UNIQUE_INFLUENCE_ELVEN_COMMANDO_BONUS',					'MODIFIER_ALL_PLAYERS_ATTACH_MODIFIER',				'PLAYER_IS_SUZERAIN'			),
		('MODIFIER_DOL_BLATHANNA_ALLOW_ELVEN_COMMANDO',												'MODIFIER_PLAYER_ADJUST_VALID_UNIT_BUILD',			null							);

INSERT INTO ModifierArguments 
		(ModifierId,																	Name,			Value	)
VALUES	('MINOR_CIV_IPG_DOL_BLATHANNA_MINOR_UNIQUE_INFLUENCE_ELVEN_COMMANDO_BONUS',		'ModifierId',	'MODIFIER_DOL_BLATHANNA_ALLOW_ELVEN_COMMANDO'	),
		('MODIFIER_DOL_BLATHANNA_ALLOW_ELVEN_COMMANDO',									'UnitType',		'UNIT_ELVEN_COMMANDO'							);
-----------------------------------------------
-- LYRIA
-----------------------------------------------
INSERT INTO Types
		(Type,											Kind		)
VALUES	('MINOR_CIV_IPG_LYRIA_MINOR_TRAIT',				'KIND_TRAIT');

INSERT INTO	Traits
		(TraitType,									Name,												Description										)
VALUES	('MINOR_CIV_IPG_LYRIA_MINOR_TRAIT',			'LOC_MINOR_CIV_IPG_LYRIA_MINOR_TRAIT_NAME',			'LOC_MINOR_CIV_IPG_LYRIA_MINOR_TRAIT_DESCRIPTION'		);

INSERT INTO	LeaderTraits
		(LeaderType,							TraitType							)
VALUES	('LEADER_MINOR_CIV_IPG_LYRIA_MINOR',	'MINOR_CIV_IPG_LYRIA_MINOR_TRAIT'	);

INSERT INTO TraitModifiers 
		(TraitType,									ModifierId																					)
VALUES	('MINOR_CIV_IPG_LYRIA_MINOR_TRAIT',			'MINOR_CIV_IPG_LYRIA_MINOR_UNIQUE_INFLUENCE_DISTRICTS_TOURISM_CHARMING_APPEAL'				),
		('MINOR_CIV_IPG_LYRIA_MINOR_TRAIT',			'MINOR_CIV_IPG_LYRIA_MINOR_UNIQUE_INFLUENCE_FARMS_PRODUCTION_SUZERAIN_OF_INDUSTIAL_BONUS'	);

INSERT INTO Modifiers
		(ModifierId,																					ModifierType,									SubjectRequirementSetId				)
VALUES	('MINOR_CIV_IPG_LYRIA_MINOR_UNIQUE_INFLUENCE_DISTRICTS_TOURISM_CHARMING_APPEAL',				'MODIFIER_ALL_PLAYERS_ATTACH_MODIFIER',			'PLAYER_IS_SUZERAIN'				),
		('MINOR_CIV_IPG_LYRIA_MINOR_UNIQUE_INFLUENCE_FARMS_PRODUCTION_SUZERAIN_OF_INDUSTIAL_BONUS',		'MODIFIER_ALL_PLAYERS_ATTACH_MODIFIER',			'PLAYER_IS_SUZERAIN'				),
		
		('LYRIA_DISTRICTS_TOURISM',															'MODIFIER_PLAYER_DISTRICTS_ADJUST_TOURISM_CHANGE',			'PLOT_CHARMING_APPEAL'				),
		('LYRIA_FARM_PRODUCTION',																		'MODIFIER_PLAYER_ADJUST_PLOT_YIELD',			'LYRIA_FARM_SUZERAIN_OF_INDUSTRIAL'	);

INSERT INTO ModifierArguments 
		(ModifierId,																				Name,			Value	)
VALUES	('MINOR_CIV_IPG_LYRIA_MINOR_UNIQUE_INFLUENCE_DISTRICTS_TOURISM_CHARMING_APPEAL',			'ModifierId',	'LYRIA_DISTRICTS_TOURISM'),
		('MINOR_CIV_IPG_LYRIA_MINOR_UNIQUE_INFLUENCE_FARMS_PRODUCTION_SUZERAIN_OF_INDUSTIAL_BONUS',	'ModifierId',	'LYRIA_FARM_PRODUCTION'	),

		('LYRIA_DISTRICTS_TOURISM',																	'Amount',		1		),
		('LYRIA_FARM_PRODUCTION',																	'YieldType',	'YIELD_PRODUCTION'		),
		('LYRIA_FARM_PRODUCTION',																	'Amount',		1		);

INSERT INTO RequirementSets
		(RequirementSetId,								RequirementSetType				)
VALUES	('LYRIA_FARM_SUZERAIN_OF_INDUSTRIAL',			'REQUIREMENTSET_TEST_ALL'		);

INSERT INTO RequirementSetRequirements
		(RequirementSetId,							RequirementId					)
VALUES	('LYRIA_FARM_SUZERAIN_OF_INDUSTRIAL',		'LYRIA_SUZERAIN_OF_INDUSTRIAL'	),
		('LYRIA_FARM_SUZERAIN_OF_INDUSTRIAL',		'AEDIRN_TILE_HAS_FARM'			);

INSERT INTO Requirements
		(RequirementId, 						RequirementType,							Inverse		)
VALUES	('LYRIA_SUZERAIN_OF_INDUSTRIAL',		'REQUIREMENT_PLAYER_IS_SUZERAIN_X_TYPE',		0		);

INSERT INTO RequirementArguments
		(RequirementId, 							Name,					Value							)
VALUES	('LYRIA_SUZERAIN_OF_INDUSTRIAL',			'LeaderType',			'LEADER_MINOR_CIV_INDUSTRIAL'	),
		('LYRIA_SUZERAIN_OF_INDUSTRIAL',			'Amount',				'1'								);
-----------------------------------------------
-- RIVIA
-----------------------------------------------
INSERT INTO Types
		(Type,											Kind		)
VALUES	('MINOR_CIV_IPG_RIVIA_MINOR_TRAIT',				'KIND_TRAIT');

INSERT INTO	Traits
		(TraitType,									Name,												Description											)
VALUES	('MINOR_CIV_IPG_RIVIA_MINOR_TRAIT',			'LOC_MINOR_CIV_IPG_RIVIA_MINOR_TRAIT_NAME',			'LOC_MINOR_CIV_IPG_RIVIA_MINOR_TRAIT_DESCRIPTION'	);

INSERT INTO	LeaderTraits
		(LeaderType,			TraitType							)
VALUES	('LEADER_MINOR_CIV_IPG_RIVIA_MINOR',			'MINOR_CIV_IPG_RIVIA_MINOR_TRAIT'			);

INSERT INTO TraitModifiers 
		(TraitType,									ModifierId											)
VALUES	('MINOR_CIV_IPG_RIVIA_MINOR_TRAIT',			'MINOR_CIV_IPG_RIVIA_MINOR_UNIQUE_INFLUENCE_DISTRICTS_PRODUCTION_UNINVITING_APPEAL'),
		('MINOR_CIV_IPG_RIVIA_MINOR_TRAIT',			'MINOR_CIV_IPG_RIVIA_MINOR_UNIQUE_INFLUENCE_FARMS_CULTURE_SUZERAIN_OF_CULTURAL_BONUS');

INSERT INTO Modifiers
		(ModifierId,																				ModifierType,										SubjectRequirementSetId					)
VALUES	('MINOR_CIV_IPG_RIVIA_MINOR_UNIQUE_INFLUENCE_DISTRICTS_PRODUCTION_UNINVITING_APPEAL',		'MODIFIER_ALL_PLAYERS_ATTACH_MODIFIER',				'PLAYER_IS_SUZERAIN'					),
		('MINOR_CIV_IPG_RIVIA_MINOR_UNIQUE_INFLUENCE_FARMS_CULTURE_SUZERAIN_OF_CULTURAL_BONUS',		'MODIFIER_ALL_PLAYERS_ATTACH_MODIFIER',				'PLAYER_IS_SUZERAIN'					),
		
		('RIVIA_DISTRICTS_PRODUCTION',																'MODIFIER_PLAYER_DISTRICTS_ADJUST_YIELD_CHANGE',	'RIVIA_UNINVITING_APPEAL'		),
		('RIVIA_FARM_CULTURE',																		'MODIFIER_PLAYER_ADJUST_PLOT_YIELD',				'RIVIA_CULTURAL_SUZERAIN_AND_FARM'		);

INSERT INTO ModifierArguments 
		(ModifierId,																			Name,			Value					)
VALUES	('MINOR_CIV_IPG_RIVIA_MINOR_UNIQUE_INFLUENCE_DISTRICTS_PRODUCTION_UNINVITING_APPEAL',	'ModifierId',	'RIVIA_DISTRICTS_PRODUCTION'),
		('MINOR_CIV_IPG_RIVIA_MINOR_UNIQUE_INFLUENCE_FARMS_CULTURE_SUZERAIN_OF_CULTURAL_BONUS',	'ModifierId',	'RIVIA_FARM_CULTURE'	),

		('RIVIA_DISTRICTS_PRODUCTION',															'YieldType',	'YIELD_PRODUCTION'		),
		('RIVIA_DISTRICTS_PRODUCTION',															'Amount',		1		),
		('RIVIA_FARM_CULTURE',																	'YieldType',	'YIELD_CULTURE'			),
		('RIVIA_FARM_CULTURE',																	'Amount',		1						);

INSERT INTO RequirementSets
		(RequirementSetId,								RequirementSetType				)
VALUES	('RIVIA_CULTURAL_SUZERAIN_AND_FARM',			'REQUIREMENTSET_TEST_ALL'		),
		('RIVIA_UNINVITING_APPEAL',						'REQUIREMENTSET_TEST_ALL'		);

INSERT INTO RequirementSetRequirements
		(RequirementSetId,							RequirementId					)
VALUES	('RIVIA_CULTURAL_SUZERAIN_AND_FARM',		'RIVIA_SUZERAIN_OF_CULTURAL'	),
		('RIVIA_CULTURAL_SUZERAIN_AND_FARM',		'AEDIRN_TILE_HAS_FARM'			),
		('RIVIA_UNINVITING_APPEAL',					'RIVIA_PLOT_UNINVITING_APPEAL'	);

INSERT INTO Requirements
		(RequirementId, 						RequirementType,							Inverse		)
VALUES	('RIVIA_SUZERAIN_OF_CULTURAL',			'REQUIREMENT_PLAYER_IS_SUZERAIN_X_TYPE',	0			),	
		('RIVIA_PLOT_UNINVITING_APPEAL',		'REQUIREMENT_PLOT_IS_APPEAL_BETWEEN',		0			);	

INSERT INTO RequirementArguments
		(RequirementId, 							Name,					Value	)
VALUES	('RIVIA_SUZERAIN_OF_CULTURAL',				'LeaderType',			'LEADER_MINOR_CIV_CULTURAL'		),
		('RIVIA_SUZERAIN_OF_CULTURAL',				'Amount',				1		),
		('RIVIA_PLOT_UNINVITING_APPEAL',			'MaximumAppeal',		-2		);