/*
	Leader Unique Ability
	Author: iPLayGamesITA
	Original template by: MC
	Thanks to everyone in the Civ VI Modding Helpline Discord Server!
*/

INSERT INTO Types
		(Type,											Kind			)
VALUES	('TRAIT_LEADER_LIONESS_OF_CINTRA',				'KIND_TRAIT'	),
		('MINOR_CIV_IPG_NAZAIR_MINOR_TRAIT',			'KIND_TRAIT'	),
		('MINOR_CIV_IPG_SODDEN_MINOR_TRAIT',			'KIND_TRAIT'	),
		('MINOR_CIV_IPG_ATTRE_MINOR_TRAIT',				'KIND_TRAIT'	),
		('ABILITY_LIONESS_OF_CINTRA_ALL_UNITS',			'KIND_ABILITY'	);

INSERT INTO TypeTags
		(Type,										Tag							)
VALUES	('ABILITY_LIONESS_OF_CINTRA_ALL_UNITS',		'CLASS_ALL_COMBAT_UNITS'	);

INSERT INTO	Traits
		(TraitType,									Name,												Description												)
VALUES	('TRAIT_LEADER_LIONESS_OF_CINTRA',			'LOC_TRAIT_LEADER_LIONESS_OF_CINTRA_NAME',			'LOC_TRAIT_LEADER_LIONESS_OF_CINTRA_DESCRIPTION'		),
		('MINOR_CIV_IPG_NAZAIR_MINOR_TRAIT',		'LOC_MINOR_CIV_IPG_NAZAIR_MINOR_TRAIT_NAME',		'LOC_MINOR_CIV_IPG_NAZAIR_MINOR_TRAIT_DESCRIPTION'		),
		('MINOR_CIV_IPG_SODDEN_MINOR_TRAIT',		'LOC_MINOR_CIV_IPG_SODDEN_MINOR_TRAIT_NAME',		'LOC_MINOR_CIV_IPG_SODDEN_MINOR_TRAIT_DESCRIPTION'		),
		('MINOR_CIV_IPG_ATTRE_MINOR_TRAIT',			'LOC_MINOR_CIV_IPG_ATTRE_MINOR_TRAIT_NAME',			'LOC_MINOR_CIV_IPG_ATTRE_MINOR_TRAIT_DESCRIPTION'		);

INSERT INTO UnitAbilities
		(UnitAbilityType,							Description,								Inactive	)
VALUES	('ABILITY_LIONESS_OF_CINTRA_ALL_UNITS',		'LOC_ABILITY_LIONESS_OF_CINTRA_ALL_UNITS',		1		);

INSERT INTO	LeaderTraits
		(LeaderType,							TraitType							)
VALUES	('LEADER_IPG_CALANTHE',					'TRAIT_LEADER_LIONESS_OF_CINTRA'	),
		('LEADER_IPG_CALANTHE',					'TRAIT_LEADER_CULTURAL_MAJOR_CIV'	),
		('LEADER_IPG_CALANTHE',					'TRAIT_LEADER_PURSUE_DIPLOMATIC_VICTORY'	),
		('LEADER_MINOR_CIV_IPG_NAZAIR_MINOR',	'MINOR_CIV_IPG_NAZAIR_MINOR_TRAIT'	),
		('LEADER_MINOR_CIV_IPG_SODDEN_MINOR',	'MINOR_CIV_IPG_SODDEN_MINOR_TRAIT'	),
		('LEADER_MINOR_CIV_IPG_ATTRE_MINOR',	'MINOR_CIV_IPG_ATTRE_MINOR_TRAIT'	);

INSERT INTO TraitModifiers 
		(TraitType,								ModifierId												)
VALUES	('TRAIT_LEADER_LIONESS_OF_CINTRA',		'CINTRA_ALLIANCE_POINTS_FROM_TRADE'						),
		('TRAIT_LEADER_LIONESS_OF_CINTRA',		'CINTRA_EMERGENCIES_COMPETITIONS_EXTRA_FAVOR'			),
		('TRAIT_LEADER_LIONESS_OF_CINTRA',		'CINTRA_ALL_UNITS_GRANT_ABILITY'						),
		
		('MINOR_CIV_IPG_NAZAIR_MINOR_TRAIT',	'MINOR_CIV_IPG_NAZAIR_MINOR_UNIQUE_INFLUENCE_BONUS'		),		
		('MINOR_CIV_IPG_SODDEN_MINOR_TRAIT',	'MINOR_CIV_IPG_SODDEN_MINOR_UNIQUE_INFLUENCE_BONUS'		),
		('MINOR_CIV_IPG_ATTRE_MINOR_TRAIT',		'MINOR_CIV_IPG_ATTRE_MINOR_UNIQUE_INFLUENCE_BONUS'		);
		
INSERT INTO UnitAbilityModifiers
		(UnitAbilityType,							ModifierId							)
VALUES	('ABILITY_LIONESS_OF_CINTRA_ALL_UNITS',		'CINTRA_ALL_UNITS_ADJUST_STRENGTH_FOR_ALLIANCE'	);


INSERT INTO Modifiers
		(ModifierId,												ModifierType,												SubjectRequirementSetID				)
VALUES	('CINTRA_ALLIANCE_POINTS_FROM_TRADE',						'MODIFIER_PLAYER_ADJUST_ALLIANCE_POINTS_FOR_TRADE',			null		),
		('CINTRA_EMERGENCIES_COMPETITIONS_EXTRA_FAVOR',				'MODIFIER_PLAYER_ADJUST_EMERGENCY_FAVOR_MODIFIER',			null		),
		('CINTRA_ALL_UNITS_GRANT_ABILITY',							'MODIFIER_PLAYER_UNITS_GRANT_ABILITY',						null		),
		('CINTRA_ALL_UNITS_ADJUST_STRENGTH_FOR_ALLIANCE',			'MODIFIER_SINGLE_UNIT_ADJUST_COMBAT_FOR_NUMBER_ALLIES',		null		),
				
		('MINOR_CIV_IPG_NAZAIR_MINOR_UNIQUE_INFLUENCE_BONUS',		'MODIFIER_ALL_PLAYERS_ATTACH_MODIFIER',						'PLAYER_IS_SUZERAIN'	),
		('MINOR_CIV_IPG_NAZAIR_MINOR_AZURE_ROSE',					'MODIFIER_PLAYER_ADJUST_FREE_RESOURCE_IMPORT',				null		),
		
		('MINOR_CIV_IPG_SODDEN_MINOR_UNIQUE_INFLUENCE_BONUS',		'MODIFIER_ALL_PLAYERS_ATTACH_MODIFIER',						'PLAYER_IS_SUZERAIN'	),
		('MINOR_CIV_IPG_SODDEN_MINOR_DOUBLE_ENEMY_WAR_WEARINESS',	'MODIFIER_PLAYER_ADJUST_WAR_WEARINESS',						null		),
		
		('MINOR_CIV_IPG_ATTRE_MINOR_UNIQUE_INFLUENCE_BONUS',		'MODIFIER_ALL_PLAYERS_ATTACH_MODIFIER',						'PLAYER_IS_SUZERAIN'	),
		('MINOR_CIV_IPG_ATTRE_MINOR_LEVY_FREE_ENVOYS',				'MODIFIER_PLAYER_ADJUST_ENVOYS_FROM_LEVIED_CITY_STATES',	null		);

INSERT INTO ModifierArguments 
		(ModifierId,											Name,				Value	)
VALUES	('CINTRA_ALLIANCE_POINTS_FROM_TRADE',					'Amount',			1		),
		('CINTRA_EMERGENCIES_COMPETITIONS_EXTRA_FAVOR',			'Amount',			100		),
		('CINTRA_EMERGENCIES_COMPETITIONS_EXTRA_FAVOR',			'Member',			1		),
		('CINTRA_ALL_UNITS_GRANT_ABILITY',						'AbilityType',		'ABILITY_LIONESS_OF_CINTRA_ALL_UNITS'	),
		('CINTRA_ALL_UNITS_ADJUST_STRENGTH_FOR_ALLIANCE',		'Amount',			2		),

		('MINOR_CIV_IPG_NAZAIR_MINOR_UNIQUE_INFLUENCE_BONUS',	'ModifierId',		'MINOR_CIV_IPG_NAZAIR_MINOR_AZURE_ROSE'),		
		('MINOR_CIV_IPG_NAZAIR_MINOR_AZURE_ROSE',				'ResourceType',		'RESOURCE_IPG_AZURE_ROSE'	),
		('MINOR_CIV_IPG_NAZAIR_MINOR_AZURE_ROSE',				'Amount',			1		),
		
		('MINOR_CIV_IPG_SODDEN_MINOR_UNIQUE_INFLUENCE_BONUS',	'ModifierId',		'MINOR_CIV_IPG_SODDEN_MINOR_DOUBLE_ENEMY_WAR_WEARINESS'		),
		('MINOR_CIV_IPG_SODDEN_MINOR_DOUBLE_ENEMY_WAR_WEARINESS',	'Amount',		100		),
		('MINOR_CIV_IPG_SODDEN_MINOR_DOUBLE_ENEMY_WAR_WEARINESS',	'Enemy',		1		),
		
		('MINOR_CIV_IPG_ATTRE_MINOR_UNIQUE_INFLUENCE_BONUS',	'ModifierId',		'MINOR_CIV_IPG_ATTRE_MINOR_LEVY_FREE_ENVOYS'	),
		('MINOR_CIV_IPG_ATTRE_MINOR_LEVY_FREE_ENVOYS',			'Amount',			2	);

INSERT INTO ModifierStrings
		(ModifierId,											Context,			Text												)
VALUES	('CINTRA_ALL_UNITS_ADJUST_STRENGTH_FOR_ALLIANCE',		'Preview',			'LOC_CINTRA_ALL_UNITS_ADJUST_STRENGTH_FOR_ALLIANCE'	);