/*
	Core Leader Definition
	Author: iPLayGamesITA
	Original template by: MC
	Thanks to everyone in the Civ VI Modding Helpline Discord Server!
*/

-----------------------------------------------
-- Types
-----------------------------------------------
INSERT INTO	Types
			(Type,									Kind			)
VALUES		('LEADER_IPG_CALANTHE',					'KIND_LEADER'	),
			('LEADER_MINOR_CIV_IPG_NAZAIR_MINOR',	'KIND_LEADER'	),
			('LEADER_MINOR_CIV_IPG_SODDEN_MINOR',	'KIND_LEADER'	),
			('LEADER_MINOR_CIV_IPG_ATTRE_MINOR',	'KIND_LEADER'	);
-----------------------------------------------
-- Leaders
-----------------------------------------------
INSERT INTO	Leaders
			(LeaderType,							Name,										InheritFrom,						SceneLayers	)
VALUES		('LEADER_IPG_CALANTHE',					'LOC_LEADER_IPG_CALANTHE_NAME',				'LEADER_DEFAULT', 					4			),
			('LEADER_MINOR_CIV_IPG_NAZAIR_MINOR',	'LOC_CIVILIZATION_IPG_NAZAIR_MINOR_NAME',	'LEADER_MINOR_CIV_SCIENTIFIC',		1			),
			('LEADER_MINOR_CIV_IPG_SODDEN_MINOR',	'LOC_CIVILIZATION_IPG_SODDEN_MINOR_NAME',	'LEADER_MINOR_CIV_MILITARISTIC',	1			),
			('LEADER_MINOR_CIV_IPG_ATTRE_MINOR',	'LOC_CIVILIZATION_IPG_ATTRE_MINOR_NAME',	'LEADER_MINOR_CIV_INDUSTRIAL',		1			);
-----------------------------------------------
-- CivilizationLeaders
-----------------------------------------------
INSERT INTO	CivilizationLeaders
			(CivilizationType,					LeaderType,								CapitalName							)
VALUES		('CIVILIZATION_IPG_CINTRA',			'LEADER_IPG_CALANTHE',					'LOC_CITY_NAME_IPG_CINTRA_1'		),
			('CIVILIZATION_IPG_NAZAIR_MINOR',	'LEADER_MINOR_CIV_IPG_NAZAIR_MINOR',	'LOC_CITY_NAME_IPG_NAZAIR_MINOR'	),
			('CIVILIZATION_IPG_SODDEN_MINOR',	'LEADER_MINOR_CIV_IPG_SODDEN_MINOR',	'LOC_CITY_NAME_IPG_SODDEN_MINOR'	),
			('CIVILIZATION_IPG_ATTRE_MINOR',	'LEADER_MINOR_CIV_IPG_ATTRE_MINOR',		'LOC_CITY_NAME_IPG_ATTRE_MINOR'		);
-----------------------------------------------
-- LeaderQuotes
-----------------------------------------------
INSERT INTO	LeaderQuotes
			(LeaderType,				Quote										)
VALUES		('LEADER_IPG_CALANTHE',		'LOC_PEDIA_LEADERS_PAGE_IPG_CALANTHE_QUOTE'	);
-----------------------------------------------
-- CityNames
-----------------------------------------------
INSERT INTO	CityNames
			(CivilizationType,					LeaderType,			SortIndex,	CityName						)
VALUES		('CIVILIZATION_IPG_CINTRA',		'LEADER_IPG_CALANTHE',	-1,			'LOC_CITY_NAME_IPG_CINTRA_1'	),
			('CIVILIZATION_IPG_CINTRA',		'LEADER_IPG_CALANTHE',	-1,			'LOC_CITY_NAME_IPG_CINTRA_2'	),
			('CIVILIZATION_IPG_CINTRA',		'LEADER_IPG_CALANTHE',	-1,			'LOC_CITY_NAME_IPG_CINTRA_3'	),
			('CIVILIZATION_IPG_CINTRA',		'LEADER_IPG_CALANTHE',	-1,			'LOC_CITY_NAME_IPG_CINTRA_4'	),
			('CIVILIZATION_IPG_CINTRA',		'LEADER_IPG_CALANTHE',	-1,			'LOC_CITY_NAME_IPG_CINTRA_5'	),
			('CIVILIZATION_IPG_CINTRA',		'LEADER_IPG_CALANTHE',	-1,			'LOC_CITY_NAME_IPG_CINTRA_6'	),
			('CIVILIZATION_IPG_CINTRA',		'LEADER_IPG_CALANTHE',	-1,			'LOC_CITY_NAME_IPG_CINTRA_7'	),
			('CIVILIZATION_IPG_CINTRA',		'LEADER_IPG_CALANTHE',	-1,			'LOC_CITY_NAME_IPG_CINTRA_8'	),
			('CIVILIZATION_IPG_CINTRA',		'LEADER_IPG_CALANTHE',	-1,			'LOC_CITY_NAME_IPG_CINTRA_9'	),
			('CIVILIZATION_IPG_CINTRA',		'LEADER_IPG_CALANTHE',	-1,			'LOC_CITY_NAME_IPG_CINTRA_10'	),
			('CIVILIZATION_IPG_CINTRA',		'LEADER_IPG_CALANTHE',	-1,			'LOC_CITY_NAME_IPG_CINTRA_11'	),
			('CIVILIZATION_IPG_CINTRA',		'LEADER_IPG_CALANTHE',	-1,			'LOC_CITY_NAME_IPG_CINTRA_12'	),
			('CIVILIZATION_IPG_CINTRA',		'LEADER_IPG_CALANTHE',	-1,			'LOC_CITY_NAME_IPG_CINTRA_13'	),
			('CIVILIZATION_IPG_CINTRA',		'LEADER_IPG_CALANTHE',	-1,			'LOC_CITY_NAME_IPG_CINTRA_14'	),
			('CIVILIZATION_IPG_CINTRA',		'LEADER_IPG_CALANTHE',	-1,			'LOC_CITY_NAME_IPG_CINTRA_15'	),
			('CIVILIZATION_IPG_NAZAIR_MINOR',	'LEADER_MINOR_CIV_IPG_NAZAIR_MINOR',-1,	'LOC_CITY_NAME_IPG_NAZAIR_MINOR'		),
			('CIVILIZATION_IPG_SODDEN_MINOR',	'LEADER_MINOR_CIV_IPG_SODDEN_MINOR',-1,	'LOC_CITY_NAME_IPG_SODDEN_MINOR'		),
			('CIVILIZATION_IPG_ATTRE_MINOR',	'LEADER_MINOR_CIV_IPG_ATTRE_MINOR',-1,	'LOC_CITY_NAME_IPG_ATTRE_MINOR'		);
