--------------------
-- Basics (Louvre)
--------------------

INSERT INTO Types
		(Type,							Kind)
VALUES	('BUILDING_PHANTA_LOUVRE',	'KIND_BUILDING');

INSERT INTO Buildings
		(BuildingType,
		Name,
		Description,
		PrereqCivic,
		Cost,
		AdvisorType,
		MaxWorldInstances,
		IsWonder,
		RequiresPlacement,
		AdjacentDistrict,
		RequiresRiver,
		ObsoleteEra,
		Quote)
VALUES	('BUILDING_PHANTA_LOUVRE',
		'LOC_BUILDING_PHANTA_LOUVRE_NAME',
		'LOC_BUILDING_PHANTA_LOUVRE_DESCRIPTION',
		'CIVIC_FEUDALISM',
		710,
		'ADVISOR_CULTURE',
		1,
		1,
		1,
		'DISTRICT_THEATER',
		1,
		'ERA_INDUSTRIAL',
		'LOC_BUILDING_PHANTA_LOUVRE_QUOTE');

INSERT INTO Building_YieldChanges 
		(BuildingType,								YieldType,			YieldChange)
VALUES	('BUILDING_PHANTA_LOUVRE',					'YIELD_CULTURE',	2);

INSERT INTO Building_GreatPersonPoints
		(BuildingType,						GreatPersonClassType,				PointsPerTurn)
VALUES	('BUILDING_PHANTA_LOUVRE',			'GREAT_PERSON_CLASS_ARTIST',		2);

--------------------
-- Basics (Louvre Museum)
--------------------

INSERT INTO Types
		(Type,							Kind)
VALUES	('BUILDING_PHANTA_LOUVRE_MUSEUM',	'KIND_BUILDING');

INSERT INTO Buildings
		(BuildingType,
		Name,
		Description,
		PrereqCivic,
		Cost,
		AdvisorType,
		MaxWorldInstances,
		IsWonder,
		RequiresPlacement,
		AdjacentDistrict,
		RequiresRiver,
		TraitType,
		Quote)
VALUES	('BUILDING_PHANTA_LOUVRE_MUSEUM',
		'LOC_BUILDING_PHANTA_LOUVRE_MUSEUM_NAME',
		'LOC_BUILDING_PHANTA_LOUVRE_MUSEUM_DESCRIPTION',
		'CIVIC_CULTURAL_HERITAGE',
		1850,
		'ADVISOR_CULTURE',
		1,
		1,
		1,
		'DISTRICT_THEATER',
		1,
		'TRAIT_CIVILIZATION_NO_PLAYER',
		'LOC_BUILDING_PHANTA_LOUVRE_MUSEUM_QUOTE');

INSERT INTO Building_GreatWorks
		(BuildingType,							GreatWorkSlotType,			NumSlots,	ThemingYieldMultiplier,	ThemingTourismMultiplier,	ThemingBonusDescription)
VALUES	('BUILDING_PHANTA_LOUVRE_MUSEUM',		'GREATWORKSLOT_PALACE',		6,			100,					100,						'LOC_BUILDING_PHANTA_LOUVRE_MUSEUM_THEMING_BONUS');


INSERT INTO Building_YieldChanges 
		(BuildingType,								YieldType,			YieldChange)
VALUES	('BUILDING_PHANTA_LOUVRE_MUSEUM',			'YIELD_CULTURE',	2);

INSERT INTO Building_GreatPersonPoints
		(BuildingType,						GreatPersonClassType,				PointsPerTurn)
VALUES	('BUILDING_PHANTA_LOUVRE_MUSEUM',	'GREAT_PERSON_CLASS_ARTIST',		2);


--------------------
-- Project
--------------------

INSERT INTO Types
		(Type,								Kind)
VALUES	('PROJECT_PHANTA_GRANDE_LOUVRE',	'KIND_PROJECT');

INSERT INTO Projects
		(ProjectType,						Name,											ShortName,									Description,										Cost,	PrereqCivic,					AdvisorType				)
VALUES	('PROJECT_PHANTA_GRANDE_LOUVRE',	'LOC_PROJECT_PHANTA_GRANDE_LOUVRE_NAME',		'LOC_PROJECT_PHANTA_GRANDE_LOUVRE_NAME',	'LOC_PROJECT_PHANTA_GRANDE_LOUVRE_DESCRIPTION',		'1140',	'CIVIC_CULTURAL_HERITAGE',		'ADVISOR_GENERIC'		);

INSERT INTO Projects_XP2
		(ProjectType,						RequiredBuilding)
VALUES	('PROJECT_PHANTA_GRANDE_LOUVRE',	'BUILDING_PHANTA_LOUVRE');

--------------------
-- Second Theater
--------------------

INSERT INTO	Types
		(Type,												Kind			)
VALUES	('IMPROVEMENT_PHANTA_LOUVRE_SECOND_THEATER',		'KIND_IMPROVEMENT'	);

INSERT INTO Improvements
		(ImprovementType,					
		Name,										
		PrereqTech,		
		Buildable,	
		Description,									
		PlunderType,		
		PlunderAmount,	
		Icon,									
		TraitType,	
		Housing,
		Appeal,	
		TilesRequired,	
		SameAdjacentValid,	
		Workable,
		CanBuildOutsideTerritory,
		RequiresRiver,
		OnePerCity,
		DefenseModifier,
		GrantFortification,
		Goody,
		Capturable)
VALUES	('IMPROVEMENT_PHANTA_LOUVRE_SECOND_THEATER',					-- ImprovementType
		'LOC_DISTRICT_PHANTA_LOUVRE_SECOND_THEATER_NAME',				-- Name
		null,													-- PrereqTech
		1,														-- Buildable
		'LOC_DISTRICT_PHANTA_LOUVRE_SECOND_THEATER_NAME',			-- Description 	
		'NO_PLUNDER',											-- PlunderType
		0,														-- PlunderAmount
		'ICON_IMPROVEMENT_PHANTA_LOUVRE_SECOND_THEATER',					-- Icon
		'TRAIT_CIVILIZATION_NO_PLAYER',							-- TraitType
		0,														-- Housing
		0,														-- Appeal
		1,														-- TilesRequired
		0,														-- SameAdjacentvalid
		1,														-- Workable	
		0,														-- CanBuildOutsideTerritory
		0,														-- RequiresRiver
		1,														-- OnePerCity
		0,														-- DefenseModifier
		0,														-- GrantFortification
		1,														-- Goody (Hide it on civilopedia)
		0);

INSERT INTO Improvement_ValidTerrains
		(ImprovementType,								TerrainType	)
VALUES	('IMPROVEMENT_PHANTA_LOUVRE_SECOND_THEATER',	'TERRAIN_GRASS'	),
		('IMPROVEMENT_PHANTA_LOUVRE_SECOND_THEATER',	'TERRAIN_PLAINS'	),
		('IMPROVEMENT_PHANTA_LOUVRE_SECOND_THEATER',	'TERRAIN_DESERT'	),
		('IMPROVEMENT_PHANTA_LOUVRE_SECOND_THEATER',	'TERRAIN_TUNDRA'	),
		('IMPROVEMENT_PHANTA_LOUVRE_SECOND_THEATER',	'TERRAIN_SNOW'	),
		('IMPROVEMENT_PHANTA_LOUVRE_SECOND_THEATER',	'TERRAIN_GRASS_HILLS'	),
		('IMPROVEMENT_PHANTA_LOUVRE_SECOND_THEATER',	'TERRAIN_PLAINS_HILLS'	),
		('IMPROVEMENT_PHANTA_LOUVRE_SECOND_THEATER',	'TERRAIN_DESERT_HILLS'	),
		('IMPROVEMENT_PHANTA_LOUVRE_SECOND_THEATER',	'TERRAIN_TUNDRA_HILLS'	),
		('IMPROVEMENT_PHANTA_LOUVRE_SECOND_THEATER',	'TERRAIN_SNOW_HILLS'	);

INSERT INTO Improvement_ValidFeatures
		(ImprovementType,								FeatureType)
VALUES	('IMPROVEMENT_PHANTA_LOUVRE_SECOND_THEATER',	'FEATURE_FLOODPLAINS'),
		('IMPROVEMENT_PHANTA_LOUVRE_SECOND_THEATER',	'FEATURE_FLOODPLAINS_GRASSLAND'),
		('IMPROVEMENT_PHANTA_LOUVRE_SECOND_THEATER',	'FEATURE_FLOODPLAINS_PLAINS'),
		('IMPROVEMENT_PHANTA_LOUVRE_SECOND_THEATER',	'FEATURE_VOLCANIC_SOIL');

INSERT INTO Improvement_ValidBuildUnits
		(ImprovementType,									UnitType			)
VALUES 	('IMPROVEMENT_PHANTA_LOUVRE_SECOND_THEATER',		'UNIT_BUILDER'		);

INSERT INTO Improvement_Adjacencies
		(ImprovementType,							YieldChangeId	)
SELECT	'IMPROVEMENT_PHANTA_LOUVRE_SECOND_THEATER',	YieldChangeId
FROM	District_Adjacencies
WHERE	DistrictType = 'DISTRICT_THEATER';

--------------------
-- Second Encampment
--------------------

INSERT INTO	Types
		(Type,												Kind			)
VALUES	('IMPROVEMENT_PHANTA_LOUVRE_SECOND_ENCAMPMENT',		'KIND_IMPROVEMENT'	);

INSERT INTO Improvements
		(ImprovementType,					
		Name,										
		PrereqTech,		
		Buildable,	
		Description,									
		PlunderType,		
		PlunderAmount,	
		Icon,									
		TraitType,	
		Housing,
		Appeal,	
		TilesRequired,	
		SameAdjacentValid,	
		Workable,
		CanBuildOutsideTerritory,
		RequiresRiver,
		OnePerCity,
		DefenseModifier,
		GrantFortification,
		Goody,
		Capturable)
VALUES	('IMPROVEMENT_PHANTA_LOUVRE_SECOND_ENCAMPMENT',					-- ImprovementType
		'LOC_DISTRICT_PHANTA_LOUVRE_SECOND_ENCAMPMENT_NAME',				-- Name
		null,													-- PrereqTech
		1,														-- Buildable
		'LOC_DISTRICT_PHANTA_LOUVRE_SECOND_ENCAMPMENT_NAME',			-- Description 	
		'NO_PLUNDER',											-- PlunderType
		0,														-- PlunderAmount
		'ICON_IMPROVEMENT_PHANTA_LOUVRE_SECOND_ENCAMPMENT',					-- Icon
		'TRAIT_CIVILIZATION_NO_PLAYER',							-- TraitType
		0,														-- Housing
		0,														-- Appeal
		1,														-- TilesRequired
		0,														-- SameAdjacentvalid
		1,														-- Workable	
		0,														-- CanBuildOutsideTerritory
		0,														-- RequiresRiver
		1,														-- OnePerCity
		0,														-- DefenseModifier
		0,														-- GrantFortification
		1,														-- Goody (Hide it on civilopedia)
		0);

INSERT INTO Improvement_ValidTerrains
		(ImprovementType,								TerrainType	)
VALUES	('IMPROVEMENT_PHANTA_LOUVRE_SECOND_ENCAMPMENT',	'TERRAIN_GRASS'	),
		('IMPROVEMENT_PHANTA_LOUVRE_SECOND_ENCAMPMENT',	'TERRAIN_PLAINS'	),
		('IMPROVEMENT_PHANTA_LOUVRE_SECOND_ENCAMPMENT',	'TERRAIN_DESERT'	),
		('IMPROVEMENT_PHANTA_LOUVRE_SECOND_ENCAMPMENT',	'TERRAIN_TUNDRA'	),
		('IMPROVEMENT_PHANTA_LOUVRE_SECOND_ENCAMPMENT',	'TERRAIN_SNOW'	),
		('IMPROVEMENT_PHANTA_LOUVRE_SECOND_ENCAMPMENT',	'TERRAIN_GRASS_HILLS'	),
		('IMPROVEMENT_PHANTA_LOUVRE_SECOND_ENCAMPMENT',	'TERRAIN_PLAINS_HILLS'	),
		('IMPROVEMENT_PHANTA_LOUVRE_SECOND_ENCAMPMENT',	'TERRAIN_DESERT_HILLS'	),
		('IMPROVEMENT_PHANTA_LOUVRE_SECOND_ENCAMPMENT',	'TERRAIN_TUNDRA_HILLS'	),
		('IMPROVEMENT_PHANTA_LOUVRE_SECOND_ENCAMPMENT',	'TERRAIN_SNOW_HILLS'	);

INSERT INTO Improvement_ValidFeatures
		(ImprovementType,								FeatureType)
VALUES	('IMPROVEMENT_PHANTA_LOUVRE_SECOND_ENCAMPMENT',	'FEATURE_FLOODPLAINS'),
		('IMPROVEMENT_PHANTA_LOUVRE_SECOND_ENCAMPMENT',	'FEATURE_FLOODPLAINS_GRASSLAND'),
		('IMPROVEMENT_PHANTA_LOUVRE_SECOND_ENCAMPMENT',	'FEATURE_FLOODPLAINS_PLAINS'),
		('IMPROVEMENT_PHANTA_LOUVRE_SECOND_ENCAMPMENT',	'FEATURE_VOLCANIC_SOIL');

INSERT INTO Improvement_ValidBuildUnits
		(ImprovementType,									UnitType			)
VALUES 	('IMPROVEMENT_PHANTA_LOUVRE_SECOND_ENCAMPMENT',		'UNIT_BUILDER'		);

INSERT INTO Improvement_Adjacencies
		(ImprovementType,							YieldChangeId	)
SELECT	'IMPROVEMENT_PHANTA_LOUVRE_SECOND_ENCAMPMENT',	YieldChangeId
FROM	District_Adjacencies
WHERE	DistrictType = 'DISTRICT_ENCAMPMENT';

--------------------
-- Bonuses
--------------------

--==== 1.0 Modtype

-- Custom ModifierType

INSERT INTO Types (Type, Kind) VALUES 
('MODTYPE_PHANTA_LOUVRE_PLAYER_CITIES_ADJUST_ALLOWED_IMPROVEMENT', 'KIND_MODIFIER');

INSERT INTO DynamicModifiers (ModifierType, CollectionType, EffectType) VALUES 
('MODTYPE_PHANTA_LOUVRE_PLAYER_CITIES_ADJUST_ALLOWED_IMPROVEMENT', 'COLLECTION_PLAYER_CITIES', 'EFFECT_ADJUST_CITY_ALLOWED_IMPROVEMENT');

--==== 1.1 Unlock Second Theater

INSERT INTO BuildingModifiers (BuildingType, ModifierId) VALUES 
('BUILDING_PHANTA_LOUVRE', 'MODFEAT_PHANTA_LOUVRE_UNLOCK_SECOND_THEATER'),
('BUILDING_PHANTA_LOUVRE_MUSEUM', 'MODFEAT_PHANTA_LOUVRE_UNLOCK_SECOND_THEATER');

INSERT INTO Modifiers (ModifierId, ModifierType, RunOnce, Permanent, NewOnly, OwnerRequirementSetId, SubjectRequirementSetId) VALUES 
('MODFEAT_PHANTA_LOUVRE_UNLOCK_SECOND_THEATER', 'MODTYPE_PHANTA_LOUVRE_PLAYER_CITIES_ADJUST_ALLOWED_IMPROVEMENT', 0, 0, 0, NULL, 'REQSET_PHANTA_LOUVRE_EXACT_1_THEATER');

INSERT INTO ModifierArguments (ModifierId, Name, Value) VALUES 
('MODFEAT_PHANTA_LOUVRE_UNLOCK_SECOND_THEATER', 'ImprovementType', 'IMPROVEMENT_PHANTA_LOUVRE_SECOND_THEATER');


-- RequirementSets

INSERT INTO RequirementSets (RequirementSetId, RequirementSetType) VALUES 
('REQSET_PHANTA_LOUVRE_EXACT_1_THEATER', 'REQUIREMENTSET_TEST_ALL');

INSERT INTO RequirementSetRequirements (RequirementSetId, RequirementId) VALUES 
('REQSET_PHANTA_LOUVRE_EXACT_1_THEATER', 'REQ_PHANTA_LOUVRE_EXACT_1_THEATER');

-- Requirements

INSERT INTO Requirements (RequirementId, RequirementType) VALUES 
('REQ_PHANTA_LOUVRE_EXACT_1_THEATER', 'REQUIREMENT_COLLECTION_COUNT_EQUALS');

INSERT INTO RequirementArguments (RequirementId, Name, Value) VALUES 
('REQ_PHANTA_LOUVRE_EXACT_1_THEATER', 'CollectionType', 'COLLECTION_CITY_DISTRICTS'), 
('REQ_PHANTA_LOUVRE_EXACT_1_THEATER', 'Count', '1'), 
('REQ_PHANTA_LOUVRE_EXACT_1_THEATER', 'RequirementSetId', 'REQSET_PHANTA_LOUVRE_DISTRICT_IS_THEATER');

-- RequirementSets

INSERT INTO RequirementSets (RequirementSetId, RequirementSetType) VALUES 
('REQSET_PHANTA_LOUVRE_DISTRICT_IS_THEATER', 'REQUIREMENTSET_TEST_ALL');

INSERT INTO RequirementSetRequirements (RequirementSetId, RequirementId) VALUES 
('REQSET_PHANTA_LOUVRE_DISTRICT_IS_THEATER', 'REQUIRES_DISTRICT_IS_THEATER');

--==== 1.2 Unlock Second Encampment

INSERT INTO BuildingModifiers (BuildingType, ModifierId) VALUES 
('BUILDING_PHANTA_LOUVRE', 'MODFEAT_PHANTA_LOUVRE_UNLOCK_SECOND_ENCAMPMENT'),
('BUILDING_PHANTA_LOUVRE_MUSEUM', 'MODFEAT_PHANTA_LOUVRE_UNLOCK_SECOND_ENCAMPMENT');

INSERT INTO Modifiers (ModifierId, ModifierType, RunOnce, Permanent, NewOnly, OwnerRequirementSetId, SubjectRequirementSetId) VALUES 
('MODFEAT_PHANTA_LOUVRE_UNLOCK_SECOND_ENCAMPMENT', 'MODTYPE_PHANTA_LOUVRE_PLAYER_CITIES_ADJUST_ALLOWED_IMPROVEMENT', 0, 0, 0, NULL, 'REQSET_PHANTA_LOUVRE_EXACT_1_ENCAMPMENT');

INSERT INTO ModifierArguments (ModifierId, Name, Value) VALUES 
('MODFEAT_PHANTA_LOUVRE_UNLOCK_SECOND_ENCAMPMENT', 'ImprovementType', 'IMPROVEMENT_PHANTA_LOUVRE_SECOND_ENCAMPMENT');


-- RequirementSets

INSERT INTO RequirementSets (RequirementSetId, RequirementSetType) VALUES 
('REQSET_PHANTA_LOUVRE_EXACT_1_ENCAMPMENT', 'REQUIREMENTSET_TEST_ALL');

INSERT INTO RequirementSetRequirements (RequirementSetId, RequirementId) VALUES 
('REQSET_PHANTA_LOUVRE_EXACT_1_ENCAMPMENT', 'REQ_PHANTA_LOUVRE_EXACT_1_ENCAMPMENT');

-- Requirements

INSERT INTO Requirements (RequirementId, RequirementType) VALUES 
('REQ_PHANTA_LOUVRE_EXACT_1_ENCAMPMENT', 'REQUIREMENT_COLLECTION_COUNT_EQUALS');

INSERT INTO RequirementArguments (RequirementId, Name, Value) VALUES 
('REQ_PHANTA_LOUVRE_EXACT_1_ENCAMPMENT', 'CollectionType', 'COLLECTION_CITY_DISTRICTS'), 
('REQ_PHANTA_LOUVRE_EXACT_1_ENCAMPMENT', 'Count', '1'), 
('REQ_PHANTA_LOUVRE_EXACT_1_ENCAMPMENT', 'RequirementSetId', 'REQSET_PHANTA_LOUVRE_DISTRICT_IS_ENCAMPMENT');

-- RequirementSets

INSERT INTO RequirementSets (RequirementSetId, RequirementSetType) VALUES 
('REQSET_PHANTA_LOUVRE_DISTRICT_IS_ENCAMPMENT', 'REQUIREMENTSET_TEST_ALL');

INSERT INTO RequirementSetRequirements (RequirementSetId, RequirementId) VALUES 
('REQSET_PHANTA_LOUVRE_DISTRICT_IS_ENCAMPMENT', 'REQUIRES_DISTRICT_IS_ENCAMPMENT');

--==== 2.1 Breathtaking Theater adjacency bonus

INSERT INTO BuildingModifiers (BuildingType, ModifierId) VALUES 
('BUILDING_PHANTA_LOUVRE', 'MODFEAT_PHANTA_LOUVRE_BREATHTAKING_THEATER_ADJACENCY_BONUS'),
('BUILDING_PHANTA_LOUVRE_MUSEUM', 'MODFEAT_PHANTA_LOUVRE_BREATHTAKING_THEATER_ADJACENCY_BONUS');

INSERT INTO Modifiers (ModifierId, ModifierType, RunOnce, Permanent, NewOnly, OwnerRequirementSetId, SubjectRequirementSetId) VALUES 
('MODFEAT_PHANTA_LOUVRE_BREATHTAKING_THEATER_ADJACENCY_BONUS', 'MODIFIER_PLAYER_DISTRICTS_ADJUST_YIELD_BASED_ON_APPEAL', 0, 0, 0, NULL, NULL);

INSERT INTO ModifierArguments (ModifierId, Name, Value) VALUES 
('MODFEAT_PHANTA_LOUVRE_BREATHTAKING_THEATER_ADJACENCY_BONUS', 'Description', 'LOC_DISTRICT_APPEAL_CULTURE'), 
('MODFEAT_PHANTA_LOUVRE_BREATHTAKING_THEATER_ADJACENCY_BONUS', 'DistrictType', 'DISTRICT_THEATER'), 
('MODFEAT_PHANTA_LOUVRE_BREATHTAKING_THEATER_ADJACENCY_BONUS', 'RequiredAppeal', '4'), 
('MODFEAT_PHANTA_LOUVRE_BREATHTAKING_THEATER_ADJACENCY_BONUS', 'YieldChange', '3'), 
('MODFEAT_PHANTA_LOUVRE_BREATHTAKING_THEATER_ADJACENCY_BONUS', 'YieldType', 'YIELD_CULTURE');

--==== 2.2 Breathtaking Encampment adjacency bonus

INSERT INTO BuildingModifiers (BuildingType, ModifierId) VALUES 
('BUILDING_PHANTA_LOUVRE', 'MODFEAT_PHANTA_LOUVRE_BREATHTAKING_ENCAMPMENT_ADJACENCY_BONUS'),
('BUILDING_PHANTA_LOUVRE_MUSEUM', 'MODFEAT_PHANTA_LOUVRE_BREATHTAKING_ENCAMPMENT_ADJACENCY_BONUS');

INSERT INTO Modifiers (ModifierId, ModifierType, RunOnce, Permanent, NewOnly, OwnerRequirementSetId, SubjectRequirementSetId) VALUES 
('MODFEAT_PHANTA_LOUVRE_BREATHTAKING_ENCAMPMENT_ADJACENCY_BONUS', 'MODIFIER_PLAYER_DISTRICTS_ADJUST_YIELD_BASED_ON_APPEAL', 0, 0, 0, NULL, NULL);

INSERT INTO ModifierArguments (ModifierId, Name, Value) VALUES 
('MODFEAT_PHANTA_LOUVRE_BREATHTAKING_ENCAMPMENT_ADJACENCY_BONUS', 'Description', 'LOC_DISTRICT_APPEAL_CULTURE'), 
('MODFEAT_PHANTA_LOUVRE_BREATHTAKING_ENCAMPMENT_ADJACENCY_BONUS', 'DistrictType', 'DISTRICT_ENCAMPMENT'), 
('MODFEAT_PHANTA_LOUVRE_BREATHTAKING_ENCAMPMENT_ADJACENCY_BONUS', 'RequiredAppeal', '4'), 
('MODFEAT_PHANTA_LOUVRE_BREATHTAKING_ENCAMPMENT_ADJACENCY_BONUS', 'YieldChange', '3'), 
('MODFEAT_PHANTA_LOUVRE_BREATHTAKING_ENCAMPMENT_ADJACENCY_BONUS', 'YieldType', 'YIELD_CULTURE');

--==== 2.3 Present the adjacencies for Improvements - Theater

INSERT INTO BuildingModifiers (BuildingType, ModifierId) VALUES 
('BUILDING_PHANTA_LOUVRE', 'MODFEAT_PHANTA_LOUVRE_IMPROVEMENT_SECOND_THEATER_YIELD'),
('BUILDING_PHANTA_LOUVRE_MUSEUM', 'MODFEAT_PHANTA_LOUVRE_IMPROVEMENT_SECOND_THEATER_YIELD');

INSERT INTO Modifiers (ModifierId, ModifierType, RunOnce, Permanent, NewOnly, OwnerRequirementSetId, SubjectRequirementSetId) VALUES 
('MODFEAT_PHANTA_LOUVRE_IMPROVEMENT_SECOND_THEATER_YIELD', 'MODIFIER_PLAYER_ADJUST_PLOT_YIELD', 0, 0, 0, NULL, 'REQSET_PHANTA_LOUVRE_IMPROVEMENT_SECOND_THEATER_YIELD');

INSERT INTO ModifierArguments (ModifierId, Name, Value) VALUES 
('MODFEAT_PHANTA_LOUVRE_IMPROVEMENT_SECOND_THEATER_YIELD', 'Amount', '3'), 
('MODFEAT_PHANTA_LOUVRE_IMPROVEMENT_SECOND_THEATER_YIELD', 'YieldType', 'YIELD_CULTURE');

-- RequirementSets

INSERT INTO RequirementSets (RequirementSetId, RequirementSetType) VALUES 
('REQSET_PHANTA_LOUVRE_IMPROVEMENT_SECOND_THEATER_YIELD', 'REQUIREMENTSET_TEST_ALL');

INSERT INTO RequirementSetRequirements (RequirementSetId, RequirementId) VALUES 
('REQSET_PHANTA_LOUVRE_IMPROVEMENT_SECOND_THEATER_YIELD', 'REQUIRES_PLOT_BREATHTAKING_APPEAL'),
('REQSET_PHANTA_LOUVRE_IMPROVEMENT_SECOND_THEATER_YIELD', 'REQ_IMPROVEMENT_PHANTA_LOUVRE_SECOND_THEATER');

-- Requirements

INSERT INTO Requirements (RequirementId, RequirementType) VALUES 
('REQ_IMPROVEMENT_PHANTA_LOUVRE_SECOND_THEATER', 'REQUIREMENT_PLOT_IMPROVEMENT_TYPE_MATCHES');

INSERT INTO RequirementArguments (RequirementId, Name, Value) VALUES 
('REQ_IMPROVEMENT_PHANTA_LOUVRE_SECOND_THEATER', 'ImprovementType', 'IMPROVEMENT_PHANTA_LOUVRE_SECOND_THEATER');

--==== 2.3 Present the adjacencies for Improvements - Theater

INSERT INTO BuildingModifiers (BuildingType, ModifierId) VALUES 
('BUILDING_PHANTA_LOUVRE', 'MODFEAT_PHANTA_LOUVRE_IMPROVEMENT_SECOND_ENCAMPMENT_YIELD'),
('BUILDING_PHANTA_LOUVRE_MUSEUM', 'MODFEAT_PHANTA_LOUVRE_IMPROVEMENT_SECOND_ENCAMPMENT_YIELD');

INSERT INTO Modifiers (ModifierId, ModifierType, RunOnce, Permanent, NewOnly, OwnerRequirementSetId, SubjectRequirementSetId) VALUES 
('MODFEAT_PHANTA_LOUVRE_IMPROVEMENT_SECOND_ENCAMPMENT_YIELD', 'MODIFIER_PLAYER_ADJUST_PLOT_YIELD', 0, 0, 0, NULL, 'REQSET_PHANTA_LOUVRE_IMPROVEMENT_SECOND_ENCAMPMENT_YIELD');

INSERT INTO ModifierArguments (ModifierId, Name, Value) VALUES 
('MODFEAT_PHANTA_LOUVRE_IMPROVEMENT_SECOND_ENCAMPMENT_YIELD', 'Amount', '3'), 
('MODFEAT_PHANTA_LOUVRE_IMPROVEMENT_SECOND_ENCAMPMENT_YIELD', 'YieldType', 'YIELD_CULTURE');

-- RequirementSets

INSERT INTO RequirementSets (RequirementSetId, RequirementSetType) VALUES 
('REQSET_PHANTA_LOUVRE_IMPROVEMENT_SECOND_ENCAMPMENT_YIELD', 'REQUIREMENTSET_TEST_ALL');

INSERT INTO RequirementSetRequirements (RequirementSetId, RequirementId) VALUES 
('REQSET_PHANTA_LOUVRE_IMPROVEMENT_SECOND_ENCAMPMENT_YIELD', 'REQUIRES_PLOT_BREATHTAKING_APPEAL'),
('REQSET_PHANTA_LOUVRE_IMPROVEMENT_SECOND_ENCAMPMENT_YIELD', 'REQ_IMPROVEMENT_PHANTA_LOUVRE_SECOND_ENCAMPMENT');

-- Requirements

INSERT INTO Requirements (RequirementId, RequirementType) VALUES 
('REQ_IMPROVEMENT_PHANTA_LOUVRE_SECOND_ENCAMPMENT', 'REQUIREMENT_PLOT_IMPROVEMENT_TYPE_MATCHES');

INSERT INTO RequirementArguments (RequirementId, Name, Value) VALUES 
('REQ_IMPROVEMENT_PHANTA_LOUVRE_SECOND_ENCAMPMENT', 'ImprovementType', 'IMPROVEMENT_PHANTA_LOUVRE_SECOND_ENCAMPMENT');


--==== 3.0 ModType

-- Custom ModifierType

INSERT INTO Types (Type, Kind) VALUES 
('MODTYPE_PHANTA_LOUVRE_PLAYER_DISTRICTS_EXTRA_DISTRICT', 'KIND_MODIFIER');

INSERT INTO DynamicModifiers (ModifierType, CollectionType, EffectType) VALUES 
('MODTYPE_PHANTA_LOUVRE_PLAYER_DISTRICTS_EXTRA_DISTRICT', 'COLLECTION_PLAYER_DISTRICTS', 'EFFECT_ADJUST_CITY_EXTRA_DISTRICTS');


--==== 3.1 Breathtaking Theater extra district

INSERT INTO BuildingModifiers (BuildingType, ModifierId) VALUES 
('BUILDING_PHANTA_LOUVRE', 'MODFEAT_PHANTA_LOUVRE_BREATHTAKING_THEATER_EXTRA_DISTRICT'),
('BUILDING_PHANTA_LOUVRE_MUSEUM', 'MODFEAT_PHANTA_LOUVRE_BREATHTAKING_THEATER_EXTRA_DISTRICT');

INSERT INTO Modifiers (ModifierId, ModifierType, RunOnce, Permanent, NewOnly, OwnerRequirementSetId, SubjectRequirementSetId) VALUES 
('MODFEAT_PHANTA_LOUVRE_BREATHTAKING_THEATER_EXTRA_DISTRICT', 'MODTYPE_PHANTA_LOUVRE_PLAYER_DISTRICTS_EXTRA_DISTRICT', 0, 0, 0, NULL, 'REQSET_PHANTA_LOUVRE_BREATHTAKING_THEATER');

INSERT INTO ModifierArguments (ModifierId, Name, Value) VALUES 
('MODFEAT_PHANTA_LOUVRE_BREATHTAKING_THEATER_EXTRA_DISTRICT', 'Amount', '1');

-- RequirementSets

INSERT INTO RequirementSets (RequirementSetId, RequirementSetType) VALUES 
('REQSET_PHANTA_LOUVRE_BREATHTAKING_THEATER', 'REQUIREMENTSET_TEST_ALL');

INSERT INTO RequirementSetRequirements (RequirementSetId, RequirementId) VALUES 
('REQSET_PHANTA_LOUVRE_BREATHTAKING_THEATER', 'REQUIRES_PLOT_BREATHTAKING_APPEAL'), 
('REQSET_PHANTA_LOUVRE_BREATHTAKING_THEATER', 'REQUIRES_DISTRICT_IS_THEATER');

--==== 3.2 Breathtaking Encampment extra district

INSERT INTO BuildingModifiers (BuildingType, ModifierId) VALUES 
('BUILDING_PHANTA_LOUVRE', 'MODFEAT_PHANTA_LOUVRE_BREATHTAKING_ENCAMPMENT_EXTRA_DISTRICT'),
('BUILDING_PHANTA_LOUVRE_MUSEUM', 'MODFEAT_PHANTA_LOUVRE_BREATHTAKING_ENCAMPMENT_EXTRA_DISTRICT');

INSERT INTO Modifiers (ModifierId, ModifierType, RunOnce, Permanent, NewOnly, OwnerRequirementSetId, SubjectRequirementSetId) VALUES 
('MODFEAT_PHANTA_LOUVRE_BREATHTAKING_ENCAMPMENT_EXTRA_DISTRICT', 'MODTYPE_PHANTA_LOUVRE_PLAYER_DISTRICTS_EXTRA_DISTRICT', 0, 0, 0, NULL, 'REQSET_PHANTA_LOUVRE_BREATHTAKING_ENCAMPMENT');

INSERT INTO ModifierArguments (ModifierId, Name, Value) VALUES 
('MODFEAT_PHANTA_LOUVRE_BREATHTAKING_ENCAMPMENT_EXTRA_DISTRICT', 'Amount', '1');

-- RequirementSets

INSERT INTO RequirementSets (RequirementSetId, RequirementSetType) VALUES 
('REQSET_PHANTA_LOUVRE_BREATHTAKING_ENCAMPMENT', 'REQUIREMENTSET_TEST_ALL');

INSERT INTO RequirementSetRequirements (RequirementSetId, RequirementId) VALUES 
('REQSET_PHANTA_LOUVRE_BREATHTAKING_ENCAMPMENT', 'REQUIRES_PLOT_BREATHTAKING_APPEAL'), 
('REQSET_PHANTA_LOUVRE_BREATHTAKING_ENCAMPMENT', 'REQUIRES_DISTRICT_IS_ENCAMPMENT');

--==== 4 Autotheming

INSERT INTO BuildingModifiers (BuildingType, ModifierId) VALUES 
('BUILDING_PHANTA_LOUVRE_MUSEUM', 'MODFEAT_PHANTA_LOUVRE_MUSEUM_AUTO_THEMING');

INSERT INTO Modifiers (ModifierId, ModifierType, RunOnce, Permanent, NewOnly, OwnerRequirementSetId, SubjectRequirementSetId) VALUES 
('MODFEAT_PHANTA_LOUVRE_MUSEUM_AUTO_THEMING', 'MODIFIER_PLAYER_ADJUST_AUTO_THEMED_BUILDING', 0, 0, 0, NULL, NULL);

INSERT INTO ModifierArguments (ModifierId, Name, Value) VALUES 
('MODFEAT_PHANTA_LOUVRE_MUSEUM_AUTO_THEMING', 'BuildingType', 'BUILDING_PHANTA_LOUVRE_MUSEUM');

--==== 5.0 Modtype and RequirementSets

-- Custom ModifierType

INSERT INTO Types (Type, Kind) VALUES 
('MODTYPE_PHANTA_LOUVRE_MUSEUM_PLAYER_DISTRICTS_ATTACH_MODIFIER', 'KIND_MODIFIER');

INSERT INTO DynamicModifiers (ModifierType, CollectionType, EffectType) VALUES 
('MODTYPE_PHANTA_LOUVRE_MUSEUM_PLAYER_DISTRICTS_ATTACH_MODIFIER', 'COLLECTION_PLAYER_DISTRICTS', 'EFFECT_ATTACH_MODIFIER');

-- RequirementSets

INSERT INTO RequirementSets (RequirementSetId, RequirementSetType) VALUES 
('REQSET_PHANTA_LOUVRE_THEATER_OR_ENCAMPMENT', 'REQUIREMENTSET_TEST_ANY');

INSERT INTO RequirementSetRequirements (RequirementSetId, RequirementId) VALUES 
('REQSET_PHANTA_LOUVRE_THEATER_OR_ENCAMPMENT', 'REQUIRES_DISTRICT_IS_THEATER'), 
('REQSET_PHANTA_LOUVRE_THEATER_OR_ENCAMPMENT', 'REQUIRES_DISTRICT_IS_ENCAMPMENT');


--===== 5.1 Amenities

INSERT INTO BuildingModifiers (BuildingType, ModifierId) VALUES 
('BUILDING_PHANTA_LOUVRE_MUSEUM', 'MODFEAT_PHANTA_LOUVRE_MUSEUM_AMENITIES_ATTACH');

INSERT INTO Modifiers (ModifierId, ModifierType, RunOnce, Permanent, NewOnly, OwnerRequirementSetId, SubjectRequirementSetId) VALUES 
('MODFEAT_PHANTA_LOUVRE_MUSEUM_AMENITIES_ATTACH', 'MODTYPE_PHANTA_LOUVRE_MUSEUM_PLAYER_DISTRICTS_ATTACH_MODIFIER', 0, 0, 0, NULL, 'REQSET_PHANTA_LOUVRE_THEATER_OR_ENCAMPMENT');

INSERT INTO ModifierArguments (ModifierId, Name, Value) VALUES 
('MODFEAT_PHANTA_LOUVRE_MUSEUM_AMENITIES_ATTACH', 'ModifierId', 'MODFEAT_PHANTA_LOUVRE_MUSEUM_AMENITIES');

----------
----------

INSERT INTO Modifiers (ModifierId, ModifierType, RunOnce, Permanent, NewOnly, OwnerRequirementSetId, SubjectRequirementSetId) VALUES 
('MODFEAT_PHANTA_LOUVRE_MUSEUM_AMENITIES', 'MODIFIER_PLAYER_DISTRICT_ADJUST_DISTRICT_AMENITY', 0, 0, 0, NULL, NULL);

INSERT INTO ModifierArguments (ModifierId, Name, Value) VALUES 
('MODFEAT_PHANTA_LOUVRE_MUSEUM_AMENITIES', 'Amount', '1');

--===== 5.2 Tourism from wonders

INSERT INTO BuildingModifiers (BuildingType, ModifierId) VALUES 
('BUILDING_PHANTA_LOUVRE_MUSEUM', 'MODFEAT_PHANTA_LOUVRE_MUSEUM_TOURISM_WONDER_ATTACH');

INSERT INTO Modifiers (ModifierId, ModifierType, RunOnce, Permanent, NewOnly, OwnerRequirementSetId, SubjectRequirementSetId) VALUES 
('MODFEAT_PHANTA_LOUVRE_MUSEUM_TOURISM_WONDER_ATTACH', 'MODTYPE_PHANTA_LOUVRE_MUSEUM_PLAYER_DISTRICTS_ATTACH_MODIFIER', 0, 0, 0, NULL, 'REQSET_PHANTA_LOUVRE_THEATER_OR_ENCAMPMENT');

INSERT INTO ModifierArguments (ModifierId, Name, Value) VALUES 
('MODFEAT_PHANTA_LOUVRE_MUSEUM_TOURISM_WONDER_ATTACH', 'ModifierId', 'MODFEAT_PHANTA_LOUVRE_MUSEUM_TOURISM_WONDER');

----------
----------

INSERT INTO Modifiers (ModifierId, ModifierType, RunOnce, Permanent, NewOnly, OwnerRequirementSetId, SubjectRequirementSetId) VALUES 
('MODFEAT_PHANTA_LOUVRE_MUSEUM_TOURISM_WONDER', 'MODIFIER_SINGLE_CITY_ADJUST_TOURISM', 0, 0, 0, NULL, NULL);

INSERT INTO ModifierArguments (ModifierId, Name, Value) VALUES 
('MODFEAT_PHANTA_LOUVRE_MUSEUM_TOURISM_WONDER', 'BoostsWonders', 'true'), 
('MODFEAT_PHANTA_LOUVRE_MUSEUM_TOURISM_WONDER', 'ScalingFactor', '125');

--===== 5.3 Tourism from Great Work - SCULPTURE

INSERT INTO BuildingModifiers (BuildingType, ModifierId) VALUES 
('BUILDING_PHANTA_LOUVRE_MUSEUM', 'MODFEAT_PHANTA_LOUVRE_MUSEUM_TOURISM_SCULPTURE_ATTACH');

INSERT INTO Modifiers (ModifierId, ModifierType, RunOnce, Permanent, NewOnly, OwnerRequirementSetId, SubjectRequirementSetId) VALUES 
('MODFEAT_PHANTA_LOUVRE_MUSEUM_TOURISM_SCULPTURE_ATTACH', 'MODTYPE_PHANTA_LOUVRE_MUSEUM_PLAYER_DISTRICTS_ATTACH_MODIFIER', 0, 0, 0, NULL, 'REQSET_PHANTA_LOUVRE_THEATER_OR_ENCAMPMENT');

INSERT INTO ModifierArguments (ModifierId, Name, Value) VALUES 
('MODFEAT_PHANTA_LOUVRE_MUSEUM_TOURISM_SCULPTURE_ATTACH', 'ModifierId', 'MODFEAT_PHANTA_LOUVRE_MUSEUM_TOURISM_SCULPTURE');

----------
----------

INSERT INTO Modifiers (ModifierId, ModifierType, RunOnce, Permanent, NewOnly, OwnerRequirementSetId, SubjectRequirementSetId) VALUES 
('MODFEAT_PHANTA_LOUVRE_MUSEUM_TOURISM_SCULPTURE', 'MODIFIER_SINGLE_CITY_ADJUST_TOURISM', 0, 0, 0, NULL, NULL);

INSERT INTO ModifierArguments (ModifierId, Name, Value) VALUES 
('MODFEAT_PHANTA_LOUVRE_MUSEUM_TOURISM_SCULPTURE', 'GreatWorkObjectType', 'GREATWORKOBJECT_SCULPTURE'), 
('MODFEAT_PHANTA_LOUVRE_MUSEUM_TOURISM_SCULPTURE', 'ScalingFactor', '125');

--===== 5.3 Tourism from Great Work - LANDSCAPE

INSERT INTO BuildingModifiers (BuildingType, ModifierId) VALUES 
('BUILDING_PHANTA_LOUVRE_MUSEUM', 'MODFEAT_PHANTA_LOUVRE_MUSEUM_TOURISM_LANDSCAPE_ATTACH');

INSERT INTO Modifiers (ModifierId, ModifierType, RunOnce, Permanent, NewOnly, OwnerRequirementSetId, SubjectRequirementSetId) VALUES 
('MODFEAT_PHANTA_LOUVRE_MUSEUM_TOURISM_LANDSCAPE_ATTACH', 'MODTYPE_PHANTA_LOUVRE_MUSEUM_PLAYER_DISTRICTS_ATTACH_MODIFIER', 0, 0, 0, NULL, 'REQSET_PHANTA_LOUVRE_THEATER_OR_ENCAMPMENT');

INSERT INTO ModifierArguments (ModifierId, Name, Value) VALUES 
('MODFEAT_PHANTA_LOUVRE_MUSEUM_TOURISM_LANDSCAPE_ATTACH', 'ModifierId', 'MODFEAT_PHANTA_LOUVRE_MUSEUM_TOURISM_LANDSCAPE');

----------
----------

INSERT INTO Modifiers (ModifierId, ModifierType, RunOnce, Permanent, NewOnly, OwnerRequirementSetId, SubjectRequirementSetId) VALUES 
('MODFEAT_PHANTA_LOUVRE_MUSEUM_TOURISM_LANDSCAPE', 'MODIFIER_SINGLE_CITY_ADJUST_TOURISM', 0, 0, 0, NULL, NULL);

INSERT INTO ModifierArguments (ModifierId, Name, Value) VALUES 
('MODFEAT_PHANTA_LOUVRE_MUSEUM_TOURISM_LANDSCAPE', 'GreatWorkObjectType', 'GREATWORKOBJECT_LANDSCAPE'), 
('MODFEAT_PHANTA_LOUVRE_MUSEUM_TOURISM_LANDSCAPE', 'ScalingFactor', '125');


--===== 5.3 Tourism from Great Work - PORTRAIT

INSERT INTO BuildingModifiers (BuildingType, ModifierId) VALUES 
('BUILDING_PHANTA_LOUVRE_MUSEUM', 'MODFEAT_PHANTA_LOUVRE_MUSEUM_TOURISM_PORTRAIT_ATTACH');

INSERT INTO Modifiers (ModifierId, ModifierType, RunOnce, Permanent, NewOnly, OwnerRequirementSetId, SubjectRequirementSetId) VALUES 
('MODFEAT_PHANTA_LOUVRE_MUSEUM_TOURISM_PORTRAIT_ATTACH', 'MODTYPE_PHANTA_LOUVRE_MUSEUM_PLAYER_DISTRICTS_ATTACH_MODIFIER', 0, 0, 0, NULL, 'REQSET_PHANTA_LOUVRE_THEATER_OR_ENCAMPMENT');

INSERT INTO ModifierArguments (ModifierId, Name, Value) VALUES 
('MODFEAT_PHANTA_LOUVRE_MUSEUM_TOURISM_PORTRAIT_ATTACH', 'ModifierId', 'MODFEAT_PHANTA_LOUVRE_MUSEUM_TOURISM_PORTRAIT');

----------
----------

INSERT INTO Modifiers (ModifierId, ModifierType, RunOnce, Permanent, NewOnly, OwnerRequirementSetId, SubjectRequirementSetId) VALUES 
('MODFEAT_PHANTA_LOUVRE_MUSEUM_TOURISM_PORTRAIT', 'MODIFIER_SINGLE_CITY_ADJUST_TOURISM', 0, 0, 0, NULL, NULL);

INSERT INTO ModifierArguments (ModifierId, Name, Value) VALUES 
('MODFEAT_PHANTA_LOUVRE_MUSEUM_TOURISM_PORTRAIT', 'GreatWorkObjectType', 'GREATWORKOBJECT_PORTRAIT'), 
('MODFEAT_PHANTA_LOUVRE_MUSEUM_TOURISM_PORTRAIT', 'ScalingFactor', '125');


--===== 5.3 Tourism from Great Work - ARTIFACT

INSERT INTO BuildingModifiers (BuildingType, ModifierId) VALUES 
('BUILDING_PHANTA_LOUVRE_MUSEUM', 'MODFEAT_PHANTA_LOUVRE_MUSEUM_TOURISM_ARTIFACT_ATTACH');

INSERT INTO Modifiers (ModifierId, ModifierType, RunOnce, Permanent, NewOnly, OwnerRequirementSetId, SubjectRequirementSetId) VALUES 
('MODFEAT_PHANTA_LOUVRE_MUSEUM_TOURISM_ARTIFACT_ATTACH', 'MODTYPE_PHANTA_LOUVRE_MUSEUM_PLAYER_DISTRICTS_ATTACH_MODIFIER', 0, 0, 0, NULL, 'REQSET_PHANTA_LOUVRE_THEATER_OR_ENCAMPMENT');

INSERT INTO ModifierArguments (ModifierId, Name, Value) VALUES 
('MODFEAT_PHANTA_LOUVRE_MUSEUM_TOURISM_ARTIFACT_ATTACH', 'ModifierId', 'MODFEAT_PHANTA_LOUVRE_MUSEUM_TOURISM_ARTIFACT');

----------
----------

INSERT INTO Modifiers (ModifierId, ModifierType, RunOnce, Permanent, NewOnly, OwnerRequirementSetId, SubjectRequirementSetId) VALUES 
('MODFEAT_PHANTA_LOUVRE_MUSEUM_TOURISM_ARTIFACT', 'MODIFIER_SINGLE_CITY_ADJUST_TOURISM', 0, 0, 0, NULL, NULL);

INSERT INTO ModifierArguments (ModifierId, Name, Value) VALUES 
('MODFEAT_PHANTA_LOUVRE_MUSEUM_TOURISM_ARTIFACT', 'GreatWorkObjectType', 'GREATWORKOBJECT_ARTIFACT'), 
('MODFEAT_PHANTA_LOUVRE_MUSEUM_TOURISM_ARTIFACT', 'ScalingFactor', '125');

