/*
	Core Leader Definition
	Author: iPlayGamesITA
	Original template by: MC
	Thanks to everyone in the Civ VI Modding Helpline Discord Server!
*/

-----------------------------------------------
-- Types
-----------------------------------------------
INSERT INTO	Types
			(Type,					Kind			)
VALUES		('LEADER_IPG_EMHYR',	'KIND_LEADER'	),
			('LEADER_IPG_CALVEIT',	'KIND_LEADER'	),

			('LEADER_MINOR_CIV_IPG_METINNA_MINOR',		'KIND_LEADER'),
			('LEADER_MINOR_CIV_IPG_MAECHT_MINOR',		'KIND_LEADER'),
			('LEADER_MINOR_CIV_IPG_TOUSSAINT_MINOR',	'KIND_LEADER'),
			('LEADER_MINOR_CIV_IPG_GEMMERA_MINOR',		'KIND_LEADER'),
			('LEADER_MINOR_CIV_IPG_VICOVARO_MINOR',		'KIND_LEADER');
-----------------------------------------------
-- Leaders
-----------------------------------------------
INSERT INTO	Leaders
			(LeaderType,							Name,										InheritFrom,					SceneLayers		)
VALUES		('LEADER_IPG_EMHYR',					'LOC_LEADER_IPG_EMHYR_NAME',				'LEADER_DEFAULT', 				4	),
			('LEADER_IPG_CALVEIT',					'LOC_LEADER_IPG_CALVEIT_NAME',				'LEADER_DEFAULT', 				4	),

			('LEADER_MINOR_CIV_IPG_METINNA_MINOR',		'LOC_CIVILIZATION_IPG_METINNA_MINOR_NAME',		'LEADER_MINOR_CIV_MILITARISTIC',	1	),
			('LEADER_MINOR_CIV_IPG_MAECHT_MINOR',		'LOC_CIVILIZATION_IPG_MAECHT_MINOR_NAME',		'LEADER_MINOR_CIV_RELIGIOUS',		1	),
			('LEADER_MINOR_CIV_IPG_TOUSSAINT_MINOR',	'LOC_CIVILIZATION_IPG_TOUSSAINT_MINOR_NAME',	'LEADER_MINOR_CIV_CULTURAL',		1	),
			('LEADER_MINOR_CIV_IPG_GEMMERA_MINOR',		'LOC_CIVILIZATION_IPG_GEMMERA_MINOR_NAME',		'LEADER_MINOR_CIV_MILITARISTIC',	1	),
			('LEADER_MINOR_CIV_IPG_VICOVARO_MINOR',		'LOC_CIVILIZATION_IPG_VICOVARO_MINOR_NAME',		'LEADER_MINOR_CIV_SCIENTIFIC',		1	);
-----------------------------------------------
-- CivilizationLeaders
-----------------------------------------------
INSERT INTO	CivilizationLeaders
			(CivilizationType,						LeaderType,								CapitalName							)
VALUES		('CIVILIZATION_IPG_NILFGAARD',			'LEADER_IPG_EMHYR',						'LOC_CITY_NAME_IPG_NILFGAARD_1'		),
			('CIVILIZATION_IPG_NILFGAARD',			'LEADER_IPG_CALVEIT',					'LOC_CITY_NAME_IPG_NILFGAARD_1'		),

			('CIVILIZATION_IPG_METINNA_MINOR',		'LEADER_MINOR_CIV_IPG_METINNA_MINOR',		'LOC_CITY_NAME_IPG_METINNA_MINOR'		),
			('CIVILIZATION_IPG_MAECHT_MINOR',		'LEADER_MINOR_CIV_IPG_MAECHT_MINOR',		'LOC_CITY_NAME_IPG_MAECHT_MINOR'		),
			('CIVILIZATION_IPG_TOUSSAINT_MINOR',	'LEADER_MINOR_CIV_IPG_TOUSSAINT_MINOR',		'LOC_CITY_NAME_IPG_TOUSSAINT_MINOR'		),
			('CIVILIZATION_IPG_GEMMERA_MINOR',		'LEADER_MINOR_CIV_IPG_GEMMERA_MINOR',		'LOC_CITY_NAME_IPG_GEMMERA_MINOR'		),
			('CIVILIZATION_IPG_VICOVARO_MINOR',		'LEADER_MINOR_CIV_IPG_VICOVARO_MINOR',		'LOC_CITY_NAME_IPG_VICOVARO_MINOR'		);
-----------------------------------------------
-- LeaderQuotes
-----------------------------------------------
INSERT INTO	LeaderQuotes
			(LeaderType,			Quote										)
VALUES		('LEADER_IPG_EMHYR',	'LOC_PEDIA_LEADERS_PAGE_IPG_EMHYR_QUOTE'	),
			('LEADER_IPG_CALVEIT',	'LOC_PEDIA_LEADERS_PAGE_IPG_CALVEIT_QUOTE'	);
-----------------------------------------------
-- CityNames
-----------------------------------------------
INSERT INTO	CityNames
			(CivilizationType,					LeaderType,			SortIndex,	CityName						)
VALUES		('CIVILIZATION_IPG_NILFGAARD',		'LEADER_IPG_EMHYR',		-1,		'LOC_CITY_NAME_IPG_NILFGAARD_1'		),
			('CIVILIZATION_IPG_NILFGAARD',		'LEADER_IPG_EMHYR',		-1,		'LOC_CITY_NAME_IPG_NILFGAARD_2'		),
			('CIVILIZATION_IPG_NILFGAARD',		'LEADER_IPG_EMHYR',		-1,		'LOC_CITY_NAME_IPG_NILFGAARD_3'		),
			('CIVILIZATION_IPG_NILFGAARD',		'LEADER_IPG_EMHYR',		-1,		'LOC_CITY_NAME_IPG_NILFGAARD_4'		),
			('CIVILIZATION_IPG_NILFGAARD',		'LEADER_IPG_EMHYR',		-1,		'LOC_CITY_NAME_IPG_NILFGAARD_5'		),
			('CIVILIZATION_IPG_NILFGAARD',		'LEADER_IPG_EMHYR',		-1,		'LOC_CITY_NAME_IPG_NILFGAARD_6'		),
			('CIVILIZATION_IPG_NILFGAARD',		'LEADER_IPG_EMHYR',		-1,		'LOC_CITY_NAME_IPG_NILFGAARD_7'		),
			('CIVILIZATION_IPG_NILFGAARD',		'LEADER_IPG_EMHYR',		-1,		'LOC_CITY_NAME_IPG_NILFGAARD_8'		),
			('CIVILIZATION_IPG_NILFGAARD',		'LEADER_IPG_EMHYR',		-1,		'LOC_CITY_NAME_IPG_NILFGAARD_9'		),
			('CIVILIZATION_IPG_NILFGAARD',		'LEADER_IPG_EMHYR',		-1,		'LOC_CITY_NAME_IPG_NILFGAARD_10'		),
			('CIVILIZATION_IPG_NILFGAARD',		'LEADER_IPG_EMHYR',		-1,		'LOC_CITY_NAME_IPG_NILFGAARD_11'		),
			('CIVILIZATION_IPG_NILFGAARD',		'LEADER_IPG_EMHYR',		-1,		'LOC_CITY_NAME_IPG_NILFGAARD_12'		),
			('CIVILIZATION_IPG_NILFGAARD',		'LEADER_IPG_EMHYR',		-1,		'LOC_CITY_NAME_IPG_NILFGAARD_13'		),
			('CIVILIZATION_IPG_NILFGAARD',		'LEADER_IPG_EMHYR',		-1,		'LOC_CITY_NAME_IPG_NILFGAARD_14'		),
			('CIVILIZATION_IPG_NILFGAARD',		'LEADER_IPG_EMHYR',		-1,		'LOC_CITY_NAME_IPG_NILFGAARD_15'		),

			('CIVILIZATION_IPG_NILFGAARD',		'LEADER_IPG_CALVEIT',		-1,		'LOC_CITY_NAME_IPG_NILFGAARD_1'		),
			('CIVILIZATION_IPG_NILFGAARD',		'LEADER_IPG_CALVEIT',		-1,		'LOC_CITY_NAME_IPG_NILFGAARD_2'		),
			('CIVILIZATION_IPG_NILFGAARD',		'LEADER_IPG_CALVEIT',		-1,		'LOC_CITY_NAME_IPG_NILFGAARD_3'		),
			('CIVILIZATION_IPG_NILFGAARD',		'LEADER_IPG_CALVEIT',		-1,		'LOC_CITY_NAME_IPG_NILFGAARD_4'		),
			('CIVILIZATION_IPG_NILFGAARD',		'LEADER_IPG_CALVEIT',		-1,		'LOC_CITY_NAME_IPG_NILFGAARD_5'		),
			('CIVILIZATION_IPG_NILFGAARD',		'LEADER_IPG_CALVEIT',		-1,		'LOC_CITY_NAME_IPG_NILFGAARD_6'		),
			('CIVILIZATION_IPG_NILFGAARD',		'LEADER_IPG_CALVEIT',		-1,		'LOC_CITY_NAME_IPG_NILFGAARD_7'		),
			('CIVILIZATION_IPG_NILFGAARD',		'LEADER_IPG_CALVEIT',		-1,		'LOC_CITY_NAME_IPG_NILFGAARD_8'		),
			('CIVILIZATION_IPG_NILFGAARD',		'LEADER_IPG_CALVEIT',		-1,		'LOC_CITY_NAME_IPG_NILFGAARD_9'		),
			('CIVILIZATION_IPG_NILFGAARD',		'LEADER_IPG_CALVEIT',		-1,		'LOC_CITY_NAME_IPG_NILFGAARD_10'		),
			('CIVILIZATION_IPG_NILFGAARD',		'LEADER_IPG_CALVEIT',		-1,		'LOC_CITY_NAME_IPG_NILFGAARD_11'		),
			('CIVILIZATION_IPG_NILFGAARD',		'LEADER_IPG_CALVEIT',		-1,		'LOC_CITY_NAME_IPG_NILFGAARD_12'		),
			('CIVILIZATION_IPG_NILFGAARD',		'LEADER_IPG_CALVEIT',		-1,		'LOC_CITY_NAME_IPG_NILFGAARD_13'		),
			('CIVILIZATION_IPG_NILFGAARD',		'LEADER_IPG_CALVEIT',		-1,		'LOC_CITY_NAME_IPG_NILFGAARD_14'		),
			('CIVILIZATION_IPG_NILFGAARD',		'LEADER_IPG_CALVEIT',		-1,		'LOC_CITY_NAME_IPG_NILFGAARD_15'		),

			('CIVILIZATION_IPG_METINNA_MINOR',		'LEADER_MINOR_CIV_IPG_METINNA_MINOR',		-1,		'LOC_CITY_NAME_IPG_METINNA_MINOR'	),
			('CIVILIZATION_IPG_MAECHT_MINOR',		'LEADER_MINOR_CIV_IPG_MAECHT_MINOR',		-1,		'LOC_CITY_NAME_IPG_MAECHT_MINOR'	),
			('CIVILIZATION_IPG_TOUSSAINT_MINOR',	'LEADER_MINOR_CIV_IPG_TOUSSAINT_MINOR',		-1,		'LOC_CITY_NAME_IPG_TOUSSAINT_MINOR'	),
			('CIVILIZATION_IPG_GEMMERA_MINOR',		'LEADER_MINOR_CIV_IPG_GEMMERA_MINOR',		-1,		'LOC_CITY_NAME_IPG_GEMMERA_MINOR'	),
			('CIVILIZATION_IPG_VICOVARO_MINOR',		'LEADER_MINOR_CIV_IPG_VICOVARO_MINOR',		-1,		'LOC_CITY_NAME_IPG_VICOVARO_MINOR'	);
