/*
	Leader Unique Ability
	Author: iPlayGamesITA
	Original template by: MC
	Thanks to everyone in the Civ VI Modding Helpline Discord Server!
*/
-----------------------------------------------
-- EMHYR VAR EMREIS & JAN CALVEIT
-----------------------------------------------
INSERT INTO Types
		(Type,								Kind		)
VALUES	('TRAIT_LEADER_DEITHWEN_ADDAN',		'KIND_TRAIT'),
		('TRAIT_LEADER_NAZAIRI_AVENGER',	'KIND_TRAIT'),
		
		('ABILITY_CALVEIT_UNITS_GREAT_SCIENCE_KILL',		'KIND_ABILITY'	),
		('ABILITY_CALVEIT_UNITS_GREAT_CULTURE_KILL',		'KIND_ABILITY'	);

INSERT INTO TypeTags
		(Type,														Tag				)
VALUES	('ABILITY_CALVEIT_UNITS_GREAT_SCIENCE_KILL',		'CLASS_ALL_COMBAT_UNITS'	),
		('ABILITY_CALVEIT_UNITS_GREAT_CULTURE_KILL',		'CLASS_ALL_COMBAT_UNITS'	);

INSERT INTO	Traits
		(TraitType,							Name,										Description										)
VALUES	('TRAIT_LEADER_DEITHWEN_ADDAN',		'LOC_TRAIT_LEADER_DEITHWEN_ADDAN_NAME',		'LOC_TRAIT_LEADER_DEITHWEN_ADDAN_DESCRIPTION'	),
		('TRAIT_LEADER_NAZAIRI_AVENGER',	'LOC_TRAIT_LEADER_NAZAIRI_AVENGER_NAME',	'LOC_TRAIT_LEADER_NAZAIRI_AVENGER_DESCRIPTION'	);

INSERT INTO UnitAbilities
		(UnitAbilityType,									Inactive,	Permanent,	Description								)
VALUES	('ABILITY_CALVEIT_UNITS_GREAT_SCIENCE_KILL',		1,			1,			'LOC_ABILITY_CALVEIT_UNITS_GREAT_SCIENCE_KILL_DESCRIPTION'	),
		('ABILITY_CALVEIT_UNITS_GREAT_CULTURE_KILL',		1,			1,			'LOC_ABILITY_CALVEIT_UNITS_GREAT_CULTURE_KILL_DESCRIPTION'	);

INSERT INTO UnitAbilityModifiers
        (UnitAbilityType,								ModifierId									)
VALUES	('ABILITY_CALVEIT_UNITS_GREAT_SCIENCE_KILL',	'NAZAIRI_AVENGER_CAMPUS_POINT'				),
		('ABILITY_CALVEIT_UNITS_GREAT_SCIENCE_KILL',	'NAZAIRI_AVENGER_LIBRARY_POINT'				),
		('ABILITY_CALVEIT_UNITS_GREAT_SCIENCE_KILL',	'NAZAIRI_AVENGER_UNIVERSITY_POINT'			),
		('ABILITY_CALVEIT_UNITS_GREAT_SCIENCE_KILL',	'NAZAIRI_AVENGER_LAB_POINT'					),
		
		('ABILITY_CALVEIT_UNITS_GREAT_CULTURE_KILL',	'NAZAIRI_AVENGER_THEATER_WRITER_POINT'		),
		('ABILITY_CALVEIT_UNITS_GREAT_CULTURE_KILL',	'NAZAIRI_AVENGER_THEATER_ARTIST_POINT'		),
		('ABILITY_CALVEIT_UNITS_GREAT_CULTURE_KILL',	'NAZAIRI_AVENGER_THEATER_MUSICIAN_POINT'	),
		
		('ABILITY_CALVEIT_UNITS_GREAT_CULTURE_KILL',	'NAZAIRI_AVENGER_AMPHITHEATER_WRITER_POINT'	),
		
		('ABILITY_CALVEIT_UNITS_GREAT_CULTURE_KILL',	'NAZAIRI_AVENGER_TIER_2_WRITER_POINT'		),
		('ABILITY_CALVEIT_UNITS_GREAT_CULTURE_KILL',	'NAZAIRI_AVENGER_TIER_2_ARTIST_2_POINTS'	),
		
		('ABILITY_CALVEIT_UNITS_GREAT_CULTURE_KILL',	'NAZAIRI_AVENGER_BROADCAST_ARTIST_POINT'	),
		('ABILITY_CALVEIT_UNITS_GREAT_CULTURE_KILL',	'NAZAIRI_AVENGER_BROADCAST_MUSICIAN_2_POINTS'	);

INSERT INTO	LeaderTraits
		(LeaderType,			TraitType							)
VALUES	('LEADER_IPG_EMHYR',	'TRAIT_LEADER_DEITHWEN_ADDAN'		),
		('LEADER_IPG_EMHYR',	'TRAIT_LEADER_AGGRESSIVE_MILITARY'	),
		('LEADER_IPG_EMHYR',	'TRAIT_LEADER_EXPANSIONIST'			),

		('LEADER_IPG_CALVEIT',	'TRAIT_LEADER_NAZAIRI_AVENGER'		),
		('LEADER_IPG_CALVEIT',	'TRAIT_LEADER_AGGRESSIVE_MILITARY'	),
		('LEADER_IPG_CALVEIT',	'TRAIT_LEADER_EXPANSIONIST'			),
		('LEADER_IPG_CALVEIT',	'TRAIT_LEADER_SCIENCE_MAJOR_CIV'	),
		('LEADER_IPG_CALVEIT',	'TRAIT_LEADER_CULTURAL_MAJOR_CIV'	);

INSERT INTO TraitModifiers 
		(TraitType,							ModifierId											)
VALUES	('TRAIT_LEADER_DEITHWEN_ADDAN',		'DEITHWEN_ADDAN_REPLACE_DIPLO_POLICY'				),
		('TRAIT_LEADER_DEITHWEN_ADDAN',		'DEITHWEN_ADDAN_CAPITAL_CAPTURE_ATTACH_MODIFIER'	),
		('TRAIT_LEADER_DEITHWEN_ADDAN',		'DEITHWEN_ADDAN_DIPLO_VISIBILITY_COMBAT_MODIFIER'	),
		
		('TRAIT_LEADER_NAZAIRI_AVENGER',	'NAZAIRI_AVENGER_SCIENCE_CONQUERED_CITIES'			),
		('TRAIT_LEADER_NAZAIRI_AVENGER',	'NAZAIRI_AVENGER_CULTURE_CONQUERED_CITIES'			),
		('TRAIT_LEADER_NAZAIRI_AVENGER',	'NAZAIRI_AVENGER_FAITH_CONQUERED_CITIES'			),

		('TRAIT_LEADER_NAZAIRI_AVENGER',	'NAZAIRI_AVENGER_UNITS_SCIENCE_ABILITY_GRANT'			),
		('TRAIT_LEADER_NAZAIRI_AVENGER',	'NAZAIRI_AVENGER_UNITS_CULTURE_ABILITY_GRANT'			);

INSERT INTO Modifiers
		(ModifierId,										ModifierType,													Permanent,	SubjectRequirementSetId	)
VALUES	('DEITHWEN_ADDAN_REPLACE_DIPLO_POLICY',				'MODIFIER_PLAYER_CULTURE_REPLACE_GOVERNMENT_SLOTS',					0,		null	),
		('DEITHWEN_ADDAN_CAPITAL_CAPTURE_ATTACH_MODIFIER',	'MODIFIER_PLAYER_CAPTURED_CITY_ATTACH_MODIFIER',					1,		'REQUIREMENTS_DEITHWEN_ADDAN_CAPITAL_CAPTURE'	),
		('DEITHWEN_ADDAN_GOVERNOR_POINT_CAPITAL_CAPTURE',	'MODIFIER_PLAYER_ADJUST_GOVERNOR_POINTS',							1,		null	),
		('DEITHWEN_ADDAN_DIPLO_VISIBILITY_COMBAT_MODIFIER',	'MODIFIER_PLAYER_UNITS_ADJUST_DIPLO_VISIBILITY_COMBAT_MODIFIER',	0,		null	),
		
		('NAZAIRI_AVENGER_SCIENCE_CONQUERED_CITIES',		'MODIFIER_PLAYER_CITIES_ADJUST_CITY_YIELD_CHANGE',					0,		'REQUIREMENTS_NILFGAARD_NOT_OWNER_CITY'	),
		('NAZAIRI_AVENGER_CULTURE_CONQUERED_CITIES',		'MODIFIER_PLAYER_CITIES_ADJUST_CITY_YIELD_CHANGE',					0,		'REQUIREMENTS_NILFGAARD_NOT_OWNER_CITY'	),
		('NAZAIRI_AVENGER_FAITH_CONQUERED_CITIES',			'MODIFIER_PLAYER_CITIES_ADJUST_CITY_YIELD_CHANGE',					0,		'REQUIREMENTS_NILFGAARD_NOT_OWNER_CITY'	),
		
		('NAZAIRI_AVENGER_UNITS_SCIENCE_ABILITY_GRANT',		'MODIFIER_PLAYER_UNITS_GRANT_ABILITY',								1,		null	),
		('NAZAIRI_AVENGER_UNITS_CULTURE_ABILITY_GRANT',		'MODIFIER_PLAYER_UNITS_GRANT_ABILITY',								1,		null	),
		
		('NAZAIRI_AVENGER_CAMPUS_POINT',					'MODIFIER_PLAYER_UNIT_ADJUST_GREAT_PEOPLE_POINTS_PER_KILL',			1,		'REQUIREMENTS_NILFGAARD_CAMPUS'),
		('NAZAIRI_AVENGER_LIBRARY_POINT',					'MODIFIER_PLAYER_UNIT_ADJUST_GREAT_PEOPLE_POINTS_PER_KILL',			1,		'REQUIREMENTS_NILFGAARD_LIBRARY'),
		('NAZAIRI_AVENGER_UNIVERSITY_POINT',				'MODIFIER_PLAYER_UNIT_ADJUST_GREAT_PEOPLE_POINTS_PER_KILL',			1,		'REQUIREMENTS_NILFGAARD_UNIVERSITY'),
		('NAZAIRI_AVENGER_LAB_POINT',						'MODIFIER_PLAYER_UNIT_ADJUST_GREAT_PEOPLE_POINTS_PER_KILL',			1,		'REQUIREMENTS_NILFGAARD_LAB'),
		
		('NAZAIRI_AVENGER_THEATER_WRITER_POINT',			'MODIFIER_PLAYER_UNIT_ADJUST_GREAT_PEOPLE_POINTS_PER_KILL',			1,		'REQUIREMENTS_NILFGAARD_THEATER'),
		('NAZAIRI_AVENGER_THEATER_ARTIST_POINT',			'MODIFIER_PLAYER_UNIT_ADJUST_GREAT_PEOPLE_POINTS_PER_KILL',			1,		'REQUIREMENTS_NILFGAARD_THEATER'),
		('NAZAIRI_AVENGER_THEATER_MUSICIAN_POINT',			'MODIFIER_PLAYER_UNIT_ADJUST_GREAT_PEOPLE_POINTS_PER_KILL',			1,		'REQUIREMENTS_NILFGAARD_THEATER'),
		
		('NAZAIRI_AVENGER_AMPHITHEATER_WRITER_POINT',		'MODIFIER_PLAYER_UNIT_ADJUST_GREAT_PEOPLE_POINTS_PER_KILL',			1,		'REQUIREMENTS_NILFGAARD_AMPHITHEATER'),
		
		('NAZAIRI_AVENGER_TIER_2_WRITER_POINT',				'MODIFIER_PLAYER_UNIT_ADJUST_GREAT_PEOPLE_POINTS_PER_KILL',			1,		'REQUIREMENTS_NILFGAARD_TIER_2_CULTURE'),
		('NAZAIRI_AVENGER_TIER_2_ARTIST_2_POINTS',			'MODIFIER_PLAYER_UNIT_ADJUST_GREAT_PEOPLE_POINTS_PER_KILL',			1,		'REQUIREMENTS_NILFGAARD_TIER_2_CULTURE'),
		
		('NAZAIRI_AVENGER_BROADCAST_ARTIST_POINT',			'MODIFIER_PLAYER_UNIT_ADJUST_GREAT_PEOPLE_POINTS_PER_KILL',			1,		'REQUIREMENTS_NILFGAARD_BROADCAST'),
		('NAZAIRI_AVENGER_BROADCAST_MUSICIAN_2_POINTS',		'MODIFIER_PLAYER_UNIT_ADJUST_GREAT_PEOPLE_POINTS_PER_KILL',			1,		'REQUIREMENTS_NILFGAARD_BROADCAST');

INSERT INTO ModifierArguments 
		(ModifierId,										Name,					Value	)
VALUES	('DEITHWEN_ADDAN_REPLACE_DIPLO_POLICY',				'ReplacedGovernmentSlotType',	'SLOT_DIPLOMATIC'	),
		('DEITHWEN_ADDAN_REPLACE_DIPLO_POLICY',				'AddedGovernmentSlotType',	'SLOT_WILDCARD'	),
		('DEITHWEN_ADDAN_CAPITAL_CAPTURE_ATTACH_MODIFIER',	'ModifierId',			'DEITHWEN_ADDAN_GOVERNOR_POINT_CAPITAL_CAPTURE'	),
		('DEITHWEN_ADDAN_GOVERNOR_POINT_CAPITAL_CAPTURE',	'Delta',				'1'				),
		('DEITHWEN_ADDAN_DIPLO_VISIBILITY_COMBAT_MODIFIER',	'Amount',				'3'				),
		('DEITHWEN_ADDAN_DIPLO_VISIBILITY_COMBAT_MODIFIER',	'DeltaWithOpponent',	'1'				),
		
		('NAZAIRI_AVENGER_SCIENCE_CONQUERED_CITIES',		'YieldType',			'YIELD_SCIENCE'	),
		('NAZAIRI_AVENGER_SCIENCE_CONQUERED_CITIES',		'Amount',				'2'				),
		('NAZAIRI_AVENGER_CULTURE_CONQUERED_CITIES',		'YieldType',			'YIELD_CULTURE'	),
		('NAZAIRI_AVENGER_CULTURE_CONQUERED_CITIES',		'Amount',				'2'				),
		('NAZAIRI_AVENGER_FAITH_CONQUERED_CITIES',			'YieldType',			'YIELD_FAITH'	),
		('NAZAIRI_AVENGER_FAITH_CONQUERED_CITIES',			'Amount',				'2'				),
		
		('NAZAIRI_AVENGER_UNITS_SCIENCE_ABILITY_GRANT',		'AbilityType',			'ABILITY_CALVEIT_UNITS_GREAT_SCIENCE_KILL'	),
		('NAZAIRI_AVENGER_UNITS_CULTURE_ABILITY_GRANT',		'AbilityType',			'ABILITY_CALVEIT_UNITS_GREAT_CULTURE_KILL'	),
		
		('NAZAIRI_AVENGER_CAMPUS_POINT',					'Amount',					'1'),
		('NAZAIRI_AVENGER_CAMPUS_POINT',					'GreatPersonClassType',		'GREAT_PERSON_CLASS_SCIENTIST'),
		('NAZAIRI_AVENGER_LIBRARY_POINT',					'Amount',					'1'),
		('NAZAIRI_AVENGER_LIBRARY_POINT',					'GreatPersonClassType',		'GREAT_PERSON_CLASS_SCIENTIST'),
		('NAZAIRI_AVENGER_UNIVERSITY_POINT',				'Amount',					'1'),
		('NAZAIRI_AVENGER_UNIVERSITY_POINT',				'GreatPersonClassType',		'GREAT_PERSON_CLASS_SCIENTIST'),
		('NAZAIRI_AVENGER_LAB_POINT',						'Amount',					'1'),
		('NAZAIRI_AVENGER_LAB_POINT',						'GreatPersonClassType',		'GREAT_PERSON_CLASS_SCIENTIST'),
		
		('NAZAIRI_AVENGER_THEATER_WRITER_POINT',			'Amount',					'1'),
		('NAZAIRI_AVENGER_THEATER_WRITER_POINT',			'GreatPersonClassType',		'GREAT_PERSON_CLASS_WRITER'),
		('NAZAIRI_AVENGER_THEATER_ARTIST_POINT',			'Amount',					'1'),
		('NAZAIRI_AVENGER_THEATER_ARTIST_POINT',			'GreatPersonClassType',		'GREAT_PERSON_CLASS_ARTIST'),
		('NAZAIRI_AVENGER_THEATER_MUSICIAN_POINT',			'Amount',					'1'),
		('NAZAIRI_AVENGER_THEATER_MUSICIAN_POINT',			'GreatPersonClassType',		'GREAT_PERSON_CLASS_MUSICIAN'),
		
		('NAZAIRI_AVENGER_AMPHITHEATER_WRITER_POINT',		'Amount',					'1'),
		('NAZAIRI_AVENGER_AMPHITHEATER_WRITER_POINT',		'GreatPersonClassType',		'GREAT_PERSON_CLASS_WRITER'),
		
		('NAZAIRI_AVENGER_TIER_2_WRITER_POINT',				'Amount',					'1'),
		('NAZAIRI_AVENGER_TIER_2_WRITER_POINT',				'GreatPersonClassType',		'GREAT_PERSON_CLASS_WRITER'),
		('NAZAIRI_AVENGER_TIER_2_ARTIST_2_POINTS',			'Amount',					'2'),
		('NAZAIRI_AVENGER_TIER_2_ARTIST_2_POINTS',			'GreatPersonClassType',		'GREAT_PERSON_CLASS_ARTIST'),
		
		('NAZAIRI_AVENGER_BROADCAST_ARTIST_POINT',			'Amount',					'1'),
		('NAZAIRI_AVENGER_BROADCAST_ARTIST_POINT',			'GreatPersonClassType',		'GREAT_PERSON_CLASS_ARTIST'),
		('NAZAIRI_AVENGER_BROADCAST_MUSICIAN_2_POINTS',		'Amount',					'2'),
		('NAZAIRI_AVENGER_BROADCAST_MUSICIAN_2_POINTS',		'GreatPersonClassType',		'GREAT_PERSON_CLASS_MUSICIAN');

INSERT INTO RequirementSets
		(RequirementSetId,									RequirementSetType			)
VALUES	('REQUIREMENTS_DEITHWEN_ADDAN_CAPITAL_CAPTURE',		'REQUIREMENTSET_TEST_ALL'	),

		('REQUIREMENTS_NILFGAARD_CAMPUS',					'REQUIREMENTSET_TEST_ALL'	),
		('REQUIREMENTS_NILFGAARD_LIBRARY',					'REQUIREMENTSET_TEST_ALL'	),
		('REQUIREMENTS_NILFGAARD_UNIVERSITY',				'REQUIREMENTSET_TEST_ALL'	),
		('REQUIREMENTS_NILFGAARD_LAB',						'REQUIREMENTSET_TEST_ALL'	),
		
		('REQUIREMENTS_NILFGAARD_THEATER',					'REQUIREMENTSET_TEST_ALL'	),
		('REQUIREMENTS_NILFGAARD_AMPHITHEATER',				'REQUIREMENTSET_TEST_ALL'	),
		('REQUIREMENTS_NILFGAARD_TIER_2_CULTURE',			'REQUIREMENTSET_TEST_ANY'	),
		('REQUIREMENTS_NILFGAARD_BROADCAST',				'REQUIREMENTSET_TEST_ALL'	);

INSERT INTO RequirementSetRequirements
		(RequirementSetId,									RequirementId					)
VALUES	('REQUIREMENTS_DEITHWEN_ADDAN_CAPITAL_CAPTURE',		'REQ_DEITHWEN_ADDAN_CAPITAL'	),

		('REQUIREMENTS_NILFGAARD_CAMPUS',					'REQ_NILFGAARD_HAS_CAMPUS'		),
		('REQUIREMENTS_NILFGAARD_LIBRARY',					'REQ_NILFGAARD_HAS_LIBRARY'		),
		('REQUIREMENTS_NILFGAARD_UNIVERSITY',				'REQ_NILFGAARD_HAS_UNIVERSITY'	),
		('REQUIREMENTS_NILFGAARD_LAB',						'REQ_NILFGAARD_HAS_LAB'			),
		
		('REQUIREMENTS_NILFGAARD_THEATER',					'REQ_NILFGAARD_HAS_THEATER'		),
		('REQUIREMENTS_NILFGAARD_AMPHITHEATER',				'REQ_NILFGAARD_HAS_AMPHITHEATER'	),
		('REQUIREMENTS_NILFGAARD_TIER_2_CULTURE',			'REQ_NILFGAARD_HAS_ARCHAEOLOGICAL'	),
		('REQUIREMENTS_NILFGAARD_TIER_2_CULTURE',			'REQ_NILFGAARD_HAS_ART_MUSEUM'	),
		('REQUIREMENTS_NILFGAARD_BROADCAST',				'REQ_NILFGAARD_HAS_BROADCAST'	);

INSERT INTO Requirements
		(RequirementId, 					RequirementType			)
VALUES	('REQ_DEITHWEN_ADDAN_CAPITAL',		'REQUIREMENT_CITY_IS_ORIGINAL_CAPITAL'	),

		('REQ_NILFGAARD_HAS_CAMPUS',		'REQUIREMENT_PLAYER_HAS_DISTRICT'	),
		('REQ_NILFGAARD_HAS_LIBRARY',		'REQUIREMENT_PLAYER_HAS_BUILDING'	),
		('REQ_NILFGAARD_HAS_UNIVERSITY',	'REQUIREMENT_PLAYER_HAS_BUILDING'	),
		('REQ_NILFGAARD_HAS_LAB',			'REQUIREMENT_PLAYER_HAS_BUILDING'	),
		
		('REQ_NILFGAARD_HAS_THEATER',			'REQUIREMENT_PLAYER_HAS_DISTRICT'	),
		('REQ_NILFGAARD_HAS_AMPHITHEATER',		'REQUIREMENT_PLAYER_HAS_BUILDING'	),
		('REQ_NILFGAARD_HAS_ARCHAEOLOGICAL',	'REQUIREMENT_PLAYER_HAS_BUILDING'	),
		('REQ_NILFGAARD_HAS_ART_MUSEUM',		'REQUIREMENT_PLAYER_HAS_BUILDING'	),
		('REQ_NILFGAARD_HAS_BROADCAST',			'REQUIREMENT_PLAYER_HAS_BUILDING'	);

INSERT INTO RequirementArguments
		(RequirementId,						Name,					Value		)
VALUES	('REQ_NILFGAARD_HAS_CAMPUS',		'DistrictType',			'DISTRICT_CAMPUS'),
		('REQ_NILFGAARD_HAS_LIBRARY',		'BuildingType',			'BUILDING_LIBRARY'),
		('REQ_NILFGAARD_HAS_UNIVERSITY',	'BuildingType',			'BUILDING_UNIVERSITY'),
		('REQ_NILFGAARD_HAS_LAB',			'BuildingType',			'BUILDING_RESEARCH_LAB'),
		
		('REQ_NILFGAARD_HAS_THEATER',			'DistrictType',		'DISTRICT_THEATER'),
		('REQ_NILFGAARD_HAS_AMPHITHEATER',		'BuildingType',		'BUILDING_AMPHITHEATER'),
		('REQ_NILFGAARD_HAS_ARCHAEOLOGICAL',	'BuildingType',		'BUILDING_MUSEUM_ARTIFACT'),
		('REQ_NILFGAARD_HAS_ART_MUSEUM',		'BuildingType',		'BUILDING_MUSEUM_ART'),
		('REQ_NILFGAARD_HAS_BROADCAST',			'BuildingType',		'BUILDING_BROADCAST_CENTER');
-----------------------------------------------
-- METINNA
-----------------------------------------------
INSERT INTO Types
		(Type,									Kind		)
VALUES	('MINOR_CIV_IPG_METINNA_MINOR_TRAIT',	'KIND_TRAIT'),
		('ABILITY_METINNA_CAVALRYMEN',			'KIND_ABILITY');

INSERT INTO TypeTags
		(Type,							Tag				)
VALUES	('ABILITY_METINNA_CAVALRYMEN',	'CLASS_LIGHT_CAVALRY');

INSERT INTO	Traits
		(TraitType,								Name,											Description											)
VALUES	('MINOR_CIV_IPG_METINNA_MINOR_TRAIT',	'LOC_MINOR_CIV_IPG_METINNA_MINOR_TRAIT_NAME',	'LOC_MINOR_CIV_IPG_METINNA_MINOR_TRAIT_DESCRIPTION'	);

INSERT INTO UnitAbilities
		(UnitAbilityType,				Inactive,	Permanent,	Name,									Description									)
VALUES	('ABILITY_METINNA_CAVALRYMEN',	1,			1,			'LOC_ABILITY_METINNA_CAVALRYMEN_NAME',	'LOC_ABILITY_METINNA_CAVALRYMEN_DESCRIPTION');

INSERT INTO	LeaderTraits
		(LeaderType,							TraitType							)
VALUES	('LEADER_MINOR_CIV_IPG_METINNA_MINOR',	'MINOR_CIV_IPG_METINNA_MINOR_TRAIT');

INSERT INTO TraitModifiers 
		(TraitType,								ModifierId											)
VALUES	('MINOR_CIV_IPG_METINNA_MINOR_TRAIT',	'MINOR_CIV_IPG_METINNA_MINOR_UNIQUE_INFLUENCE_METINNA_CAVALRYMEN'),
		('MINOR_CIV_IPG_METINNA_MINOR_TRAIT',	'MINOR_CIV_IPG_METINNA_MINOR_UNIQUE_INFLUENCE_EXTRA_AMENITIES_WINE');

INSERT INTO UnitAbilityModifiers
		(UnitAbilityType,				ModifierId			)
VALUES	('ABILITY_METINNA_CAVALRYMEN',	'METINNA_CAVALRYMEN_LIGHT_CAVALRY_STRENGTH');

INSERT INTO Modifiers
		(ModifierId,															ModifierType,									SubjectRequirementSetId	)
VALUES	('MINOR_CIV_IPG_METINNA_MINOR_UNIQUE_INFLUENCE_METINNA_CAVALRYMEN',		'MODIFIER_ALL_PLAYERS_ATTACH_MODIFIER',			'PLAYER_IS_SUZERAIN'	),
		('MINOR_CIV_IPG_METINNA_MINOR_UNIQUE_INFLUENCE_EXTRA_AMENITIES_WINE',	'MODIFIER_ALL_PLAYERS_ATTACH_MODIFIER',			'PLAYER_IS_SUZERAIN'	),

		('METINNA_CAVALRYMEN_ABILITY_GRANT',				'MODIFIER_PLAYER_TRAINED_UNITS_GRANT_ABILITY',	null		),
		('METINNA_CAVALRYMEN_LIGHT_CAVALRY_STRENGTH',		'MODIFIER_UNIT_ADJUST_COMBAT_STRENGTH',			null		),
		('METINNA_GRANT_WINE_FREE_COPY',					'MODIFIER_PLAYER_ADJUST_FREE_RESOURCE_IMPORT',	null		);

INSERT INTO ModifierArguments 
		(ModifierId,															Name,			Value	)
VALUES	('MINOR_CIV_IPG_METINNA_MINOR_UNIQUE_INFLUENCE_METINNA_CAVALRYMEN',		'ModifierId',	'METINNA_CAVALRYMEN_ABILITY_GRANT'),
		('MINOR_CIV_IPG_METINNA_MINOR_UNIQUE_INFLUENCE_EXTRA_AMENITIES_WINE',	'ModifierId',	'METINNA_GRANT_WINE_FREE_COPY'),

		('METINNA_CAVALRYMEN_ABILITY_GRANT',				'AbilityType',	'ABILITY_METINNA_CAVALRYMEN'),
		('METINNA_CAVALRYMEN_LIGHT_CAVALRY_STRENGTH',		'Amount',		'4'),
		('METINNA_GRANT_WINE_FREE_COPY',					'ResourceType',	'RESOURCE_WINE'),
		('METINNA_GRANT_WINE_FREE_COPY',					'Amount',		'1');
		
INSERT INTO ModifierStrings
		(ModifierId,									Context,	Text						)
VALUES	('METINNA_CAVALRYMEN_LIGHT_CAVALRY_STRENGTH',	'Preview',	'+{1_Amount} {LOC_ABILITY_METINNA_CAVALRYMEN_NAME}');
-----------------------------------------------
-- MAECHT
-----------------------------------------------
INSERT INTO Types
		(Type,														Kind			)
VALUES	('MINOR_CIV_IPG_MAECHT_MINOR_TRAIT',						'KIND_TRAIT'	),
		('NILFGAARD_MODIFIER_PLAYER_UNITS_SPY_OPERATION_CHANCE',	'KIND_MODIFIER'	);

INSERT INTO	Traits
		(TraitType,								Name,											Description									)
VALUES	('MINOR_CIV_IPG_MAECHT_MINOR_TRAIT',	'LOC_MINOR_CIV_IPG_MAECHT_MINOR_TRAIT_NAME',	'LOC_MINOR_CIV_IPG_MAECHT_MINOR_TRAIT_DESCRIPTION');

INSERT INTO	LeaderTraits
		(LeaderType,							TraitType					)
VALUES	('LEADER_MINOR_CIV_IPG_MAECHT_MINOR',	'MINOR_CIV_IPG_MAECHT_MINOR_TRAIT');

INSERT INTO TraitModifiers 
		(TraitType,								ModifierId											)
VALUES	('MINOR_CIV_IPG_MAECHT_MINOR_TRAIT',	'MINOR_CIV_IPG_MAECHT_MINOR_UNIQUE_INFLUENCE_EXTRA_DIPLOMATIC_POLICY_SLOT');

INSERT INTO DynamicModifiers
		(ModifierType,												CollectionType,				EffectType		)
VALUES	('NILFGAARD_MODIFIER_PLAYER_UNITS_SPY_OPERATION_CHANCE',	'COLLECTION_PLAYER_UNITS',	'EFFECT_ADJUST_UNIT_SPY_OPERATION_CHANCE'	);

INSERT INTO Modifiers
		(ModifierId,																	ModifierType,								SubjectRequirementSetId	)
VALUES	('MINOR_CIV_IPG_MAECHT_MINOR_UNIQUE_INFLUENCE_EXTRA_DIPLOMATIC_POLICY_SLOT',	'MODIFIER_ALL_PLAYERS_ATTACH_MODIFIER',		'PLAYER_IS_SUZERAIN'	),
		('MAECHT_SPY_FABRICATE_SCANDAL_OPERATION_CHANCE',				'NILFGAARD_MODIFIER_PLAYER_UNITS_SPY_OPERATION_CHANCE',		'UNIT_IS_SPY'			);

INSERT INTO ModifierArguments 
		(ModifierId,													Name,			Value	)
VALUES	('MINOR_CIV_IPG_MAECHT_MINOR_UNIQUE_INFLUENCE_EXTRA_DIPLOMATIC_POLICY_SLOT',	'ModifierId',	'MAECHT_SPY_FABRICATE_SCANDAL_OPERATION_CHANCE'),
		('MAECHT_SPY_FABRICATE_SCANDAL_OPERATION_CHANCE',				'OperationType',		'UNITOPERATION_SPY_FABRICATE_SCANDAL'		),
		('MAECHT_SPY_FABRICATE_SCANDAL_OPERATION_CHANCE',				'Offensive',	1		),
		('MAECHT_SPY_FABRICATE_SCANDAL_OPERATION_CHANCE',				'Amount',		3		);
-----------------------------------------------
-- TOUSSAINT
-----------------------------------------------
INSERT INTO Types
		(Type,									Kind		)
VALUES	('MINOR_CIV_IPG_TOUSSAINT_MINOR_TRAIT',	'KIND_TRAIT');

INSERT INTO	Traits
		(TraitType,								Name,											Description											)
VALUES	('MINOR_CIV_IPG_TOUSSAINT_MINOR_TRAIT',	'LOC_MINOR_CIV_IPG_TOUSSAINT_MINOR_TRAIT_NAME',	'LOC_MINOR_CIV_IPG_TOUSSAINT_MINOR_TRAIT_DESCRIPTION'		);

INSERT INTO	LeaderTraits
		(LeaderType,								TraitType						)
VALUES	('LEADER_MINOR_CIV_IPG_TOUSSAINT_MINOR',	'MINOR_CIV_IPG_TOUSSAINT_MINOR_TRAIT'	);

INSERT INTO TraitModifiers 
		(TraitType,								ModifierId											)
VALUES	('MINOR_CIV_IPG_TOUSSAINT_MINOR_TRAIT',	'MINOR_CIV_IPG_TOUSSAINT_MINOR_UNIQUE_INFLUENCE_EXTRA_CULTURE_PLANTATIONS_ON_LUXURY'),
		('MINOR_CIV_IPG_TOUSSAINT_MINOR_TRAIT',	'MINOR_CIV_IPG_TOUSSAINT_MINOR_UNIQUE_INFLUENCE_EXTRA_CULTURE_PLANTATIONS_ON_WINE');

INSERT INTO Modifiers
		(ModifierId,																			ModifierType,										SubjectRequirementSetId	)
VALUES	('MINOR_CIV_IPG_TOUSSAINT_MINOR_UNIQUE_INFLUENCE_EXTRA_CULTURE_PLANTATIONS_ON_LUXURY',	'MODIFIER_ALL_PLAYERS_ATTACH_MODIFIER',				'PLAYER_IS_SUZERAIN'	),
		('MINOR_CIV_IPG_TOUSSAINT_MINOR_UNIQUE_INFLUENCE_EXTRA_CULTURE_PLANTATIONS_ON_WINE',	'MODIFIER_ALL_PLAYERS_ATTACH_MODIFIER',				'PLAYER_IS_SUZERAIN'	),

		('TOUSSAINT_EXTRA_CULTURE_PLANTATIONS_ON_LUXURY',	'MODIFIER_PLAYER_ADJUST_PLOT_YIELD',	'TOUSSAINT_PLANTATION_REQUIREMENTS'	),
		('TOUSSAINT_EXTRA_CULTURE_PLANTATIONS_ON_WINE',		'MODIFIER_PLAYER_ADJUST_PLOT_YIELD',	'TOUSSAINT_PLANTATION_WINE_REQUIREMENTS'	);

INSERT INTO ModifierArguments 
		(ModifierId,																			Name,			Value	)
VALUES	('MINOR_CIV_IPG_TOUSSAINT_MINOR_UNIQUE_INFLUENCE_EXTRA_CULTURE_PLANTATIONS_ON_LUXURY',	'ModifierId',	'TOUSSAINT_EXTRA_CULTURE_PLANTATIONS_ON_LUXURY'),
		('MINOR_CIV_IPG_TOUSSAINT_MINOR_UNIQUE_INFLUENCE_EXTRA_CULTURE_PLANTATIONS_ON_WINE',	'ModifierId',	'TOUSSAINT_EXTRA_CULTURE_PLANTATIONS_ON_WINE'),

		('TOUSSAINT_EXTRA_CULTURE_PLANTATIONS_ON_LUXURY',		'YieldType',	'YIELD_CULTURE'		),
		('TOUSSAINT_EXTRA_CULTURE_PLANTATIONS_ON_LUXURY',		'Amount',		'3'		),
		('TOUSSAINT_EXTRA_CULTURE_PLANTATIONS_ON_WINE',			'YieldType',	'YIELD_CULTURE'		),
		('TOUSSAINT_EXTRA_CULTURE_PLANTATIONS_ON_WINE',			'Amount',		'2'		);

INSERT INTO RequirementSets
		(RequirementSetId,							RequirementSetType			)
VALUES	('TOUSSAINT_PLANTATION_REQUIREMENTS',		'REQUIREMENTSET_TEST_ALL'	),
		('TOUSSAINT_PLANTATION_WINE_REQUIREMENTS',	'REQUIREMENTSET_TEST_ALL'	);

INSERT INTO RequirementSetRequirements
		(RequirementSetId,							RequirementId					)
VALUES	('TOUSSAINT_PLANTATION_REQUIREMENTS',		'TOUSSAINT_REQ_PLOT_HAS_PLANTATION'),
		('TOUSSAINT_PLANTATION_REQUIREMENTS',		'TOUSSAINT_REQ_PLOT_HAS_LUXURY'),

		('TOUSSAINT_PLANTATION_WINE_REQUIREMENTS',	'TOUSSAINT_REQ_PLOT_HAS_PLANTATION'),
		('TOUSSAINT_PLANTATION_WINE_REQUIREMENTS',	'TOUSSAINT_REQ_PLOT_HAS_WINE');

INSERT INTO Requirements
		(RequirementId, 						RequirementType		)
VALUES	('TOUSSAINT_REQ_PLOT_HAS_PLANTATION',	'REQUIREMENT_PLOT_IMPROVEMENT_TYPE_MATCHES'),
		('TOUSSAINT_REQ_PLOT_HAS_LUXURY',		'REQUIREMENT_PLOT_IMPROVED_RESOURCE_CLASS_TYPE_MATCHES'),
		('TOUSSAINT_REQ_PLOT_HAS_WINE',			'REQUIREMENT_PLOT_RESOURCE_TYPE_MATCHES');	

INSERT INTO RequirementArguments
		(RequirementId, 						Name,					Value		)
VALUES	('TOUSSAINT_REQ_PLOT_HAS_PLANTATION',	'ImprovementType',		'IMPROVEMENT_PLANTATION'	),
		('TOUSSAINT_REQ_PLOT_HAS_LUXURY',		'ResourceClassType',	'RESOURCECLASS_LUXURY'	),
		('TOUSSAINT_REQ_PLOT_HAS_WINE',			'ResourceType',			'RESOURCE_WINE'	);
-----------------------------------------------
-- GEMMERA
-----------------------------------------------
INSERT INTO Types
		(Type,									Kind		)
VALUES	('MINOR_CIV_IPG_GEMMERA_MINOR_TRAIT',	'KIND_TRAIT');

INSERT INTO	Traits
		(TraitType,								Name,											Description											)
VALUES	('MINOR_CIV_IPG_GEMMERA_MINOR_TRAIT',	'LOC_MINOR_CIV_IPG_GEMMERA_MINOR_TRAIT_NAME',	'LOC_MINOR_CIV_IPG_GEMMERA_MINOR_TRAIT_DESCRIPTION'		);

INSERT INTO	LeaderTraits
		(LeaderType,							TraitType							)
VALUES	('LEADER_MINOR_CIV_IPG_GEMMERA_MINOR',	'MINOR_CIV_IPG_GEMMERA_MINOR_TRAIT');

INSERT INTO TraitModifiers 
		(TraitType,								ModifierId											)
VALUES	('MINOR_CIV_IPG_GEMMERA_MINOR_TRAIT',	'MINOR_CIV_IPG_GEMMERA_MINOR_UNIQUE_INFLUENCE_EXTRA_STRENGTH_FREE_CITIES'),
		('MINOR_CIV_IPG_GEMMERA_MINOR_TRAIT',	'MINOR_CIV_IPG_GEMMERA_MINOR_UNIQUE_INFLUENCE_EXTRA_LOYALTY_GARRISON');

INSERT INTO Modifiers
		(ModifierId,																ModifierType,									SubjectRequirementSetId	)
VALUES	('MINOR_CIV_IPG_GEMMERA_MINOR_UNIQUE_INFLUENCE_EXTRA_STRENGTH_FREE_CITIES',	'MODIFIER_ALL_PLAYERS_ATTACH_MODIFIER',			'PLAYER_IS_SUZERAIN'	),
		('MINOR_CIV_IPG_GEMMERA_MINOR_UNIQUE_INFLUENCE_EXTRA_LOYALTY_GARRISON',		'MODIFIER_ALL_PLAYERS_ATTACH_MODIFIER',			'PLAYER_IS_SUZERAIN'	),

		('GEMMERA_UNITS_EXTRA_STRENGTH_FREE_CITIES',	'MODIFIER_PLAYER_UNITS_ADJUST_COMBAT_STRENGTH',			'GEMMERA_OPPONENT_IS_FREE_CITY_REQUIREMENTS'	),
		('GEMMERA_EXTRA_LOYALTY_GARRISON',				'MODIFIER_PLAYER_CITIES_ADJUST_IDENTITY_PER_TURN',		'CITY_HAS_GARRISON_UNIT_REQUIERMENT'		);

INSERT INTO ModifierArguments 
		(ModifierId,																Name,			Value	)
VALUES	('MINOR_CIV_IPG_GEMMERA_MINOR_UNIQUE_INFLUENCE_EXTRA_STRENGTH_FREE_CITIES',	'ModifierId',	'GEMMERA_UNITS_EXTRA_STRENGTH_FREE_CITIES'),
		('MINOR_CIV_IPG_GEMMERA_MINOR_UNIQUE_INFLUENCE_EXTRA_LOYALTY_GARRISON',		'ModifierId',	'GEMMERA_EXTRA_LOYALTY_GARRISON'),

		('GEMMERA_UNITS_EXTRA_STRENGTH_FREE_CITIES',	'Amount',			'5'),
		('GEMMERA_EXTRA_LOYALTY_GARRISON',				'Amount',			'2');
		
INSERT INTO ModifierStrings
		(ModifierId,									Context,	Text						)
VALUES	('GEMMERA_UNITS_EXTRA_STRENGTH_FREE_CITIES',	'Preview',	'+{1_Amount} {LOC_GEMMERIAN_PACIFIERS_NAME}');

INSERT INTO RequirementSets
		(RequirementSetId,								RequirementSetType			)
VALUES	('GEMMERA_OPPONENT_IS_FREE_CITY_REQUIREMENTS',	'REQUIREMENTSET_TEST_ALL'	);

INSERT INTO RequirementSetRequirements
		(RequirementSetId,								RequirementId					)
VALUES	('GEMMERA_OPPONENT_IS_FREE_CITY_REQUIREMENTS',	'GEMMERA_REQ_OPPONENT_IS_FREE_CITY');

INSERT INTO Requirements
		(RequirementId, 						RequirementType		)
VALUES	('GEMMERA_REQ_OPPONENT_IS_FREE_CITY',	'REQUIREMENT_OPPONENT_IS_FREE_CITY');	
-----------------------------------------------
-- VICOVARO
-----------------------------------------------
INSERT INTO Types
		(Type,									Kind		)
VALUES	('MINOR_CIV_IPG_VICOVARO_MINOR_TRAIT',	'KIND_TRAIT');

INSERT INTO	Traits
		(TraitType,								Name,											Description											)
VALUES	('MINOR_CIV_IPG_VICOVARO_MINOR_TRAIT',	'LOC_MINOR_CIV_IPG_VICOVARO_MINOR_TRAIT_NAME',	'LOC_MINOR_CIV_IPG_VICOVARO_MINOR_TRAIT_DESCRIPTION'		);

INSERT INTO	LeaderTraits
		(LeaderType,								TraitType						)
VALUES	('LEADER_MINOR_CIV_IPG_VICOVARO_MINOR',		'MINOR_CIV_IPG_VICOVARO_MINOR_TRAIT'	);

INSERT INTO TraitModifiers 
		(TraitType,								ModifierId											)
VALUES	('MINOR_CIV_IPG_VICOVARO_MINOR_TRAIT',	'MINOR_CIV_IPG_VICOVARO_MINOR_UNIQUE_INFLUENCE_UNIVERSITY_SCIENCE_BONUS'),
		('MINOR_CIV_IPG_VICOVARO_MINOR_TRAIT',	'MINOR_CIV_IPG_VICOVARO_MINOR_UNIQUE_INFLUENCE_UNIVERSITY_SCIENTIST_BONUS'),
		('MINOR_CIV_IPG_VICOVARO_MINOR_TRAIT',	'MINOR_CIV_IPG_VICOVARO_MINOR_UNIQUE_INFLUENCE_UNIVERSITY_UNITS_FULL_HEAL');

INSERT INTO Modifiers
		(ModifierId,																	ModifierType,								SubjectRequirementSetId	)
VALUES	('MINOR_CIV_IPG_VICOVARO_MINOR_UNIQUE_INFLUENCE_UNIVERSITY_SCIENCE_BONUS',		'MODIFIER_ALL_PLAYERS_ATTACH_MODIFIER',		'PLAYER_IS_SUZERAIN'	),
		('MINOR_CIV_IPG_VICOVARO_MINOR_UNIQUE_INFLUENCE_UNIVERSITY_SCIENTIST_BONUS',	'MODIFIER_ALL_PLAYERS_ATTACH_MODIFIER',		'PLAYER_IS_SUZERAIN'	),
		('MINOR_CIV_IPG_VICOVARO_MINOR_UNIQUE_INFLUENCE_UNIVERSITY_UNITS_FULL_HEAL',	'MODIFIER_ALL_PLAYERS_ATTACH_MODIFIER',		'PLAYER_IS_SUZERAIN'	),

		('VICOVARO_UNIVERSITY_SCIENCE_BONUS',		'MODIFIER_PLAYER_CITIES_ADJUST_BUILDING_YIELD_CHANGE',		null	),
		('VICOVARO_UNIVERSITY_SCIENTIST_BONUS',		'MODIFIER_PLAYER_CITIES_ADJUST_GREAT_PERSON_POINT',			'BUILDING_IS_UNIVERSITY'	),
		('VICOVARO_UNIVERSITY_UNITS_FULL_HEAL',		'MODIFIER_PLAYER_UNITS_ADJUST_HEAL_PER_TURN',				'VICOVARO_UNIVERSITY_HEAL_REQUIREMENTS'		);

INSERT INTO ModifierArguments 
		(ModifierId,																	Name,			Value	)
VALUES	('MINOR_CIV_IPG_VICOVARO_MINOR_UNIQUE_INFLUENCE_UNIVERSITY_SCIENCE_BONUS',		'ModifierId',	'VICOVARO_UNIVERSITY_SCIENCE_BONUS'),
		('MINOR_CIV_IPG_VICOVARO_MINOR_UNIQUE_INFLUENCE_UNIVERSITY_SCIENTIST_BONUS',	'ModifierId',	'VICOVARO_UNIVERSITY_SCIENTIST_BONUS'),
		('MINOR_CIV_IPG_VICOVARO_MINOR_UNIQUE_INFLUENCE_UNIVERSITY_UNITS_FULL_HEAL',	'ModifierId',	'VICOVARO_UNIVERSITY_UNITS_FULL_HEAL'),

		('VICOVARO_UNIVERSITY_SCIENCE_BONUS',		'BuildingType',			'BUILDING_UNIVERSITY'	),
		('VICOVARO_UNIVERSITY_SCIENCE_BONUS',		'YieldType',			'YIELD_SCIENCE'			),
		('VICOVARO_UNIVERSITY_SCIENCE_BONUS',		'Amount',				'2'		),
		('VICOVARO_UNIVERSITY_SCIENTIST_BONUS',		'GreatPersonClassType',	'GREAT_PERSON_CLASS_SCIENTIST'		),
		('VICOVARO_UNIVERSITY_SCIENTIST_BONUS',		'Amount',				'1'		),
		('VICOVARO_UNIVERSITY_UNITS_FULL_HEAL',		'Amount',				'100'	),
		('VICOVARO_UNIVERSITY_UNITS_FULL_HEAL',		'Type',					'ALL'	);

INSERT INTO RequirementSets
		(RequirementSetId,							RequirementSetType			)
VALUES	('VICOVARO_UNIVERSITY_HEAL_REQUIREMENTS',	'REQUIREMENTSET_TEST_ALL'	);

INSERT INTO RequirementSetRequirements
		(RequirementSetId,							RequirementId					)
VALUES	('VICOVARO_UNIVERSITY_HEAL_REQUIREMENTS',	'VICOVARO_REQ_ADJACENT_UNIVERSITY');

INSERT INTO Requirements
		(RequirementId, 						RequirementType		)
VALUES	('VICOVARO_REQ_ADJACENT_UNIVERSITY',	'REQUIREMENT_PLOT_ADJACENT_BUILDING_TYPE_MATCHES');	

INSERT INTO RequirementArguments
		(RequirementId, 						Name,				Value		)
VALUES	('VICOVARO_REQ_ADJACENT_UNIVERSITY',	'BuildingType',		'BUILDING_UNIVERSITY'	);