-- 6TUE_Future_Policies
-- Author: JNR
--------------------------------------------------------------

-- Types
--------------------------------------------------------------
INSERT OR IGNORE INTO Types
		(Type,								Kind)
VALUES	('POLICY_JNR_SHOOTER_GAMES',		'KIND_POLICY'),
		('POLICY_JNR_GIS_ARTA',				'KIND_POLICY'),
		('POLICY_JNR_ARTIFICIAL_ISLANDS',	'KIND_POLICY'),
		('POLICY_JNR_DRONE_STRIKES',		'KIND_POLICY');
--------------------------------------------------------------

-- Policies
--------------------------------------------------------------
UPDATE Policies SET Description='LOC_POLICY_MILITARY_FIRST_DESCRIPTION_NO_FUTURE'		WHERE PolicyType='POLICY_MILITARY_FIRST';
UPDATE Policies SET Description='LOC_POLICY_LIGHTNING_WARFARE_DESCRIPTION_NO_FUTURE'	WHERE PolicyType='POLICY_LIGHTNING_WARFARE';
UPDATE Policies SET Description='LOC_POLICY_INTERNATIONAL_WATERS_DESCRIPTION_NO_FUTURE'	WHERE PolicyType='POLICY_INTERNATIONAL_WATERS';
UPDATE Policies SET Description='LOC_POLICY_STRATEGIC_AIR_FORCE_DESCRIPTION_NO_FUTURE'	WHERE PolicyType='POLICY_STRATEGIC_AIR_FORCE';

INSERT OR IGNORE INTO Policies
		(PolicyType,						GovernmentSlotType,	PrereqCivic,					Name,										Description)
VALUES	('POLICY_JNR_SHOOTER_GAMES',		'SLOT_MILITARY',	'CIVIC_INFORMATION_WARFARE',	'LOC_POLICY_JNR_SHOOTER_GAMES_NAME',		'LOC_POLICY_JNR_SHOOTER_GAMES_DESCRIPTION'),
		('POLICY_JNR_GIS_ARTA',				'SLOT_MILITARY',	'CIVIC_INFORMATION_WARFARE',	'LOC_POLICY_JNR_GIS_ARTA_NAME',				'LOC_POLICY_JNR_GIS_ARTA_DESCRIPTION'),
		('POLICY_JNR_ARTIFICIAL_ISLANDS',	'SLOT_MILITARY',	'CIVIC_EXODUS_IMPERATIVE',		'LOC_POLICY_JNR_ARTIFICIAL_ISLANDS_NAME',	'LOC_POLICY_JNR_ARTIFICIAL_ISLANDS_DESCRIPTION'),
		('POLICY_JNR_DRONE_STRIKES',		'SLOT_MILITARY',	'CIVIC_EXODUS_IMPERATIVE',		'LOC_POLICY_JNR_DRONE_STRIKES_NAME',		'LOC_POLICY_JNR_DRONE_STRIKES_DESCRIPTION');
--------------------------------------------------------------

--------------------------------------------------------------
-- Military Production Bonuses
--------------------------------------------------------------

-- ObsoletePolicies
--------------------------------------------------------------
INSERT OR IGNORE INTO ObsoletePolicies
		(PolicyType,					ObsoletePolicy)
VALUES	('POLICY_MILITARY_FIRST',		'POLICY_JNR_SHOOTER_GAMES'),
		('POLICY_LIGHTNING_WARFARE',	'POLICY_JNR_GIS_ARTA'),
		('POLICY_INTERNATIONAL_WATERS',	'POLICY_JNR_ARTIFICIAL_ISLANDS'),
		('POLICY_STRATEGIC_AIR_FORCE',	'POLICY_JNR_DRONE_STRIKES');	
--------------------------------------------------------------

-- Modifiers
--------------------------------------------------------------
INSERT OR IGNORE INTO Modifiers
		(ModifierId,												ModifierType)
VALUES	('JNR_SHOOTERGAMES_FUTURE_MELEE_PRODUCTION',				'MODIFIER_PLAYER_CITIES_ADJUST_UNIT_TAG_ERA_PRODUCTION'),
		('JNR_SHOOTERGAMES_FUTURE_ANTI_CAVALRY_PRODUCTION',			'MODIFIER_PLAYER_CITIES_ADJUST_UNIT_TAG_ERA_PRODUCTION'),
		('JNR_SHOOTERGAMES_FUTURE_RANGED_PRODUCTION',				'MODIFIER_PLAYER_CITIES_ADJUST_UNIT_TAG_ERA_PRODUCTION'),
		('JNR_SHOOTERGAMES_FUTURE_RECON_PRODUCTION',				'MODIFIER_PLAYER_CITIES_ADJUST_UNIT_TAG_ERA_PRODUCTION'),

		('JNR_GISARTA_FUTURE_HEAVY_CAVALRY_PRODUCTION',				'MODIFIER_PLAYER_CITIES_ADJUST_UNIT_TAG_ERA_PRODUCTION'),
		('JNR_GISARTA_FUTURE_LIGHT_CAVALRY_PRODUCTION',				'MODIFIER_PLAYER_CITIES_ADJUST_UNIT_TAG_ERA_PRODUCTION'),
		('JNR_GISARTA_FUTURE_SIEGE_PRODUCTION',						'MODIFIER_PLAYER_CITIES_ADJUST_UNIT_TAG_ERA_PRODUCTION'),

		('JNR_ARTIFICIALISLANDS_FUTURE_NAVAL_MELEE_PRODUCTION',		'MODIFIER_PLAYER_CITIES_ADJUST_UNIT_TAG_ERA_PRODUCTION'),
		('JNR_ARTIFICIALISLANDS_FUTURE_NAVAL_RANGED_PRODUCTION',	'MODIFIER_PLAYER_CITIES_ADJUST_UNIT_TAG_ERA_PRODUCTION'),
		('JNR_ARTIFICIALISLANDS_FUTURE_NAVAL_RAIDER_PRODUCTION',	'MODIFIER_PLAYER_CITIES_ADJUST_UNIT_TAG_ERA_PRODUCTION'),

		('JNR_DRONESTRIKES_FUTURE_AIRFIGHTER_PRODUCTION',			'MODIFIER_PLAYER_CITIES_ADJUST_UNIT_TAG_ERA_PRODUCTION'),
		('JNR_DRONESTRIKES_FUTURE_AIRBOMBER_PRODUCTION',			'MODIFIER_PLAYER_CITIES_ADJUST_UNIT_TAG_ERA_PRODUCTION'),
		('JNR_DRONESTRIKES_FUTURE_NAVALCARRIER_PRODUCTION',			'MODIFIER_PLAYER_CITIES_ADJUST_UNIT_TAG_ERA_PRODUCTION'),

-- restores cut modifiers needed for policies to affect Modern and Atomic era air units (copied from Community Patch mod, which is still needed to fix the existing policies)
		('FINESTHOUR_MODERN_AIRFIGHTER_PRODUCTION',					'MODIFIER_PLAYER_CITIES_ADJUST_UNIT_TAG_ERA_PRODUCTION'),
		('FINESTHOUR_ATOMIC_AIRFIGHTER_PRODUCTION',					'MODIFIER_PLAYER_CITIES_ADJUST_UNIT_TAG_ERA_PRODUCTION'),
		('FINESTHOUR_MODERN_AIRBOMBER_PRODUCTION',					'MODIFIER_PLAYER_CITIES_ADJUST_UNIT_TAG_ERA_PRODUCTION'),
		('FINESTHOUR_ATOMIC_AIRBOMBER_PRODUCTION',					'MODIFIER_PLAYER_CITIES_ADJUST_UNIT_TAG_ERA_PRODUCTION'),

		('LETTEROFMARQUE_FUTURE_NAVAL_RAIDER_PRODUCTION',			'MODIFIER_PLAYER_CITIES_ADJUST_UNIT_TAG_ERA_PRODUCTION');
--------------------------------------------------------------

-- ModifierArguments
--------------------------------------------------------------
INSERT OR IGNORE INTO ModifierArguments
		(ModifierId,												Name,					Value,								Extra)
VALUES	('JNR_SHOOTERGAMES_FUTURE_MELEE_PRODUCTION',				'UnitPromotionClass',	'PROMOTION_CLASS_MELEE',			-1),
		('JNR_SHOOTERGAMES_FUTURE_MELEE_PRODUCTION',				'EraType',				'ERA_FUTURE',						-1),
		('JNR_SHOOTERGAMES_FUTURE_MELEE_PRODUCTION',				'Amount',				50,									-1),
		('JNR_SHOOTERGAMES_FUTURE_ANTI_CAVALRY_PRODUCTION',			'UnitPromotionClass',	'PROMOTION_CLASS_ANTI_CAVALRY',		-1),
		('JNR_SHOOTERGAMES_FUTURE_ANTI_CAVALRY_PRODUCTION',			'EraType',				'ERA_FUTURE',						-1),
		('JNR_SHOOTERGAMES_FUTURE_ANTI_CAVALRY_PRODUCTION',			'Amount',				50,									-1),
		('JNR_SHOOTERGAMES_FUTURE_RANGED_PRODUCTION',				'UnitPromotionClass',	'PROMOTION_CLASS_RANGED',			-1),
		('JNR_SHOOTERGAMES_FUTURE_RANGED_PRODUCTION',				'EraType',				'ERA_FUTURE',						-1),
		('JNR_SHOOTERGAMES_FUTURE_RANGED_PRODUCTION',				'Amount',				50,									-1),
		('JNR_SHOOTERGAMES_FUTURE_RECON_PRODUCTION',				'UnitPromotionClass',	'PROMOTION_CLASS_RECON',			-1),
		('JNR_SHOOTERGAMES_FUTURE_RECON_PRODUCTION',				'EraType',				'ERA_FUTURE',						-1),
		('JNR_SHOOTERGAMES_FUTURE_RECON_PRODUCTION',				'Amount',				50,									-1),

		('JNR_GISARTA_FUTURE_HEAVY_CAVALRY_PRODUCTION',				'UnitPromotionClass',	'PROMOTION_CLASS_HEAVY_CAVALRY',	-1),
		('JNR_GISARTA_FUTURE_HEAVY_CAVALRY_PRODUCTION',				'EraType',				'ERA_FUTURE',						-1),
		('JNR_GISARTA_FUTURE_HEAVY_CAVALRY_PRODUCTION',				'Amount',				50,									-1),
		('JNR_GISARTA_FUTURE_LIGHT_CAVALRY_PRODUCTION',				'UnitPromotionClass',	'PROMOTION_CLASS_LIGHT_CAVALRY',	-1),
		('JNR_GISARTA_FUTURE_LIGHT_CAVALRY_PRODUCTION',				'EraType',				'ERA_FUTURE',						-1),
		('JNR_GISARTA_FUTURE_LIGHT_CAVALRY_PRODUCTION',				'Amount',				50,									-1),
		('JNR_GISARTA_FUTURE_SIEGE_PRODUCTION',						'UnitPromotionClass',	'PROMOTION_CLASS_SIEGE',			-1),
		('JNR_GISARTA_FUTURE_SIEGE_PRODUCTION',						'EraType',				'ERA_FUTURE',						-1),
		('JNR_GISARTA_FUTURE_SIEGE_PRODUCTION',						'Amount',				50,									-1),

		('JNR_ARTIFICIALISLANDS_FUTURE_NAVAL_MELEE_PRODUCTION',		'UnitPromotionClass',	'PROMOTION_CLASS_NAVAL_MELEE',		-1),
		('JNR_ARTIFICIALISLANDS_FUTURE_NAVAL_MELEE_PRODUCTION',		'EraType',				'ERA_FUTURE',						-1),
		('JNR_ARTIFICIALISLANDS_FUTURE_NAVAL_MELEE_PRODUCTION',		'Amount',				100,								-1),
		('JNR_ARTIFICIALISLANDS_FUTURE_NAVAL_RANGED_PRODUCTION',	'UnitPromotionClass',	'PROMOTION_CLASS_NAVAL_RANGED',		-1),
		('JNR_ARTIFICIALISLANDS_FUTURE_NAVAL_RANGED_PRODUCTION',	'EraType',				'ERA_FUTURE',						-1),
		('JNR_ARTIFICIALISLANDS_FUTURE_NAVAL_RANGED_PRODUCTION',	'Amount',				100,								-1),
		('JNR_ARTIFICIALISLANDS_FUTURE_NAVAL_RAIDER_PRODUCTION',	'UnitPromotionClass',	'PROMOTION_CLASS_NAVAL_RAIDER',		-1),
		('JNR_ARTIFICIALISLANDS_FUTURE_NAVAL_RAIDER_PRODUCTION',	'EraType',				'ERA_FUTURE',						-1),
		('JNR_ARTIFICIALISLANDS_FUTURE_NAVAL_RAIDER_PRODUCTION',	'Amount',				100,								-1),


		('JNR_DRONESTRIKES_FUTURE_AIRFIGHTER_PRODUCTION',			'UnitPromotionClass',	'PROMOTION_CLASS_AIR_FIGHTER',		-1),
		('JNR_DRONESTRIKES_FUTURE_AIRFIGHTER_PRODUCTION',			'EraType',				'ERA_FUTURE',						-1),
		('JNR_DRONESTRIKES_FUTURE_AIRFIGHTER_PRODUCTION',			'Amount',				50,									-1),
		('JNR_DRONESTRIKES_FUTURE_AIRBOMBER_PRODUCTION',			'UnitPromotionClass',	'PROMOTION_CLASS_AIR_BOMBER',		-1),
		('JNR_DRONESTRIKES_FUTURE_AIRBOMBER_PRODUCTION',			'EraType',				'ERA_FUTURE',						-1),
		('JNR_DRONESTRIKES_FUTURE_AIRBOMBER_PRODUCTION',			'Amount',				50,									-1),
		('JNR_DRONESTRIKES_FUTURE_NAVALCARRIER_PRODUCTION',			'UnitPromotionClass',	'PROMOTION_CLASS_NAVAL_CARRIER',	-1),
		('JNR_DRONESTRIKES_FUTURE_NAVALCARRIER_PRODUCTION',			'EraType',				'ERA_FUTURE',						-1),
		('JNR_DRONESTRIKES_FUTURE_NAVALCARRIER_PRODUCTION',			'Amount',				50,									-1),

-- restores cut modifiers needed for policies to affect Modern and Atomic era air units (copied from Community Patch mod, which is still needed to fix the existing policies)
		('FINESTHOUR_MODERN_AIRFIGHTER_PRODUCTION',					'UnitPromotionClass',	'PROMOTION_CLASS_AIR_FIGHTER',		-1),
		('FINESTHOUR_MODERN_AIRFIGHTER_PRODUCTION',					'EraType',				'ERA_MODERN',						-1),
		('FINESTHOUR_MODERN_AIRFIGHTER_PRODUCTION',					'Amount',				50,									-1),
		
		('FINESTHOUR_ATOMIC_AIRFIGHTER_PRODUCTION',					'UnitPromotionClass',	'PROMOTION_CLASS_AIR_FIGHTER',		-1),
		('FINESTHOUR_ATOMIC_AIRFIGHTER_PRODUCTION',					'EraType',				'ERA_ATOMIC',						-1),
		('FINESTHOUR_ATOMIC_AIRFIGHTER_PRODUCTION',					'Amount',				50,									-1),
		
		('FINESTHOUR_MODERN_AIRBOMBER_PRODUCTION',					'UnitPromotionClass',	'PROMOTION_CLASS_AIR_BOMBER',		-1),
		('FINESTHOUR_MODERN_AIRBOMBER_PRODUCTION',					'EraType',				'ERA_MODERN',						-1),
		('FINESTHOUR_MODERN_AIRBOMBER_PRODUCTION',					'Amount',				50,									-1),
		
		('FINESTHOUR_ATOMIC_AIRBOMBER_PRODUCTION',					'UnitPromotionClass',	'PROMOTION_CLASS_AIR_BOMBER',		-1),
		('FINESTHOUR_ATOMIC_AIRBOMBER_PRODUCTION',					'EraType',				'ERA_ATOMIC',						-1),
		('FINESTHOUR_ATOMIC_AIRBOMBER_PRODUCTION',					'Amount',				50,									-1);

INSERT OR IGNORE INTO ModifierArguments
		(ModifierId,												Name,					Value)
VALUES	('LETTEROFMARQUE_FUTURE_NAVAL_RAIDER_PRODUCTION',			'UnitPromotionClass',	'PROMOTION_CLASS_NAVAL_RAIDER'),
		('LETTEROFMARQUE_FUTURE_NAVAL_RAIDER_PRODUCTION',			'EraType',				'ERA_6T_POST_CLASSICAL'),
		('LETTEROFMARQUE_FUTURE_NAVAL_RAIDER_PRODUCTION',			'Amount',				100);
--------------------------------------------------------------

-- PolicyModifiers
--------------------------------------------------------------
INSERT OR IGNORE INTO PolicyModifiers
		(PolicyType,						ModifierId)
SELECT	'POLICY_JNR_SHOOTER_GAMES',			ModifierId
FROM	PolicyModifiers
WHERE	PolicyType='POLICY_MILITARY_FIRST';

INSERT OR IGNORE INTO PolicyModifiers
		(PolicyType,						ModifierId)
SELECT	'POLICY_JNR_GIS_ARTA',				ModifierId
FROM	PolicyModifiers
WHERE	PolicyType='POLICY_LIGHTNING_WARFARE';

INSERT OR IGNORE INTO PolicyModifiers
		(PolicyType,						ModifierId)
SELECT	'POLICY_JNR_ARTIFICIAL_ISLANDS',	ModifierId
FROM	PolicyModifiers
WHERE	PolicyType='POLICY_INTERNATIONAL_WATERS';

INSERT OR IGNORE INTO PolicyModifiers
		(PolicyType,						ModifierId)
SELECT	'POLICY_JNR_DRONE_STRIKES',			ModifierId
FROM	PolicyModifiers
WHERE	PolicyType='POLICY_STRATEGIC_AIR_FORCE';

INSERT OR IGNORE INTO PolicyModifiers
		(PolicyType,						ModifierId)
VALUES	('POLICY_JNR_SHOOTER_GAMES',		'JNR_SHOOTERGAMES_FUTURE_MELEE_PRODUCTION'),
		('POLICY_JNR_SHOOTER_GAMES',		'JNR_SHOOTERGAMES_FUTURE_ANTI_CAVALRY_PRODUCTION'),
		('POLICY_JNR_SHOOTER_GAMES',		'JNR_SHOOTERGAMES_FUTURE_RANGED_PRODUCTION'),

		('POLICY_JNR_GIS_ARTA',				'JNR_GISARTA_FUTURE_HEAVY_CAVALRY_PRODUCTION'),
		('POLICY_JNR_GIS_ARTA',				'JNR_GISARTA_FUTURE_LIGHT_CAVALRY_PRODUCTION'),

		('POLICY_JNR_ARTIFICIAL_ISLANDS',	'JNR_ARTIFICIALISLANDS_FUTURE_NAVAL_MELEE_PRODUCTION'),
		('POLICY_JNR_ARTIFICIAL_ISLANDS',	'JNR_ARTIFICIALISLANDS_FUTURE_NAVAL_RANGED_PRODUCTION'),
		('POLICY_JNR_ARTIFICIAL_ISLANDS',	'JNR_ARTIFICIALISLANDS_FUTURE_NAVAL_RAIDER_PRODUCTION'),

		('POLICY_JNR_DRONE_STRIKES',		'JNR_DRONESTRIKES_FUTURE_AIRFIGHTER_PRODUCTION'),
		('POLICY_JNR_DRONE_STRIKES',		'JNR_DRONESTRIKES_FUTURE_AIRBOMBER_PRODUCTION'),
		('POLICY_JNR_DRONE_STRIKES',		'JNR_DRONESTRIKES_FUTURE_NAVALCARRIER_PRODUCTION');

INSERT OR IGNORE INTO PolicyModifiers
		(PolicyType,						ModifierId)
SELECT	'POLICY_JNR_SHOOTER_GAMES',			'JNR_SHOOTERGAMES_FUTURE_RECON_PRODUCTION'
FROM	Policies
WHERE	PolicyType='POLICY_JNR_SIEGECRAFT';

INSERT OR IGNORE INTO PolicyModifiers
		(PolicyType,						ModifierId)
SELECT	'POLICY_JNR_GIS_ARTA',				'JNR_GISARTA_FUTURE_SIEGE_PRODUCTION'
FROM	Policies
WHERE	PolicyType='POLICY_JNR_SIEGECRAFT';

INSERT OR IGNORE INTO PolicyModifiers
		(PolicyType,						ModifierId)
SELECT	PolicyType,							'LETTEROFMARQUE_FUTURE_NAVAL_RAIDER_PRODUCTION'
FROM	Policies
WHERE	PolicyType='POLICY_LETTERS_OF_MARQUE';
--------------------------------------------------------------

--------------------------------------------------------------
-- Secondary Bonuses
--------------------------------------------------------------

-- ObsoletePolicies
--------------------------------------------------------------
INSERT OR IGNORE INTO ObsoletePolicies
		(PolicyType,			ObsoletePolicy)
VALUES	('POLICY_LIMITANEI',	'POLICY_JNR_SHOOTER_GAMES');	
--------------------------------------------------------------

-- Types
--------------------------------------------------------------
INSERT OR IGNORE INTO Types
		(Type,											Kind)
VALUES	('ABILITY_JNR_RECEIVE_RANGE_BONUS_RANGED',		'KIND_ABILITY'),
		('ABILITY_JNR_RECEIVE_STRENGTH_BUFF_RANGED',	'KIND_ABILITY');
--------------------------------------------------------------

-- Tags
--------------------------------------------------------------
INSERT OR IGNORE INTO Tags
		(Tag,									Vocabulary)
VALUES	('CLASS_JNR_FORWARD_OBSERVER_RANGED',	'ABILITY_CLASS'),
		('CLASS_JNR_TARGETTING_ASSIST_RANGED',	'ABILITY_CLASS');		
--------------------------------------------------------------

-- TypeTags
--------------------------------------------------------------
INSERT OR IGNORE INTO TypeTags
		(Type,											Tag)
VALUES	('ABILITY_JNR_RECEIVE_RANGE_BONUS_RANGED',		'CLASS_JNR_FORWARD_OBSERVER_RANGED'),
		('ABILITY_JNR_RECEIVE_STRENGTH_BUFF_RANGED',	'CLASS_JNR_TARGETTING_ASSIST_RANGED'),
		('UNIT_JNR_FUTURE_RANGED',						'CLASS_JNR_FORWARD_OBSERVER_RANGED'),
		('UNIT_JNR_FUTURE_RANGED',						'CLASS_JNR_TARGETTING_ASSIST_RANGED');
--------------------------------------------------------------

-- UnitAbilities
--------------------------------------------------------------
INSERT OR IGNORE INTO UnitAbilities
		(UnitAbilityType,								Inactive)
VALUES	('ABILITY_JNR_RECEIVE_RANGE_BONUS_RANGED',		1),
		('ABILITY_JNR_RECEIVE_STRENGTH_BUFF_RANGED',	1);
--------------------------------------------------------------

-- UnitAbilityModifiers
--------------------------------------------------------------
INSERT OR IGNORE INTO UnitAbilityModifiers
		(UnitAbilityType,								ModifierId)
VALUES	('ABILITY_JNR_RECEIVE_RANGE_BONUS_RANGED',		'RECEIVE_RANGE_BONUS'),
		('ABILITY_JNR_RECEIVE_STRENGTH_BUFF_RANGED',	'BOMBARD_STR_BUFF_FROM_DRONE');
--------------------------------------------------------------

-- Modifiers
--------------------------------------------------------------
INSERT OR IGNORE INTO Modifiers
		(ModifierId,								ModifierType,										SubjectRequirementSetId)
VALUES	('JNR_SHOOTERGAMES_GARRISONIDENTITY',		'MODIFIER_PLAYER_CITIES_ADJUST_IDENTITY_PER_TURN',	'CITY_HAS_GARRISON_UNIT_REQUIERMENT'),
		('JNR_GISARTA_RANGED_RANGE_BONUS',			'MODIFIER_PLAYER_UNITS_GRANT_ABILITY',				NULL),
		('JNR_GISARTA_RANGED_COMBATBUFF',			'MODIFIER_PLAYER_UNITS_GRANT_ABILITY',				NULL),
		('JNR_ARTIFICIALISLANDS_CULTUREBOMB',		'MODIFIER_PLAYER_ADD_CULTURE_BOMB_TRIGGER',			NULL),
		('JNR_DRONESTRIKES_DOMESTICWARWEARINESS',	'MODIFIER_PLAYER_ADJUST_WAR_WEARINESS',				NULL),
		('JNR_DRONESTRIKES_FOREIGNWARWEARINESS',	'MODIFIER_PLAYER_ADJUST_WAR_WEARINESS',				NULL);
--------------------------------------------------------------

-- ModifierArguments
--------------------------------------------------------------
INSERT OR IGNORE INTO ModifierArguments
		(ModifierId,								Name,				Value)
VALUES	('JNR_SHOOTERGAMES_GARRISONIDENTITY',		'Amount',			4),
		('JNR_GISARTA_RANGED_RANGE_BONUS',			'AbilityType',		'ABILITY_JNR_RECEIVE_RANGE_BONUS_RANGED'),
		('JNR_GISARTA_RANGED_COMBATBUFF',			'AbilityType',		'ABILITY_JNR_RECEIVE_STRENGTH_BUFF_RANGED'),
		('JNR_ARTIFICIALISLANDS_CULTUREBOMB',		'ImprovementType',	'IMPROVEMENT_SEASTEAD'),
		('JNR_DRONESTRIKES_DOMESTICWARWEARINESS',	'Amount',			25),
		('JNR_DRONESTRIKES_DOMESTICWARWEARINESS',	'Domestic',			1),
		('JNR_DRONESTRIKES_FOREIGNWARWEARINESS',	'Amount',			-50),
		('JNR_DRONESTRIKES_FOREIGNWARWEARINESS',	'Overall',			1);
--------------------------------------------------------------

-- PolicyModifiers
--------------------------------------------------------------
INSERT OR IGNORE INTO PolicyModifiers
		(PolicyType,						ModifierId)
VALUES	('POLICY_JNR_SHOOTER_GAMES',		'RETAINERS_AMENITYBONUS'),
		('POLICY_JNR_SHOOTER_GAMES',		'JNR_SHOOTERGAMES_GARRISONIDENTITY'),
		('POLICY_JNR_GIS_ARTA',				'JNR_GISARTA_RANGED_RANGE_BONUS'),
		('POLICY_JNR_GIS_ARTA',				'JNR_GISARTA_RANGED_COMBATBUFF'),
		('POLICY_JNR_ARTIFICIAL_ISLANDS',	'JNR_ARTIFICIALISLANDS_CULTUREBOMB'),
		('POLICY_JNR_DRONE_STRIKES',		'JNR_DRONESTRIKES_DOMESTICWARWEARINESS'),
		('POLICY_JNR_DRONE_STRIKES',		'JNR_DRONESTRIKES_FOREIGNWARWEARINESS');
--------------------------------------------------------------