/*
	Civilization Unique Ability
	Author: iPlayGamesITA
	Original template by: MC
	Thanks to everyone in the Civ VI Modding Helpline Discord Server!
*/

-----------------------------------------------
-- Types
-----------------------------------------------
INSERT INTO	Types
		(Type,												Kind			)
VALUES	('TRAIT_CIVILIZATION_CONFEDERATION_OF_DOL_ANGRA',	'KIND_TRAIT'	);
-----------------------------------------------
-- Traits
-----------------------------------------------
INSERT INTO	Traits	
		(TraitType,											Name,														Description														)
VALUES	('TRAIT_CIVILIZATION_CONFEDERATION_OF_DOL_ANGRA',	'LOC_TRAIT_CIVILIZATION_CONFEDERATION_OF_DOL_ANGRA_NAME',	'LOC_TRAIT_CIVILIZATION_CONFEDERATION_OF_DOL_ANGRA_DESCRIPTION'	);
-----------------------------------------------
-- CivilizationTraits
-----------------------------------------------
INSERT INTO	CivilizationTraits
		(CivilizationType,					TraitType										)
VALUES	('CIVILIZATION_IPG_LYRIARIVIA',		'TRAIT_CIVILIZATION_CONFEDERATION_OF_DOL_ANGRA'	);
-----------------------------------------------
-- TraitModifiers
-----------------------------------------------
INSERT INTO	TraitModifiers	
		(TraitType,												ModifierId										)
VALUES	('TRAIT_CIVILIZATION_CONFEDERATION_OF_DOL_ANGRA',		'LYRIARIVIA_DISTRICTS_TOURISM_CHARMING'			),
		('TRAIT_CIVILIZATION_CONFEDERATION_OF_DOL_ANGRA',		'LYRIARIVIA_DISTRICTS_TOURISM_BREATHTAKING'		),

		('TRAIT_CIVILIZATION_CONFEDERATION_OF_DOL_ANGRA',		'LYRIARIVIA_IMPROVEMENTS_CULTURE_CHARMING'		),
		('TRAIT_CIVILIZATION_CONFEDERATION_OF_DOL_ANGRA',		'LYRIARIVIA_IMPROVEMENTS_CULTURE_BREATHTAKING'	),

		('TRAIT_CIVILIZATION_CONFEDERATION_OF_DOL_ANGRA',		'LYRIARIVIA_DISTRICTS_PRODUCTION_UNINVITING'	),
		('TRAIT_CIVILIZATION_CONFEDERATION_OF_DOL_ANGRA',		'LYRIARIVIA_DISTRICTS_PRODUCTION_DISGUSTING'	),

		('TRAIT_CIVILIZATION_CONFEDERATION_OF_DOL_ANGRA',		'LYRIARIVIA_IMPROVEMENTS_PRODUCTION_UNINVITING'	),
		('TRAIT_CIVILIZATION_CONFEDERATION_OF_DOL_ANGRA',		'LYRIARIVIA_IMPROVEMENTS_PRODUCTION_DISGUSTING'	);

INSERT INTO	Modifiers
		(ModifierId,										ModifierType,											SubjectRequirementSetId		)
VALUES	('LYRIARIVIA_DISTRICTS_TOURISM_CHARMING',			'MODIFIER_PLAYER_DISTRICTS_ADJUST_TOURISM_CHANGE',		'PLOT_CHARMING_APPEAL'		),
		('LYRIARIVIA_DISTRICTS_TOURISM_BREATHTAKING',		'MODIFIER_PLAYER_DISTRICTS_ADJUST_TOURISM_CHANGE',		'PLOT_BREATHTAKING_APPEAL'	),

		('LYRIARIVIA_IMPROVEMENTS_CULTURE_CHARMING',		'MODIFIER_PLAYER_ADJUST_PLOT_YIELD',					'LYRIARIVIA_CHARMING_IMPROVEMENT'		),
		('LYRIARIVIA_IMPROVEMENTS_CULTURE_BREATHTAKING',	'MODIFIER_PLAYER_ADJUST_PLOT_YIELD',					'LYRIARIVIA_BREATHTAKING_IMPROVEMENT'	),

		('LYRIARIVIA_DISTRICTS_PRODUCTION_UNINVITING',		'MODIFIER_PLAYER_DISTRICTS_ADJUST_YIELD_CHANGE',		'LYRIARIVIA_UNINVITING_APPEAL'		),
		('LYRIARIVIA_DISTRICTS_PRODUCTION_DISGUSTING',		'MODIFIER_PLAYER_DISTRICTS_ADJUST_YIELD_CHANGE',		'LYRIARIVIA_DISGUSTING_APPEAL'		),

		('LYRIARIVIA_IMPROVEMENTS_PRODUCTION_UNINVITING',	'MODIFIER_PLAYER_ADJUST_PLOT_YIELD',					'LYRIARIVIA_UNINVITING_IMPROVEMENT'		),
		('LYRIARIVIA_IMPROVEMENTS_PRODUCTION_DISGUSTING',	'MODIFIER_PLAYER_ADJUST_PLOT_YIELD',					'LYRIARIVIA_DISGUSTING_IMPROVEMENT'		);

INSERT INTO	ModifierArguments
		(ModifierId,											Name,				Value	)
VALUES	('LYRIARIVIA_DISTRICTS_TOURISM_CHARMING',				'Amount',			1		),
		('LYRIARIVIA_DISTRICTS_TOURISM_BREATHTAKING',			'Amount',			2		),

		('LYRIARIVIA_IMPROVEMENTS_CULTURE_CHARMING',			'YieldType',		'YIELD_CULTURE'),
		('LYRIARIVIA_IMPROVEMENTS_CULTURE_CHARMING',			'Amount',			1		),
		('LYRIARIVIA_IMPROVEMENTS_CULTURE_BREATHTAKING',		'YieldType',		'YIELD_CULTURE'),
		('LYRIARIVIA_IMPROVEMENTS_CULTURE_BREATHTAKING',		'Amount',			2		),

		('LYRIARIVIA_DISTRICTS_PRODUCTION_UNINVITING',			'YieldType',		'YIELD_PRODUCTION'),
		('LYRIARIVIA_DISTRICTS_PRODUCTION_UNINVITING',			'Amount',			1		),
		('LYRIARIVIA_DISTRICTS_PRODUCTION_DISGUSTING',			'YieldType',		'YIELD_PRODUCTION'),
		('LYRIARIVIA_DISTRICTS_PRODUCTION_DISGUSTING',			'Amount',			2		),

		('LYRIARIVIA_IMPROVEMENTS_PRODUCTION_UNINVITING',		'YieldType',		'YIELD_PRODUCTION'),
		('LYRIARIVIA_IMPROVEMENTS_PRODUCTION_UNINVITING',		'Amount',			1		),
		('LYRIARIVIA_IMPROVEMENTS_PRODUCTION_DISGUSTING',		'YieldType',		'YIELD_PRODUCTION'),
		('LYRIARIVIA_IMPROVEMENTS_PRODUCTION_DISGUSTING',		'Amount',			2		);
-----------------------------------------------
-- Requirements
-----------------------------------------------
INSERT INTO RequirementSets
		(RequirementSetId,							RequirementSetType			)
VALUES	('LYRIARIVIA_CHARMING_IMPROVEMENT',			'REQUIREMENTSET_TEST_ALL'	),
		('LYRIARIVIA_BREATHTAKING_IMPROVEMENT',		'REQUIREMENTSET_TEST_ALL'	),

		('LYRIARIVIA_UNINVITING_APPEAL',			'REQUIREMENTSET_TEST_ALL'	),
		('LYRIARIVIA_DISGUSTING_APPEAL',			'REQUIREMENTSET_TEST_ALL'	),

		('LYRIARIVIA_UNINVITING_IMPROVEMENT',		'REQUIREMENTSET_TEST_ALL'	),
		('LYRIARIVIA_DISGUSTING_IMPROVEMENT',		'REQUIREMENTSET_TEST_ALL'	);
-------------------------------------
-- RequirementSetRequirements
-------------------------------------
INSERT INTO RequirementSetRequirements
		(RequirementSetId,							RequirementId						)
VALUES	('LYRIARIVIA_CHARMING_IMPROVEMENT',			'LYRIARIVIA_PLOT_IS_IMPROVED'		),
		('LYRIARIVIA_CHARMING_IMPROVEMENT',			'REQUIRES_PLOT_CHARMING_APPEAL'		),

		('LYRIARIVIA_BREATHTAKING_IMPROVEMENT',		'LYRIARIVIA_PLOT_IS_IMPROVED'		),
		('LYRIARIVIA_BREATHTAKING_IMPROVEMENT',		'REQUIRES_PLOT_BREATHTAKING_APPEAL'	),

		('LYRIARIVIA_UNINVITING_APPEAL',			'LYRIARIVIA_PLOT_UNINVITING_APPEAL'	),

		('LYRIARIVIA_DISGUSTING_APPEAL',			'LYRIARIVIA_PLOT_DISGUSTING_APPEAL'	),

		('LYRIARIVIA_UNINVITING_IMPROVEMENT',		'LYRIARIVIA_PLOT_IS_IMPROVED'		),
		('LYRIARIVIA_UNINVITING_IMPROVEMENT',		'LYRIARIVIA_PLOT_UNINVITING_APPEAL'	),

		('LYRIARIVIA_DISGUSTING_IMPROVEMENT',		'LYRIARIVIA_PLOT_IS_IMPROVED'		),
		('LYRIARIVIA_DISGUSTING_IMPROVEMENT',		'LYRIARIVIA_PLOT_DISGUSTING_APPEAL'	);
-------------------------------------
-- Requirements
-------------------------------------
INSERT INTO Requirements
		(RequirementId, 							RequirementType,						Inverse		)
VALUES	('LYRIARIVIA_PLOT_IS_IMPROVED',				'REQUIREMENT_PLOT_HAS_ANY_IMPROVEMENT',	0			),
		('LYRIARIVIA_PLOT_UNINVITING_APPEAL',		'REQUIREMENT_PLOT_IS_APPEAL_BETWEEN',	0			),
		('LYRIARIVIA_PLOT_DISGUSTING_APPEAL',		'REQUIREMENT_PLOT_IS_APPEAL_BETWEEN',	0			);
-------------------------------------
-- RequirementArguments
-------------------------------------
INSERT INTO RequirementArguments
		(RequirementId, 						Name,				Value	)
VALUES	('LYRIARIVIA_PLOT_UNINVITING_APPEAL',	'MaximumAppeal',	-2		),
		('LYRIARIVIA_PLOT_DISGUSTING_APPEAL',	'MaximumAppeal',	-4		);