/*
	Main Civilization Configuration
	Author: iPlayGamesITA
	Original template by: MC
	Thanks to everyone in the Civ VI Modding Helpline Discord Server!
*/
-----------------------------------------------
-- Types
-----------------------------------------------
INSERT INTO	Types
			(Type,								Kind					)
VALUES		('CIVILIZATION_IPG_LYRIARIVIA',		'KIND_CIVILIZATION'		),
			('CIVILIZATION_IPG_ANGREN_MINOR',	'KIND_CIVILIZATION'		),
			('CIVILIZATION_IPG_BRUGGE_MINOR',	'KIND_CIVILIZATION'		),
			('CIVILIZATION_IPG_VERDEN_MINOR',	'KIND_CIVILIZATION'		);

INSERT INTO TypeProperties
			(Type,									Name,					Value)
VALUES		('CIVILIZATION_IPG_ANGREN_MINOR',		'CityStateCategory',	'SCIENTIFIC'),
			('CIVILIZATION_IPG_BRUGGE_MINOR',		'CityStateCategory',	'TRADE'),
			('CIVILIZATION_IPG_VERDEN_MINOR',		'CityStateCategory',	'MILITARISTIC');
-----------------------------------------------
-- Civilizations
-----------------------------------------------
INSERT INTO	Civilizations
			(
			CivilizationType,
			Name,
			Description,
			Adjective,
			StartingCivilizationLevelType,
			RandomCityNameDepth,
			Ethnicity
			)

VALUES		(
			'CIVILIZATION_IPG_LYRIARIVIA',
			'LOC_CIVILIZATION_IPG_LYRIARIVIA_NAME',
			'LOC_CIVILIZATION_IPG_LYRIARIVIA_DESCRIPTION',
			'LOC_CIVILIZATION_IPG_LYRIARIVIA_ADJECTIVE',
			'CIVILIZATION_LEVEL_FULL_CIV',
			1,
			'ETHNICITY_EURO'
			),
			(
			'CIVILIZATION_IPG_ANGREN_MINOR',
			'LOC_CIVILIZATION_IPG_ANGREN_MINOR_NAME',
			'LOC_CIVILIZATION_IPG_ANGREN_MINOR_DESCRIPTION',
			'LOC_CIVILIZATION_IPG_ANGREN_MINOR_ADJECTIVE',
			'CIVILIZATION_LEVEL_CITY_STATE',
			1,
			'ETHNICITY_EURO'
			),
			(
			'CIVILIZATION_IPG_BRUGGE_MINOR',
			'LOC_CIVILIZATION_IPG_BRUGGE_MINOR_NAME',
			'LOC_CIVILIZATION_IPG_BRUGGE_MINOR_DESCRIPTION',
			'LOC_CIVILIZATION_IPG_BRUGGE_MINOR_ADJECTIVE',
			'CIVILIZATION_LEVEL_CITY_STATE',
			1,
			'ETHNICITY_EURO'
			),
			(
			'CIVILIZATION_IPG_VERDEN_MINOR',
			'LOC_CIVILIZATION_IPG_VERDEN_MINOR_NAME',
			'LOC_CIVILIZATION_IPG_VERDEN_MINOR_DESCRIPTION',
			'LOC_CIVILIZATION_IPG_VERDEN_MINOR_ADJECTIVE',
			'CIVILIZATION_LEVEL_CITY_STATE',
			1,
			'ETHNICITY_EURO'
			);
-----------------------------------------------
-- Named
-----------------------------------------------
INSERT OR REPLACE INTO NamedMountains
		(NamedMountainType,				Name							)
VALUES	('NAMED_MOUNTAIN_MAHAKAM',		'LOC_NAMED_MOUNTAIN_MAHAKAM'	),
		('NAMED_MOUNTAIN_BLUE',			'LOC_NAMED_MOUNTAIN_BLUE'		),
		('NAMED_MOUNTAIN_CRAAG',		'LOC_NAMED_MOUNTAIN_CRAAG'		),
		('NAMED_MOUNTAIN_FIERY',		'LOC_NAMED_MOUNTAIN_FIERY'		);

INSERT INTO NamedMountainCivilizations
		(CivilizationType,				NamedMountainType			)
VALUES	('CIVILIZATION_IPG_LYRIARIVIA',	'NAMED_MOUNTAIN_MAHAKAM'	),
		('CIVILIZATION_IPG_LYRIARIVIA',	'NAMED_MOUNTAIN_BLUE'		),
		('CIVILIZATION_IPG_LYRIARIVIA',	'NAMED_MOUNTAIN_CRAAG'		),
		('CIVILIZATION_IPG_LYRIARIVIA',	'NAMED_MOUNTAIN_FIERY'		);

INSERT OR REPLACE INTO NamedRivers
		(NamedRiverType,					Name						)
VALUES	('NAMED_RIVER_YARUGA',				'LOC_NAMED_RIVER_YARUGA'	),
		('NAMED_RIVER_PONTAR',				'LOC_NAMED_RIVER_PONTAR'	),
		('NAMED_RIVER_BUDGER',				'LOC_NAMED_RIVER_BUDGER'	);

INSERT INTO NamedRiverCivilizations
		(CivilizationType,					NamedRiverType			)
VALUES	('CIVILIZATION_IPG_LYRIARIVIA',		'NAMED_RIVER_YARUGA'	),
		('CIVILIZATION_IPG_LYRIARIVIA',		'NAMED_RIVER_PONTAR'	),
		('CIVILIZATION_IPG_LYRIARIVIA',		'NAMED_RIVER_BUDGER'	);

INSERT OR REPLACE INTO NamedLakes
		(NamedLakeType,					Name						)
VALUES	('NAMED_LAKE_ESKALOTT',			'LOC_NAMED_LAKE_ESKALOTT'	);

INSERT INTO NamedLakeCivilizations
		(CivilizationType,					NamedLakeType				)
VALUES	('CIVILIZATION_IPG_LYRIARIVIA',		'NAMED_LAKE_ESKALOTT'		);

-----------------------------------------------
-- CityNames
-----------------------------------------------
INSERT INTO	CityNames
		(CivilizationType,				CityName								)
VALUES	('CIVILIZATION_IPG_LYRIARIVIA',	'LOC_CITY_NAME_IPG_LYRIARIVIA_1'		),
		('CIVILIZATION_IPG_LYRIARIVIA',	'LOC_CITY_NAME_IPG_LYRIARIVIA_2'		),
		('CIVILIZATION_IPG_LYRIARIVIA',	'LOC_CITY_NAME_IPG_LYRIARIVIA_3'		),
		('CIVILIZATION_IPG_LYRIARIVIA',	'LOC_CITY_NAME_IPG_LYRIARIVIA_4'		),
		('CIVILIZATION_IPG_LYRIARIVIA',	'LOC_CITY_NAME_IPG_LYRIARIVIA_5'		),
		('CIVILIZATION_IPG_LYRIARIVIA',	'LOC_CITY_NAME_IPG_LYRIARIVIA_6'		),
		('CIVILIZATION_IPG_LYRIARIVIA',	'LOC_CITY_NAME_IPG_LYRIARIVIA_7'		),
		('CIVILIZATION_IPG_LYRIARIVIA',	'LOC_CITY_NAME_IPG_LYRIARIVIA_8'		),
		('CIVILIZATION_IPG_LYRIARIVIA',	'LOC_CITY_NAME_IPG_LYRIARIVIA_9'		),
		('CIVILIZATION_IPG_LYRIARIVIA',	'LOC_CITY_NAME_IPG_LYRIARIVIA_10'		),
		('CIVILIZATION_IPG_LYRIARIVIA',	'LOC_CITY_NAME_IPG_LYRIARIVIA_11'		),
		('CIVILIZATION_IPG_LYRIARIVIA',	'LOC_CITY_NAME_IPG_LYRIARIVIA_12'		),
		('CIVILIZATION_IPG_LYRIARIVIA',	'LOC_CITY_NAME_IPG_LYRIARIVIA_13'		),
		('CIVILIZATION_IPG_LYRIARIVIA',	'LOC_CITY_NAME_IPG_LYRIARIVIA_14'		),
		('CIVILIZATION_IPG_LYRIARIVIA',	'LOC_CITY_NAME_IPG_LYRIARIVIA_15'		),
		('CIVILIZATION_IPG_LYRIARIVIA',	'LOC_CITY_NAME_IPG_LYRIARIVIA_16'		),
		('CIVILIZATION_IPG_LYRIARIVIA',	'LOC_CITY_NAME_IPG_LYRIARIVIA_17'		),
		('CIVILIZATION_IPG_LYRIARIVIA',	'LOC_CITY_NAME_IPG_LYRIARIVIA_18'		),
		('CIVILIZATION_IPG_LYRIARIVIA',	'LOC_CITY_NAME_IPG_LYRIARIVIA_19'		),
		('CIVILIZATION_IPG_LYRIARIVIA',	'LOC_CITY_NAME_IPG_LYRIARIVIA_20'		),
		('CIVILIZATION_IPG_LYRIARIVIA',	'LOC_CITY_NAME_IPG_LYRIARIVIA_21'		),
		('CIVILIZATION_IPG_LYRIARIVIA',	'LOC_CITY_NAME_IPG_LYRIARIVIA_22'		),
		('CIVILIZATION_IPG_ANGREN_MINOR',	'LOC_CITY_NAME_IPG_ANGREN_MINOR'	),
		('CIVILIZATION_IPG_BRUGGE_MINOR',	'LOC_CITY_NAME_IPG_BRUGGE_MINOR'	),
		('CIVILIZATION_IPG_VERDEN_MINOR',	'LOC_CITY_NAME_IPG_VERDEN_MINOR'	);
-----------------------------------------------
-- CivilizationCitizenNames
-----------------------------------------------
INSERT INTO	CivilizationCitizenNames
		(CivilizationType,				CitizenName,								Female	)
VALUES	('CIVILIZATION_IPG_LYRIARIVIA',	'LOC_CITIZEN_IPG_LYRIARIVIA_MALE_1',		0 		),
		('CIVILIZATION_IPG_LYRIARIVIA',	'LOC_CITIZEN_IPG_LYRIARIVIA_MALE_2',		0 		),
		('CIVILIZATION_IPG_LYRIARIVIA',	'LOC_CITIZEN_IPG_LYRIARIVIA_MALE_3',		0 		),
		('CIVILIZATION_IPG_LYRIARIVIA',	'LOC_CITIZEN_IPG_LYRIARIVIA_MALE_4',		0 		),
		('CIVILIZATION_IPG_LYRIARIVIA',	'LOC_CITIZEN_IPG_LYRIARIVIA_MALE_5',		0 		),
		('CIVILIZATION_IPG_LYRIARIVIA',	'LOC_CITIZEN_IPG_LYRIARIVIA_MALE_6',		0 		),
		('CIVILIZATION_IPG_LYRIARIVIA',	'LOC_CITIZEN_IPG_LYRIARIVIA_MALE_7',		0 		),
		('CIVILIZATION_IPG_LYRIARIVIA',	'LOC_CITIZEN_IPG_LYRIARIVIA_MALE_8',		0 		),
		('CIVILIZATION_IPG_LYRIARIVIA',	'LOC_CITIZEN_IPG_LYRIARIVIA_MALE_9',		0 		),
		('CIVILIZATION_IPG_LYRIARIVIA',	'LOC_CITIZEN_IPG_LYRIARIVIA_MALE_10',		0 		),
		('CIVILIZATION_IPG_LYRIARIVIA',	'LOC_CITIZEN_IPG_LYRIARIVIA_FEMALE_1',		1 		),
		('CIVILIZATION_IPG_LYRIARIVIA',	'LOC_CITIZEN_IPG_LYRIARIVIA_FEMALE_2',		1 		),
		('CIVILIZATION_IPG_LYRIARIVIA',	'LOC_CITIZEN_IPG_LYRIARIVIA_FEMALE_3',		1 		),
		('CIVILIZATION_IPG_LYRIARIVIA',	'LOC_CITIZEN_IPG_LYRIARIVIA_FEMALE_4',		1 		),
		('CIVILIZATION_IPG_LYRIARIVIA',	'LOC_CITIZEN_IPG_LYRIARIVIA_FEMALE_5',		1 		),
		('CIVILIZATION_IPG_LYRIARIVIA',	'LOC_CITIZEN_IPG_LYRIARIVIA_FEMALE_6',		1 		);
-----------------------------------------------
-- CivilizationInfo
-----------------------------------------------
INSERT INTO	CivilizationInfo
		(CivilizationType,				Header,						Caption,									SortIndex	)
VALUES	('CIVILIZATION_IPG_LYRIARIVIA',	'LOC_CIVINFO_LOCATION',		'LOC_CIVINFO_IPG_LYRIARIVIA_LOCATION',		10			),
		('CIVILIZATION_IPG_LYRIARIVIA',	'LOC_CIVINFO_SIZE',			'LOC_CIVINFO_IPG_LYRIARIVIA_SIZE',			20			),
		('CIVILIZATION_IPG_LYRIARIVIA',	'LOC_CIVINFO_POPULATION',	'LOC_CIVINFO_IPG_LYRIARIVIA_POPULATION',	30			),
		('CIVILIZATION_IPG_LYRIARIVIA',	'LOC_CIVINFO_CAPITAL',		'LOC_CIVINFO_IPG_LYRIARIVIA_CAPITAL',		40			);
-----------------------------------------------
-- Start Bias
-----------------------------------------------
INSERT INTO	StartBiasTerrains
		(CivilizationType,				TerrainType,			Tier	)
VALUES	('CIVILIZATION_IPG_LYRIARIVIA',	'TERRAIN_GRASS',		3	),
		('CIVILIZATION_IPG_LYRIARIVIA',	'TERRAIN_PLAINS',		3	);

INSERT INTO	StartBiasFeatures
		(CivilizationType,					FeatureType,		Tier	)
VALUES	('CIVILIZATION_IPG_ANGREN_MINOR',	'FEATURE_MARSH',	1		);
