/*
	Main Civilization Configuration
	Author: iPLayGamesITA
	Original template by: MC
	Thanks to everyone in the Civ VI Modding Helpline Discord Server!
*/
-----------------------------------------------
-- Types
-----------------------------------------------
INSERT INTO	Types
			(Type,								Kind					)
VALUES		('CIVILIZATION_IPG_CINTRA',			'KIND_CIVILIZATION'		),
			('CIVILIZATION_IPG_NAZAIR_MINOR',	'KIND_CIVILIZATION'		),
			('CIVILIZATION_IPG_SODDEN_MINOR',	'KIND_CIVILIZATION'		),
			('CIVILIZATION_IPG_ATTRE_MINOR',	'KIND_CIVILIZATION'		),
			('RESOURCE_IPG_AZURE_ROSE',			'KIND_RESOURCE'			);

INSERT INTO Resources
			(ResourceType,					Name,									ResourceClassType,			Happiness,	Frequency	)
VALUES		('RESOURCE_IPG_AZURE_ROSE',		'LOC_RESOURCE_IPG_AZURE_ROSE_NAME',		'RESOURCECLASS_LUXURY',		'12',		'0'			);

INSERT INTO TypeProperties
			(Type,								Name,					Value)
VALUES		('CIVILIZATION_IPG_NAZAIR_MINOR',	'CityStateCategory',	'SCIENTIFIC'),
			('CIVILIZATION_IPG_SODDEN_MINOR',	'CityStateCategory',	'MILITARISTIC'),
			('CIVILIZATION_IPG_ATTRE_MINOR',	'CityStateCategory',	'INDUSTRIAL');
-----------------------------------------------
-- Civilizations
-----------------------------------------------
INSERT INTO	Civilizations
			(
			CivilizationType,
			Name,
			Description,
			Adjective,
			StartingCivilizationLevelType,
			RandomCityNameDepth,
			Ethnicity
			)

VALUES		(
			'CIVILIZATION_IPG_CINTRA',
			'LOC_CIVILIZATION_IPG_CINTRA_NAME',
			'LOC_CIVILIZATION_IPG_CINTRA_DESCRIPTION',
			'LOC_CIVILIZATION_IPG_CINTRA_ADJECTIVE',
			'CIVILIZATION_LEVEL_FULL_CIV',
			4,
			'ETHNICITY_MEDIT'
			),
			----------
			(
			'CIVILIZATION_IPG_NAZAIR_MINOR',
			'LOC_CIVILIZATION_IPG_NAZAIR_MINOR_NAME',
			'LOC_CIVILIZATION_IPG_NAZAIR_MINOR_DESCRIPTION',
			'LOC_CIVILIZATION_IPG_NAZAIR_MINOR_ADJECTIVE',
			'CIVILIZATION_LEVEL_CITY_STATE',
			1,
			'ETHNICITY_MEDIT'
			),
			----------
			(
			'CIVILIZATION_IPG_SODDEN_MINOR',
			'LOC_CIVILIZATION_IPG_SODDEN_MINOR_NAME',
			'LOC_CIVILIZATION_IPG_SODDEN_MINOR_DESCRIPTION',
			'LOC_CIVILIZATION_IPG_SODDEN_MINOR_ADJECTIVE',
			'CIVILIZATION_LEVEL_CITY_STATE',
			1,
			'ETHNICITY_EURO'
			),
			----------
			(
			'CIVILIZATION_IPG_ATTRE_MINOR',
			'LOC_CIVILIZATION_IPG_ATTRE_MINOR_NAME',
			'LOC_CIVILIZATION_IPG_ATTRE_MINOR_DESCRIPTION',
			'LOC_CIVILIZATION_IPG_ATTRE_MINOR_ADJECTIVE',
			'CIVILIZATION_LEVEL_CITY_STATE',
			1,
			'ETHNICITY_MEDIT'
			);
-----------------------------------------------
-- NamedMountains
-----------------------------------------------
INSERT OR REPLACE INTO NamedMountains
		(NamedMountainType,				Name							)
VALUES	('NAMED_MOUNTAIN_AMELL',		'LOC_NAMED_MOUNTAIN_AMELL'		),
		('NAMED_MOUNTAIN_ARMUSH',		'LOC_NAMED_MOUNTAIN_ARMUSH'		),
		('NAMED_MOUNTAIN_OWL_HILLS',	'LOC_NAMED_MOUNTAIN_OWL_HILLS'	);
-----------------------------------------------
-- NamedMountainCivilizations
-----------------------------------------------
INSERT INTO NamedMountainCivilizations
		(CivilizationType,					NamedMountainType			)
VALUES	('CIVILIZATION_IPG_CINTRA',			'NAMED_MOUNTAIN_AMELL'		),
		('CIVILIZATION_IPG_CINTRA',			'NAMED_MOUNTAIN_ARMUSH'		),
		('CIVILIZATION_IPG_CINTRA',			'NAMED_MOUNTAIN_OWL_HILLS'	);
-----------------------------------------------
-- NamedRivers
-----------------------------------------------
INSERT OR REPLACE INTO NamedRivers
		(NamedRiverType,					Name							)
VALUES	('NAMED_RIVER_YARUGA',				'LOC_NAMED_RIVER_YARUGA'		),
		('NAMED_RIVER_RIBBON',				'LOC_NAMED_RIVER_RIBBON'		),
		('NAMED_RIVER_CHOTLA',				'LOC_NAMED_RIVER_CHOTLA'		),
		('NAMED_RIVER_INA',					'LOC_NAMED_RIVER_INA'			);
-----------------------------------------------
-- NamedRiverCivilizations
-----------------------------------------------
INSERT INTO NamedRiverCivilizations
		(CivilizationType,						NamedRiverType			)
VALUES	('CIVILIZATION_IPG_CINTRA',				'NAMED_RIVER_YARUGA'	),
		('CIVILIZATION_IPG_CINTRA',				'NAMED_RIVER_RIBBON'	),
		('CIVILIZATION_IPG_CINTRA',				'NAMED_RIVER_CHOTLA'	),
		('CIVILIZATION_IPG_CINTRA',				'NAMED_RIVER_INA'		);
-----------------------------------------------
-- CityNames
-----------------------------------------------
INSERT INTO	CityNames
		(CivilizationType,				CityName							)
VALUES	('CIVILIZATION_IPG_CINTRA',		'LOC_CITY_NAME_IPG_CINTRA_1'		),
		('CIVILIZATION_IPG_CINTRA',		'LOC_CITY_NAME_IPG_CINTRA_2'		),
		('CIVILIZATION_IPG_CINTRA',		'LOC_CITY_NAME_IPG_CINTRA_3'		),
		('CIVILIZATION_IPG_CINTRA',		'LOC_CITY_NAME_IPG_CINTRA_4'		),
		('CIVILIZATION_IPG_CINTRA',		'LOC_CITY_NAME_IPG_CINTRA_5'		),
		('CIVILIZATION_IPG_CINTRA',		'LOC_CITY_NAME_IPG_CINTRA_6'		),
		('CIVILIZATION_IPG_CINTRA',		'LOC_CITY_NAME_IPG_CINTRA_7'		),
		('CIVILIZATION_IPG_CINTRA',		'LOC_CITY_NAME_IPG_CINTRA_8'		),
		('CIVILIZATION_IPG_CINTRA',		'LOC_CITY_NAME_IPG_CINTRA_9'		),
		('CIVILIZATION_IPG_CINTRA',		'LOC_CITY_NAME_IPG_CINTRA_10'		),
		('CIVILIZATION_IPG_CINTRA',		'LOC_CITY_NAME_IPG_CINTRA_11'		),
		('CIVILIZATION_IPG_CINTRA',		'LOC_CITY_NAME_IPG_CINTRA_12'		),
		('CIVILIZATION_IPG_CINTRA',		'LOC_CITY_NAME_IPG_CINTRA_13'		),
		('CIVILIZATION_IPG_CINTRA',		'LOC_CITY_NAME_IPG_CINTRA_14'		),
		('CIVILIZATION_IPG_CINTRA',		'LOC_CITY_NAME_IPG_CINTRA_15'		),
		('CIVILIZATION_IPG_NAZAIR_MINOR',	'LOC_CITY_NAME_IPG_NAZAIR_MINOR'),
		('CIVILIZATION_IPG_SODDEN_MINOR',	'LOC_CITY_NAME_IPG_SODDEN_MINOR'),
		('CIVILIZATION_IPG_ATTRE_MINOR',	'LOC_CITY_NAME_IPG_ATTRE_MINOR'	);
-----------------------------------------------
-- CivilizationCitizenNames
-----------------------------------------------
INSERT INTO	CivilizationCitizenNames
		(CivilizationType,				CitizenName,						Female	)
VALUES	('CIVILIZATION_IPG_CINTRA',	'LOC_CITIZEN_IPG_CINTRA_MALE_1',		0 		),
		('CIVILIZATION_IPG_CINTRA',	'LOC_CITIZEN_IPG_CINTRA_MALE_2',		0 		),
		('CIVILIZATION_IPG_CINTRA',	'LOC_CITIZEN_IPG_CINTRA_MALE_3',		0 		),
		('CIVILIZATION_IPG_CINTRA',	'LOC_CITIZEN_IPG_CINTRA_MALE_4',		0 		),
		('CIVILIZATION_IPG_CINTRA',	'LOC_CITIZEN_IPG_CINTRA_MALE_5',		0 		),
		('CIVILIZATION_IPG_CINTRA',	'LOC_CITIZEN_IPG_CINTRA_MALE_6',		0 		),
		('CIVILIZATION_IPG_CINTRA',	'LOC_CITIZEN_IPG_CINTRA_MALE_7',		0 		),
		('CIVILIZATION_IPG_CINTRA',	'LOC_CITIZEN_IPG_CINTRA_MALE_8',		0 		),
		('CIVILIZATION_IPG_CINTRA',	'LOC_CITIZEN_IPG_CINTRA_MALE_9',		0 		),
		('CIVILIZATION_IPG_CINTRA',	'LOC_CITIZEN_IPG_CINTRA_MALE_10',		0 		),
		('CIVILIZATION_IPG_CINTRA',	'LOC_CITIZEN_IPG_CINTRA_FEMALE_1',		1 		),
		('CIVILIZATION_IPG_CINTRA',	'LOC_CITIZEN_IPG_CINTRA_FEMALE_2',		1 		),
		('CIVILIZATION_IPG_CINTRA',	'LOC_CITIZEN_IPG_CINTRA_FEMALE_3',		1 		),
		('CIVILIZATION_IPG_CINTRA',	'LOC_CITIZEN_IPG_CINTRA_FEMALE_4',		1 		),
		('CIVILIZATION_IPG_CINTRA',	'LOC_CITIZEN_IPG_CINTRA_FEMALE_5',		1 		),
		('CIVILIZATION_IPG_CINTRA',	'LOC_CITIZEN_IPG_CINTRA_FEMALE_6',		1 		),
		('CIVILIZATION_IPG_CINTRA',	'LOC_CITIZEN_IPG_CINTRA_FEMALE_7',		1 		),
		('CIVILIZATION_IPG_CINTRA',	'LOC_CITIZEN_IPG_CINTRA_FEMALE_8',		1 		);
-----------------------------------------------
-- CivilizationInfo
-----------------------------------------------
INSERT INTO	CivilizationInfo
		(CivilizationType,				Header,					Caption,									SortIndex	)
VALUES	('CIVILIZATION_IPG_CINTRA',	'LOC_CIVINFO_LOCATION',		'LOC_CIVINFO_IPG_CINTRA_LOCATION',			10			),
		('CIVILIZATION_IPG_CINTRA',	'LOC_CIVINFO_SIZE',			'LOC_CIVINFO_IPG_CINTRA_SIZE',				20			),
		('CIVILIZATION_IPG_CINTRA',	'LOC_CIVINFO_POPULATION',	'LOC_CIVINFO_IPG_CINTRA_POPULATION',		30			),
		('CIVILIZATION_IPG_CINTRA',	'LOC_CIVINFO_CAPITAL',		'LOC_CIVINFO_IPG_CINTRA_CAPITAL',			40			);
-----------------------------------------------
-- Start Bias
-----------------------------------------------
INSERT INTO	StartBiasFeatures
		(CivilizationType,				FeatureType,		Tier	)
VALUES	('CIVILIZATION_IPG_CINTRA',		'FEATURE_FOREST',	4		);

INSERT INTO	StartBiasRivers
		(CivilizationType,					Tier	)
VALUES	('CIVILIZATION_IPG_CINTRA',			2		);

INSERT INTO StartBiasTerrains
		(CivilizationType,					TerrainType,				Tier	)
VALUES	('CIVILIZATION_IPG_CINTRA',			'TERRAIN_COAST',			3		),
		('CIVILIZATION_IPG_NAZAIR_MINOR',	'TERRAIN_PLAINS',			2		),
		('CIVILIZATION_IPG_SODDEN_MINOR',	'TERRAIN_GRASS_HILLS',		1		),
		('CIVILIZATION_IPG_SODDEN_MINOR',	'TERRAIN_PLAINS_HILLS',		1		),
		('CIVILIZATION_IPG_ATTRE_MINOR',	'TERRAIN_COAST',			2		),
		('CIVILIZATION_IPG_ATTRE_MINOR',	'TERRAIN_DESERT_HILLS',		3		);