--=============================================================================================================
-- PROJECTS
--=============================================================================================================
-- Types
-------------------------------------------------------
INSERT INTO Types
		(Type,														Kind)
VALUES	('PROJECT_CREATE_CORPORATION_PRODUCT_LEU_P0K_CAPYBARAS',	'KIND_PROJECT'),
		('PROJECT_CREATE_CORPORATION_PRODUCT_LEU_P0K_COCA',			'KIND_PROJECT'),
		('PROJECT_CREATE_CORPORATION_PRODUCT_LEU_P0K_LLAMAS',		'KIND_PROJECT'),
		('PROJECT_CREATE_CORPORATION_PRODUCT_LEU_P0K_QUINOA',		'KIND_PROJECT'),
		('PROJECT_CREATE_CORPORATION_PRODUCT_LEU_P0K_YERBAMATE',	'KIND_PROJECT');

-------------------------------------------------------
-- Projects
-------------------------------------------------------	
INSERT INTO Projects
		(	ProjectType,
			Name,
			ShortName,
			Description,
			Cost,
			AdvisorType
		)
		-- Capybaras
VALUES	(	'PROJECT_CREATE_CORPORATION_PRODUCT_LEU_P0K_CAPYBARAS',
			'LOC_PROJECT_CREATE_CORPORATION_PRODUCT_LEU_P0K_CAPYBARAS_NAME',
			'LOC_PROJECT_CREATE_CORPORATION_PRODUCT_LEU_P0K_CAPYBARAS_SHORT_NAME',
			'LOC_PROJECT_CREATE_CORPORATION_PRODUCT_LEU_P0K_CAPYBARAS_DESCRIPTION',
			500,
			'ADVISOR_GENERIC'),
		-- Coca
		(	'PROJECT_CREATE_CORPORATION_PRODUCT_LEU_P0K_COCA',
			'LOC_PROJECT_CREATE_CORPORATION_PRODUCT_LEU_P0K_COCA_NAME',
			'LOC_PROJECT_CREATE_CORPORATION_PRODUCT_LEU_P0K_COCA_SHORT_NAME',
			'LOC_PROJECT_CREATE_CORPORATION_PRODUCT_LEU_P0K_COCA_DESCRIPTION',
			500,
			'ADVISOR_GENERIC'),
		-- Llamas
		(	'PROJECT_CREATE_CORPORATION_PRODUCT_LEU_P0K_LLAMAS',
			'LOC_PROJECT_CREATE_CORPORATION_PRODUCT_LEU_P0K_LLAMAS_NAME',
			'LOC_PROJECT_CREATE_CORPORATION_PRODUCT_LEU_P0K_LLAMAS_SHORT_NAME',
			'LOC_PROJECT_CREATE_CORPORATION_PRODUCT_LEU_P0K_LLAMAS_DESCRIPTION',
			500,
			'ADVISOR_GENERIC'),
		-- Quinoa
		(	'PROJECT_CREATE_CORPORATION_PRODUCT_LEU_P0K_QUINOA',
			'LOC_PROJECT_CREATE_CORPORATION_PRODUCT_LEU_P0K_QUINOA_NAME',
			'LOC_PROJECT_CREATE_CORPORATION_PRODUCT_LEU_P0K_QUINOA_SHORT_NAME',
			'LOC_PROJECT_CREATE_CORPORATION_PRODUCT_LEU_P0K_QUINOA_DESCRIPTION',
			500,
			'ADVISOR_GENERIC'),
		-- Yerbamate
		(	'PROJECT_CREATE_CORPORATION_PRODUCT_LEU_P0K_YERBAMATE',
			'LOC_PROJECT_CREATE_CORPORATION_PRODUCT_LEU_P0K_YERBAMATE_NAME',
			'LOC_PROJECT_CREATE_CORPORATION_PRODUCT_LEU_P0K_YERBAMATE_SHORT_NAME',
			'LOC_PROJECT_CREATE_CORPORATION_PRODUCT_LEU_P0K_YERBAMATE_DESCRIPTION',
			500,
			'ADVISOR_GENERIC');
-------------------------------------------------------
-- Projects_MODE
-------------------------------------------------------	
INSERT INTO Projects_MODE
		(ProjectType,												ResourceType)
VALUES	('PROJECT_CREATE_CORPORATION_PRODUCT_LEU_P0K_CAPYBARAS',	'RESOURCE_LEU_P0K_CAPYBARAS'),
		('PROJECT_CREATE_CORPORATION_PRODUCT_LEU_P0K_COCA',			'RESOURCE_LEU_P0K_COCA'),
		('PROJECT_CREATE_CORPORATION_PRODUCT_LEU_P0K_LLAMAS',		'RESOURCE_LEU_P0K_LLAMAS'),
		('PROJECT_CREATE_CORPORATION_PRODUCT_LEU_P0K_QUINOA',		'RESOURCE_LEU_P0K_QUINOA'),
		('PROJECT_CREATE_CORPORATION_PRODUCT_LEU_P0K_YERBAMATE',	'RESOURCE_LEU_P0K_YERBAMATE');

-------------------------------------------------------
-- ProjectCompletionModifiers
-------------------------------------------------------	
INSERT INTO ProjectCompletionModifiers
		(ProjectType,												ModifierId)
VALUES	('PROJECT_CREATE_CORPORATION_PRODUCT_LEU_P0K_CAPYBARAS',	'PROJECT_COMPLETION_CREATE_CORPORATION_PRODUCT_LEU_P0K_CAPYBARAS'),
		('PROJECT_CREATE_CORPORATION_PRODUCT_LEU_P0K_COCA',			'PROJECT_COMPLETION_CREATE_CORPORATION_PRODUCT_LEU_P0K_COCA'),
		('PROJECT_CREATE_CORPORATION_PRODUCT_LEU_P0K_LLAMAS',		'PROJECT_COMPLETION_CREATE_CORPORATION_PRODUCT_LEU_P0K_LLAMAS'),
		('PROJECT_CREATE_CORPORATION_PRODUCT_LEU_P0K_QUINOA',		'PROJECT_COMPLETION_CREATE_CORPORATION_PRODUCT_LEU_P0K_QUINOA'),
		('PROJECT_CREATE_CORPORATION_PRODUCT_LEU_P0K_YERBAMATE',	'PROJECT_COMPLETION_CREATE_CORPORATION_PRODUCT_LEU_P0K_YERBAMATE');

-------------------------------------------------------
-- Modifiers
-------------------------------------------------------	
INSERT INTO Modifiers
		(ModifierId,															ModifierType)
VALUES	('PROJECT_COMPLETION_CREATE_CORPORATION_PRODUCT_LEU_P0K_CAPYBARAS',		'MODIFIER_PLAYER_GRANT_RANDOM_RESOURCE_PRODUCT'),
		('PROJECT_COMPLETION_CREATE_CORPORATION_PRODUCT_LEU_P0K_COCA',			'MODIFIER_PLAYER_GRANT_RANDOM_RESOURCE_PRODUCT'),
		('PROJECT_COMPLETION_CREATE_CORPORATION_PRODUCT_LEU_P0K_LLAMAS',		'MODIFIER_PLAYER_GRANT_RANDOM_RESOURCE_PRODUCT'),
		('PROJECT_COMPLETION_CREATE_CORPORATION_PRODUCT_LEU_P0K_QUINOA',		'MODIFIER_PLAYER_GRANT_RANDOM_RESOURCE_PRODUCT'),
		('PROJECT_COMPLETION_CREATE_CORPORATION_PRODUCT_LEU_P0K_YERBAMATE',		'MODIFIER_PLAYER_GRANT_RANDOM_RESOURCE_PRODUCT');

-------------------------------------------------------
-- ModifierArguments
-------------------------------------------------------	
INSERT INTO ModifierArguments
		(ModifierId,															Name,				Value)
VALUES	('PROJECT_COMPLETION_CREATE_CORPORATION_PRODUCT_LEU_P0K_CAPYBARAS',		'ResourceType',		'RESOURCE_LEU_P0K_CAPYBARAS'),
		('PROJECT_COMPLETION_CREATE_CORPORATION_PRODUCT_LEU_P0K_COCA',			'ResourceType',		'RESOURCE_LEU_P0K_COCA'),
		('PROJECT_COMPLETION_CREATE_CORPORATION_PRODUCT_LEU_P0K_LLAMAS',		'ResourceType',		'RESOURCE_LEU_P0K_LLAMAS'),
		('PROJECT_COMPLETION_CREATE_CORPORATION_PRODUCT_LEU_P0K_QUINOA',		'ResourceType',		'RESOURCE_LEU_P0K_QUINOA'),
		('PROJECT_COMPLETION_CREATE_CORPORATION_PRODUCT_LEU_P0K_YERBAMATE',		'ResourceType',		'RESOURCE_LEU_P0K_YERBAMATE');

--=============================================================================================================
--=============================================================================================================
