--=============================================================================================================
-- PRODUCTS
--=============================================================================================================
-- Types
-------------------------------------------------------
INSERT INTO Types
		(Type,												Kind)
VALUES	('GREATWORK_PRODUCT_LEU_P0K_CAPYBARAS_1',			'KIND_GREATWORK'),
		('GREATWORK_PRODUCT_LEU_P0K_CAPYBARAS_2',			'KIND_GREATWORK'),
		('GREATWORK_PRODUCT_LEU_P0K_CAPYBARAS_3',			'KIND_GREATWORK'),
		('GREATWORK_PRODUCT_LEU_P0K_CAPYBARAS_4',			'KIND_GREATWORK'),
		('GREATWORK_PRODUCT_LEU_P0K_CAPYBARAS_5',			'KIND_GREATWORK'),
		('GREATWORK_PRODUCT_LEU_P0K_COCA_1',				'KIND_GREATWORK'),
		('GREATWORK_PRODUCT_LEU_P0K_COCA_2',				'KIND_GREATWORK'),
		('GREATWORK_PRODUCT_LEU_P0K_COCA_3',				'KIND_GREATWORK'),
		('GREATWORK_PRODUCT_LEU_P0K_COCA_4',				'KIND_GREATWORK'),
		('GREATWORK_PRODUCT_LEU_P0K_COCA_5',				'KIND_GREATWORK'),
		('GREATWORK_PRODUCT_LEU_P0K_LLAMAS_1',				'KIND_GREATWORK'),
		('GREATWORK_PRODUCT_LEU_P0K_LLAMAS_2',				'KIND_GREATWORK'),
		('GREATWORK_PRODUCT_LEU_P0K_LLAMAS_3',				'KIND_GREATWORK'),
		('GREATWORK_PRODUCT_LEU_P0K_LLAMAS_4',				'KIND_GREATWORK'),
		('GREATWORK_PRODUCT_LEU_P0K_LLAMAS_5',				'KIND_GREATWORK'),
		('GREATWORK_PRODUCT_LEU_P0K_QUINOA_1',				'KIND_GREATWORK'),
		('GREATWORK_PRODUCT_LEU_P0K_QUINOA_2',				'KIND_GREATWORK'),
		('GREATWORK_PRODUCT_LEU_P0K_QUINOA_3',				'KIND_GREATWORK'),
		('GREATWORK_PRODUCT_LEU_P0K_QUINOA_4',				'KIND_GREATWORK'),
		('GREATWORK_PRODUCT_LEU_P0K_QUINOA_5',				'KIND_GREATWORK'),
		('GREATWORK_PRODUCT_LEU_P0K_YERBAMATE_1',			'KIND_GREATWORK'),
		('GREATWORK_PRODUCT_LEU_P0K_YERBAMATE_2',			'KIND_GREATWORK'),
		('GREATWORK_PRODUCT_LEU_P0K_YERBAMATE_3',			'KIND_GREATWORK'),
		('GREATWORK_PRODUCT_LEU_P0K_YERBAMATE_4',			'KIND_GREATWORK'),
		('GREATWORK_PRODUCT_LEU_P0K_YERBAMATE_5',			'KIND_GREATWORK');

-------------------------------------------------------
-- GreatWorks
-------------------------------------------------------
INSERT INTO GreatWorks
		(GreatWorkType,										GreatWorkObjectType,				Name,													Tourism)
VALUES	('GREATWORK_PRODUCT_LEU_P0K_CAPYBARAS_1',			'GREATWORKOBJECT_PRODUCT',			'LOC_GREATWORK_PRODUCT_LEU_P0K_CAPYBARAS_1_NAME',			1),
		('GREATWORK_PRODUCT_LEU_P0K_CAPYBARAS_2',			'GREATWORKOBJECT_PRODUCT',			'LOC_GREATWORK_PRODUCT_LEU_P0K_CAPYBARAS_2_NAME',			1),
		('GREATWORK_PRODUCT_LEU_P0K_CAPYBARAS_3',			'GREATWORKOBJECT_PRODUCT',			'LOC_GREATWORK_PRODUCT_LEU_P0K_CAPYBARAS_3_NAME',			1),
		('GREATWORK_PRODUCT_LEU_P0K_CAPYBARAS_4',			'GREATWORKOBJECT_PRODUCT',			'LOC_GREATWORK_PRODUCT_LEU_P0K_CAPYBARAS_4_NAME',			1),
		('GREATWORK_PRODUCT_LEU_P0K_CAPYBARAS_5',			'GREATWORKOBJECT_PRODUCT',			'LOC_GREATWORK_PRODUCT_LEU_P0K_CAPYBARAS_5_NAME',			1),
		('GREATWORK_PRODUCT_LEU_P0K_COCA_1',				'GREATWORKOBJECT_PRODUCT',			'LOC_GREATWORK_PRODUCT_LEU_P0K_COCA_1_NAME',				1),
		('GREATWORK_PRODUCT_LEU_P0K_COCA_2',				'GREATWORKOBJECT_PRODUCT',			'LOC_GREATWORK_PRODUCT_LEU_P0K_COCA_2_NAME',				1),
		('GREATWORK_PRODUCT_LEU_P0K_COCA_3',				'GREATWORKOBJECT_PRODUCT',			'LOC_GREATWORK_PRODUCT_LEU_P0K_COCA_3_NAME',				1),
		('GREATWORK_PRODUCT_LEU_P0K_COCA_4',				'GREATWORKOBJECT_PRODUCT',			'LOC_GREATWORK_PRODUCT_LEU_P0K_COCA_4_NAME',				1),
		('GREATWORK_PRODUCT_LEU_P0K_COCA_5',				'GREATWORKOBJECT_PRODUCT',			'LOC_GREATWORK_PRODUCT_LEU_P0K_COCA_5_NAME',				1),
		('GREATWORK_PRODUCT_LEU_P0K_LLAMAS_1',				'GREATWORKOBJECT_PRODUCT',			'LOC_GREATWORK_PRODUCT_LEU_P0K_LLAMAS_1_NAME',				1),
		('GREATWORK_PRODUCT_LEU_P0K_LLAMAS_2',				'GREATWORKOBJECT_PRODUCT',			'LOC_GREATWORK_PRODUCT_LEU_P0K_LLAMAS_2_NAME',				1),
		('GREATWORK_PRODUCT_LEU_P0K_LLAMAS_3',				'GREATWORKOBJECT_PRODUCT',			'LOC_GREATWORK_PRODUCT_LEU_P0K_LLAMAS_3_NAME',				1),
		('GREATWORK_PRODUCT_LEU_P0K_LLAMAS_4',				'GREATWORKOBJECT_PRODUCT',			'LOC_GREATWORK_PRODUCT_LEU_P0K_LLAMAS_4_NAME',				1),
		('GREATWORK_PRODUCT_LEU_P0K_LLAMAS_5',				'GREATWORKOBJECT_PRODUCT',			'LOC_GREATWORK_PRODUCT_LEU_P0K_LLAMAS_5_NAME',				1),
		('GREATWORK_PRODUCT_LEU_P0K_QUINOA_1',				'GREATWORKOBJECT_PRODUCT',			'LOC_GREATWORK_PRODUCT_LEU_P0K_QUINOA_1_NAME',				1),
		('GREATWORK_PRODUCT_LEU_P0K_QUINOA_2',				'GREATWORKOBJECT_PRODUCT',			'LOC_GREATWORK_PRODUCT_LEU_P0K_QUINOA_2_NAME',				1),
		('GREATWORK_PRODUCT_LEU_P0K_QUINOA_3',				'GREATWORKOBJECT_PRODUCT',			'LOC_GREATWORK_PRODUCT_LEU_P0K_QUINOA_3_NAME',				1),
		('GREATWORK_PRODUCT_LEU_P0K_QUINOA_4',				'GREATWORKOBJECT_PRODUCT',			'LOC_GREATWORK_PRODUCT_LEU_P0K_QUINOA_4_NAME',				1),
		('GREATWORK_PRODUCT_LEU_P0K_QUINOA_5',				'GREATWORKOBJECT_PRODUCT',			'LOC_GREATWORK_PRODUCT_LEU_P0K_QUINOA_5_NAME',				1),
		('GREATWORK_PRODUCT_LEU_P0K_YERBAMATE_1',			'GREATWORKOBJECT_PRODUCT',			'LOC_GREATWORK_PRODUCT_LEU_P0K_YERBAMATE_1_NAME',			1),
		('GREATWORK_PRODUCT_LEU_P0K_YERBAMATE_2',			'GREATWORKOBJECT_PRODUCT',			'LOC_GREATWORK_PRODUCT_LEU_P0K_YERBAMATE_2_NAME',			1),
		('GREATWORK_PRODUCT_LEU_P0K_YERBAMATE_3',			'GREATWORKOBJECT_PRODUCT',			'LOC_GREATWORK_PRODUCT_LEU_P0K_YERBAMATE_3_NAME',			1),
		('GREATWORK_PRODUCT_LEU_P0K_YERBAMATE_4',			'GREATWORKOBJECT_PRODUCT',			'LOC_GREATWORK_PRODUCT_LEU_P0K_YERBAMATE_4_NAME',			1),
		('GREATWORK_PRODUCT_LEU_P0K_YERBAMATE_5',			'GREATWORKOBJECT_PRODUCT',			'LOC_GREATWORK_PRODUCT_LEU_P0K_YERBAMATE_5_NAME',			1);

-------------------------------------------------------
-- GreatWorks_ImprovementType
-------------------------------------------------------
INSERT INTO GreatWorks_ImprovementType
		(GreatWorkType,										ResourceType)
VALUES	('GREATWORK_PRODUCT_LEU_P0K_CAPYBARAS_1',			'RESOURCE_LEU_P0K_CAPYBARAS'),
		('GREATWORK_PRODUCT_LEU_P0K_CAPYBARAS_2',			'RESOURCE_LEU_P0K_CAPYBARAS'),
		('GREATWORK_PRODUCT_LEU_P0K_CAPYBARAS_3',			'RESOURCE_LEU_P0K_CAPYBARAS'),
		('GREATWORK_PRODUCT_LEU_P0K_CAPYBARAS_4',			'RESOURCE_LEU_P0K_CAPYBARAS'),
		('GREATWORK_PRODUCT_LEU_P0K_CAPYBARAS_5',			'RESOURCE_LEU_P0K_CAPYBARAS'),
		('GREATWORK_PRODUCT_LEU_P0K_COCA_1',				'RESOURCE_LEU_P0K_COCA'),
		('GREATWORK_PRODUCT_LEU_P0K_COCA_2',				'RESOURCE_LEU_P0K_COCA'),
		('GREATWORK_PRODUCT_LEU_P0K_COCA_3',				'RESOURCE_LEU_P0K_COCA'),
		('GREATWORK_PRODUCT_LEU_P0K_COCA_4',				'RESOURCE_LEU_P0K_COCA'),
		('GREATWORK_PRODUCT_LEU_P0K_COCA_5',				'RESOURCE_LEU_P0K_COCA'),
		('GREATWORK_PRODUCT_LEU_P0K_LLAMAS_1',				'RESOURCE_LEU_P0K_LLAMAS'),
		('GREATWORK_PRODUCT_LEU_P0K_LLAMAS_2',				'RESOURCE_LEU_P0K_LLAMAS'),
		('GREATWORK_PRODUCT_LEU_P0K_LLAMAS_3',				'RESOURCE_LEU_P0K_LLAMAS'),
		('GREATWORK_PRODUCT_LEU_P0K_LLAMAS_4',				'RESOURCE_LEU_P0K_LLAMAS'),
		('GREATWORK_PRODUCT_LEU_P0K_LLAMAS_5',				'RESOURCE_LEU_P0K_LLAMAS'),
		('GREATWORK_PRODUCT_LEU_P0K_QUINOA_1',				'RESOURCE_LEU_P0K_QUINOA'),
		('GREATWORK_PRODUCT_LEU_P0K_QUINOA_2',				'RESOURCE_LEU_P0K_QUINOA'),
		('GREATWORK_PRODUCT_LEU_P0K_QUINOA_3',				'RESOURCE_LEU_P0K_QUINOA'),
		('GREATWORK_PRODUCT_LEU_P0K_QUINOA_4',				'RESOURCE_LEU_P0K_QUINOA'),
		('GREATWORK_PRODUCT_LEU_P0K_QUINOA_5',				'RESOURCE_LEU_P0K_QUINOA'),
		('GREATWORK_PRODUCT_LEU_P0K_YERBAMATE_1',			'RESOURCE_LEU_P0K_YERBAMATE'),
		('GREATWORK_PRODUCT_LEU_P0K_YERBAMATE_2',			'RESOURCE_LEU_P0K_YERBAMATE'),
		('GREATWORK_PRODUCT_LEU_P0K_YERBAMATE_3',			'RESOURCE_LEU_P0K_YERBAMATE'),
		('GREATWORK_PRODUCT_LEU_P0K_YERBAMATE_4',			'RESOURCE_LEU_P0K_YERBAMATE'),
		('GREATWORK_PRODUCT_LEU_P0K_YERBAMATE_5',			'RESOURCE_LEU_P0K_YERBAMATE');

-------------------------------------------------------
-- GreatWork_YieldChanges
-------------------------------------------------------
INSERT INTO GreatWork_YieldChanges
		(GreatWorkType,										YieldType,			YieldChange)
VALUES	('GREATWORK_PRODUCT_LEU_P0K_CAPYBARAS_1',			'YIELD_SCIENCE',	3),
		('GREATWORK_PRODUCT_LEU_P0K_CAPYBARAS_2',			'YIELD_SCIENCE',	3),
		('GREATWORK_PRODUCT_LEU_P0K_CAPYBARAS_3',			'YIELD_SCIENCE',	3),
		('GREATWORK_PRODUCT_LEU_P0K_CAPYBARAS_4',			'YIELD_SCIENCE',	3),
		('GREATWORK_PRODUCT_LEU_P0K_CAPYBARAS_5',			'YIELD_SCIENCE',	3),
		('GREATWORK_PRODUCT_LEU_P0K_COCA_1',				'YIELD_GOLD',		6),
		('GREATWORK_PRODUCT_LEU_P0K_COCA_2',				'YIELD_GOLD',		6),
		('GREATWORK_PRODUCT_LEU_P0K_COCA_3',				'YIELD_GOLD',		6),
		('GREATWORK_PRODUCT_LEU_P0K_COCA_4',				'YIELD_GOLD',		6),
		('GREATWORK_PRODUCT_LEU_P0K_COCA_5',				'YIELD_GOLD',		6),
		('GREATWORK_PRODUCT_LEU_P0K_LLAMAS_1',				'YIELD_PRODUCTION',	2),
		('GREATWORK_PRODUCT_LEU_P0K_LLAMAS_2',				'YIELD_PRODUCTION',	2),
		('GREATWORK_PRODUCT_LEU_P0K_LLAMAS_3',				'YIELD_PRODUCTION',	2),
		('GREATWORK_PRODUCT_LEU_P0K_LLAMAS_4',				'YIELD_PRODUCTION',	2),
		('GREATWORK_PRODUCT_LEU_P0K_LLAMAS_5',				'YIELD_PRODUCTION',	2),
		('GREATWORK_PRODUCT_LEU_P0K_QUINOA_1',				'YIELD_FOOD',		3),
		('GREATWORK_PRODUCT_LEU_P0K_QUINOA_2',				'YIELD_FOOD',		3),
		('GREATWORK_PRODUCT_LEU_P0K_QUINOA_3',				'YIELD_FOOD',		3),
		('GREATWORK_PRODUCT_LEU_P0K_QUINOA_4',				'YIELD_FOOD',		3),
		('GREATWORK_PRODUCT_LEU_P0K_QUINOA_5',				'YIELD_FOOD',		3),
		('GREATWORK_PRODUCT_LEU_P0K_YERBAMATE_1',			'YIELD_PRODUCTION',	2),
		('GREATWORK_PRODUCT_LEU_P0K_YERBAMATE_2',			'YIELD_PRODUCTION',	2),
		('GREATWORK_PRODUCT_LEU_P0K_YERBAMATE_3',			'YIELD_PRODUCTION',	2),
		('GREATWORK_PRODUCT_LEU_P0K_YERBAMATE_4',			'YIELD_PRODUCTION',	2),
		('GREATWORK_PRODUCT_LEU_P0K_YERBAMATE_5',			'YIELD_PRODUCTION',	2);

-------------------------------------------------------
-- GreatWorkModifiers
-------------------------------------------------------
INSERT INTO GreatWorkModifiers
		(GreatWorkType,										ModifierID)
VALUES	('GREATWORK_PRODUCT_LEU_P0K_CAPYBARAS_1',			'PRODUCT_SCIENCE_YIELD_BONUS_LEU_P0K_CAPYBARAS'),
		('GREATWORK_PRODUCT_LEU_P0K_CAPYBARAS_2',			'PRODUCT_SCIENCE_YIELD_BONUS_LEU_P0K_CAPYBARAS'),
		('GREATWORK_PRODUCT_LEU_P0K_CAPYBARAS_3',			'PRODUCT_SCIENCE_YIELD_BONUS_LEU_P0K_CAPYBARAS'),
		('GREATWORK_PRODUCT_LEU_P0K_CAPYBARAS_4',			'PRODUCT_SCIENCE_YIELD_BONUS_LEU_P0K_CAPYBARAS'),
		('GREATWORK_PRODUCT_LEU_P0K_CAPYBARAS_5',			'PRODUCT_SCIENCE_YIELD_BONUS_LEU_P0K_CAPYBARAS'),
		('GREATWORK_PRODUCT_LEU_P0K_COCA_1',				'PRODUCT_GOLD_YIELD_BONUS_LEU_P0K_COCA'),
		('GREATWORK_PRODUCT_LEU_P0K_COCA_2',				'PRODUCT_GOLD_YIELD_BONUS_LEU_P0K_COCA'),
		('GREATWORK_PRODUCT_LEU_P0K_COCA_3',				'PRODUCT_GOLD_YIELD_BONUS_LEU_P0K_COCA'),
		('GREATWORK_PRODUCT_LEU_P0K_COCA_4',				'PRODUCT_GOLD_YIELD_BONUS_LEU_P0K_COCA'),
		('GREATWORK_PRODUCT_LEU_P0K_COCA_5',				'PRODUCT_GOLD_YIELD_BONUS_LEU_P0K_COCA'),
		('GREATWORK_PRODUCT_LEU_P0K_LLAMAS_1',				'PRODUCT_CIVILIAN_UNIT_DISCOUNT_LEU_P0K_LLAMAS'),
		('GREATWORK_PRODUCT_LEU_P0K_LLAMAS_2',				'PRODUCT_CIVILIAN_UNIT_DISCOUNT_LEU_P0K_LLAMAS'),
		('GREATWORK_PRODUCT_LEU_P0K_LLAMAS_3',				'PRODUCT_CIVILIAN_UNIT_DISCOUNT_LEU_P0K_LLAMAS'),
		('GREATWORK_PRODUCT_LEU_P0K_LLAMAS_4',				'PRODUCT_CIVILIAN_UNIT_DISCOUNT_LEU_P0K_LLAMAS'),
		('GREATWORK_PRODUCT_LEU_P0K_LLAMAS_5',				'PRODUCT_CIVILIAN_UNIT_DISCOUNT_LEU_P0K_LLAMAS'),
		('GREATWORK_PRODUCT_LEU_P0K_QUINOA_1',				'PRODUCT_CITY_GROWTH_LEU_P0K_QUINOA'),
		('GREATWORK_PRODUCT_LEU_P0K_QUINOA_2',				'PRODUCT_CITY_GROWTH_LEU_P0K_QUINOA'),
		('GREATWORK_PRODUCT_LEU_P0K_QUINOA_3',				'PRODUCT_CITY_GROWTH_LEU_P0K_QUINOA'),
		('GREATWORK_PRODUCT_LEU_P0K_QUINOA_4',				'PRODUCT_CITY_GROWTH_LEU_P0K_QUINOA'),
		('GREATWORK_PRODUCT_LEU_P0K_QUINOA_5',				'PRODUCT_CITY_GROWTH_LEU_P0K_QUINOA'),
		('GREATWORK_PRODUCT_LEU_P0K_QUINOA_1',				'PRODUCT_CITY_GROWTH_HOUSING_LEU_P0K_QUINOA'),
		('GREATWORK_PRODUCT_LEU_P0K_QUINOA_2',				'PRODUCT_CITY_GROWTH_HOUSING_LEU_P0K_QUINOA'),
		('GREATWORK_PRODUCT_LEU_P0K_QUINOA_3',				'PRODUCT_CITY_GROWTH_HOUSING_LEU_P0K_QUINOA'),
		('GREATWORK_PRODUCT_LEU_P0K_QUINOA_4',				'PRODUCT_CITY_GROWTH_HOUSING_LEU_P0K_QUINOA'),
		('GREATWORK_PRODUCT_LEU_P0K_QUINOA_5',				'PRODUCT_CITY_GROWTH_HOUSING_LEU_P0K_QUINOA'),
		('GREATWORK_PRODUCT_LEU_P0K_YERBAMATE_1',			'PRODUCT_MILITARY_UNIT_DISCOUNT_LEU_P0K_YERBAMATE'),
		('GREATWORK_PRODUCT_LEU_P0K_YERBAMATE_2',			'PRODUCT_MILITARY_UNIT_DISCOUNT_LEU_P0K_YERBAMATE'),
		('GREATWORK_PRODUCT_LEU_P0K_YERBAMATE_3',			'PRODUCT_MILITARY_UNIT_DISCOUNT_LEU_P0K_YERBAMATE'),
		('GREATWORK_PRODUCT_LEU_P0K_YERBAMATE_4',			'PRODUCT_MILITARY_UNIT_DISCOUNT_LEU_P0K_YERBAMATE'),
		('GREATWORK_PRODUCT_LEU_P0K_YERBAMATE_5',			'PRODUCT_MILITARY_UNIT_DISCOUNT_LEU_P0K_YERBAMATE');

-------------------------------------------------------
-- Modifiers
-------------------------------------------------------
INSERT INTO Modifiers
		(ModifierId,											ModifierType,												SubjectStackLimit)
		-- Capybaras: Science Bonus
VALUES	('PRODUCT_SCIENCE_YIELD_BONUS_LEU_P0K_CAPYBARAS',		'MODIFIER_SINGLE_CITY_ADJUST_CITY_YIELD_MODIFIER',			1),
		-- Coca: Gold Bonus
		('PRODUCT_GOLD_YIELD_BONUS_LEU_P0K_COCA',				'MODIFIER_SINGLE_CITY_ADJUST_CITY_YIELD_MODIFIER',			1),
		-- Llamas: Civilian Production Bonus
		('PRODUCT_CIVILIAN_UNIT_DISCOUNT_LEU_P0K_LLAMAS',		'MODIFIER_SINGLE_CITY_ADJUST_UNIT_PRODUCTION',				1),
		-- Quinoa: Growth and Housing Bonus
		('PRODUCT_CITY_GROWTH_LEU_P0K_QUINOA',					'MODIFIER_SINGLE_CITY_ADJUST_CITY_GROWTH',					1),
		('PRODUCT_CITY_GROWTH_HOUSING_LEU_P0K_QUINOA',			'MODIFIER_SINGLE_CITY_ADJUST_CITY_HOUSING_FROM_GREAT_WORKS',	1),
		-- Yerbamate: Military Unit Production Bonus
		('PRODUCT_MILITARY_UNIT_DISCOUNT_LEU_P0K_YERBAMATE',	'MODIFIER_SINGLE_CITY_ADJUST_MILITARY_UNITS_PRODUCTION',	1);

-------------------------------------------------------
-- ModifierArguments
-------------------------------------------------------
INSERT INTO ModifierArguments
		(ModifierId,											Name,			Value)
		-- Capybaras: Science Bonus
VALUES	('PRODUCT_SCIENCE_YIELD_BONUS_LEU_P0K_CAPYBARAS',		'YieldType',	'YIELD_SCIENCE'),
		('PRODUCT_SCIENCE_YIELD_BONUS_LEU_P0K_CAPYBARAS',		'Amount',		15),
		-- Coca: Gold Bonus
		('PRODUCT_GOLD_YIELD_BONUS_LEU_P0K_COCA',				'YieldType',	'YIELD_SCIENCE'),
		('PRODUCT_GOLD_YIELD_BONUS_LEU_P0K_COCA',				'Amount',		25),
		-- Llamas: Civilian Production Bonus
		('PRODUCT_CIVILIAN_UNIT_DISCOUNT_LEU_P0K_LLAMAS',		'YieldType',	'UNIT_BUILDER, UNIT_SETTLER, UNIT_TRADER'),
		('PRODUCT_CIVILIAN_UNIT_DISCOUNT_LEU_P0K_LLAMAS',		'Amount',		30),
		-- Quinoa: Growth and Housing Bonus
		('PRODUCT_CITY_GROWTH_LEU_P0K_QUINOA',					'Amount',		20),
		('PRODUCT_CITY_GROWTH_HOUSING_LEU_P0K_QUINOA',			'Amount',		3),
		-- Yerbamate: Military Unit Production Bonus
		('PRODUCT_MILITARY_UNIT_DISCOUNT_LEU_P0K_YERBAMATE',	'StartEra',		'ERA_ANCIENT'),
		('PRODUCT_MILITARY_UNIT_DISCOUNT_LEU_P0K_YERBAMATE',	'EndEra',		'ERA_INFORMATION'),
		('PRODUCT_MILITARY_UNIT_DISCOUNT_LEU_P0K_YERBAMATE',	'Amount',		30);

-------------------------------------------------------
-- ModifierStrings
-------------------------------------------------------
INSERT INTO ModifierStrings
		(ModifierId,											Context,		Text)
VALUES	('PRODUCT_SCIENCE_YIELD_BONUS_LEU_P0K_CAPYBARAS',		'Summary',		'LOC_INDUSTRY_SCIENCE_YIELD_BONUS_DESCRIPTION'),
		('PRODUCT_GOLD_YIELD_BONUS_LEU_P0K_COCA',				'Summary',		'LOC_INDUSTRY_GOLD_YIELD_BONUS_DESCRIPTION'),
		('PRODUCT_CIVILIAN_UNIT_DISCOUNT_LEU_P0K_LLAMAS',		'Summary',		'LOC_INDUSTRY_CIVILIAN_UNIT_DISCOUNT_DESCRIPTION'),
		('PRODUCT_CITY_GROWTH_LEU_P0K_QUINOA',					'Summary',		'LOC_INDUSTRY_CITY_GROWTH_DISCOUNT_DESCRIPTION'),
		('PRODUCT_MILITARY_UNIT_DISCOUNT_LEU_P0K_YERBAMATE',	'Summary',		'LOC_INDUSTRY_MILITARY_UNIT_DISCOUNT_DESCRIPTION');

--=============================================================================================================
--=============================================================================================================
