/*
	Main Civilization Configuration
	Author: iPlayGamesITA
	Original template by: MC
	Thanks to everyone in the Civ VI Modding Helpline Discord Server!
*/
-----------------------------------------------
-- Types
-----------------------------------------------
INSERT INTO	Types
			(Type,									Kind					)
VALUES		('CIVILIZATION_IPG_CAINGORN_MINOR',		'KIND_CIVILIZATION'		),
			('CIVILIZATION_IPG_MALLEORE_MINOR',		'KIND_CIVILIZATION'		),
			('CIVILIZATION_IPG_BAREFIELD_MINOR',	'KIND_CIVILIZATION'		),
			('CIVILIZATION_IPG_CREYDEN_MINOR',		'KIND_CIVILIZATION'		);

INSERT INTO TypeProperties
			(Type,									Name,					Value)
VALUES		('CIVILIZATION_IPG_CAINGORN_MINOR',		'CityStateCategory',	'CULTURAL'),
			('CIVILIZATION_IPG_MALLEORE_MINOR',		'CityStateCategory',	'MILITARISTIC'),
			('CIVILIZATION_IPG_BAREFIELD_MINOR',	'CityStateCategory',	'RELIGIOUS'),
			('CIVILIZATION_IPG_CREYDEN_MINOR',		'CityStateCategory',	'INDUSTRIAL');
-- Sodden becomes Cultural
UPDATE	TypeProperties
SET		Value = 'CULTURAL'
WHERE	Type = 'CIVILIZATION_IPG_SODDEN_MINOR';
-----------------------------------------------
-- Civilizations
-----------------------------------------------
INSERT INTO	Civilizations
			(
			CivilizationType,
			Name,
			Description,
			Adjective,
			StartingCivilizationLevelType,
			RandomCityNameDepth,
			Ethnicity
			)

VALUES		(
			'CIVILIZATION_IPG_CAINGORN_MINOR',
			'LOC_CIVILIZATION_IPG_CAINGORN_MINOR_NAME',
			'LOC_CIVILIZATION_IPG_CAINGORN_MINOR_DESCRIPTION',
			'LOC_CIVILIZATION_IPG_CAINGORN_MINOR_ADJECTIVE',
			'CIVILIZATION_LEVEL_CITY_STATE',
			1,
			'ETHNICITY_EURO'
			),
			-----------------------------------------------
			(
			'CIVILIZATION_IPG_MALLEORE_MINOR',
			'LOC_CIVILIZATION_IPG_MALLEORE_MINOR_NAME',
			'LOC_CIVILIZATION_IPG_MALLEORE_MINOR_DESCRIPTION',
			'LOC_CIVILIZATION_IPG_MALLEORE_MINOR_ADJECTIVE',
			'CIVILIZATION_LEVEL_CITY_STATE',
			1,
			'ETHNICITY_EURO'
			),
			-----------------------------------------------
			(
			'CIVILIZATION_IPG_BAREFIELD_MINOR',
			'LOC_CIVILIZATION_IPG_BAREFIELD_MINOR_NAME',
			'LOC_CIVILIZATION_IPG_BAREFIELD_MINOR_DESCRIPTION',
			'LOC_CIVILIZATION_IPG_BAREFIELD_MINOR_ADJECTIVE',
			'CIVILIZATION_LEVEL_CITY_STATE',
			1,
			'ETHNICITY_EURO'
			),
			-----------------------------------------------
			(
			'CIVILIZATION_IPG_CREYDEN_MINOR',
			'LOC_CIVILIZATION_IPG_CREYDEN_MINOR_NAME',
			'LOC_CIVILIZATION_IPG_CREYDEN_MINOR_DESCRIPTION',
			'LOC_CIVILIZATION_IPG_CREYDEN_MINOR_ADJECTIVE',
			'CIVILIZATION_LEVEL_CITY_STATE',
			1,
			'ETHNICITY_EURO'
			);
-----------------------------------------------
-- Start Bias
-----------------------------------------------
INSERT INTO	StartBiasTerrains
		(CivilizationType,						TerrainType,					Tier	)
VALUES	('CIVILIZATION_IPG_CAINGORN_MINOR',		'TERRAIN_GRASS_MOUNTAIN',		4		),
		('CIVILIZATION_IPG_CAINGORN_MINOR',		'TERRAIN_PLAINS_MOUNTAIN',		4		),
		('CIVILIZATION_IPG_CAINGORN_MINOR',		'TERRAIN_SNOW_MOUNTAIN',		4		),
		('CIVILIZATION_IPG_CAINGORN_MINOR',		'TERRAIN_TUNDRA_MOUNTAIN',		4		),
		('CIVILIZATION_IPG_BAREFIELD_MINOR',	'TERRAIN_GRASS_MOUNTAIN',		4		),
		('CIVILIZATION_IPG_BAREFIELD_MINOR',	'TERRAIN_PLAINS_MOUNTAIN',		4		),
		('CIVILIZATION_IPG_BAREFIELD_MINOR',	'TERRAIN_SNOW_MOUNTAIN',		4		),
		('CIVILIZATION_IPG_BAREFIELD_MINOR',	'TERRAIN_TUNDRA_MOUNTAIN',		4		),
		('CIVILIZATION_IPG_MALLEORE_MINOR',		'TERRAIN_GRASS_MOUNTAIN',		4		),
		('CIVILIZATION_IPG_MALLEORE_MINOR',		'TERRAIN_PLAINS_MOUNTAIN',		4		),
		('CIVILIZATION_IPG_MALLEORE_MINOR',		'TERRAIN_SNOW_MOUNTAIN',		4		),
		('CIVILIZATION_IPG_MALLEORE_MINOR',		'TERRAIN_TUNDRA_MOUNTAIN',		4		),
		('CIVILIZATION_IPG_CREYDEN_MINOR',		'TERRAIN_GRASS_MOUNTAIN',		4		),
		('CIVILIZATION_IPG_CREYDEN_MINOR',		'TERRAIN_PLAINS_MOUNTAIN',		4		),
		('CIVILIZATION_IPG_CREYDEN_MINOR',		'TERRAIN_SNOW_MOUNTAIN',		4		),
		('CIVILIZATION_IPG_CREYDEN_MINOR',		'TERRAIN_TUNDRA_MOUNTAIN',		4		);

INSERT INTO	StartBiasRivers
		(CivilizationType,						Tier	)
VALUES	('CIVILIZATION_IPG_MALLEORE_MINOR',		3		);

INSERT INTO StartBiasResources
		(CivilizationType,						ResourceType,		Tier	)
VALUES	('CIVILIZATION_IPG_BAREFIELD_MINOR',	'RESOURCE_SHEEP',	2		);

INSERT INTO StartBiasFeatures
		(CivilizationType,						FeatureType,		Tier	)
VALUES	('CIVILIZATION_IPG_CAINGORN_MINOR',		'FEATURE_FOREST',	2		),
		('CIVILIZATION_IPG_MALLEORE_MINOR',		'FEATURE_FOREST',	2		),
		('CIVILIZATION_IPG_CREYDEN_MINOR',		'FEATURE_FOREST',	2		),
		('CIVILIZATION_IPG_BAREFIELD_MINOR',	'FEATURE_FOREST',	4		);