/*
	Main Civilization Configuration
	Author: iPlayGamesITA
	Original template by: MC
	Thanks to everyone in the Civ VI Modding Helpline Discord Server!
*/
-----------------------------------------------
-- Types
-----------------------------------------------
INSERT INTO	Types
			(Type,									Kind					)
VALUES		('CIVILIZATION_IPG_NILFGAARD',			'KIND_CIVILIZATION'		),
			('CIVILIZATION_IPG_METINNA_MINOR',		'KIND_CIVILIZATION'		),
			('CIVILIZATION_IPG_MAECHT_MINOR',		'KIND_CIVILIZATION'		),
			('CIVILIZATION_IPG_TOUSSAINT_MINOR',	'KIND_CIVILIZATION'		),
			('CIVILIZATION_IPG_GEMMERA_MINOR',		'KIND_CIVILIZATION'		),
			('CIVILIZATION_IPG_VICOVARO_MINOR',		'KIND_CIVILIZATION'		),
			('RELIGION_IPG_ARD_FEAINN',				'KIND_RELIGION'			);

INSERT INTO TypeProperties
			(Type,									Name,						Value)
VALUES		('CIVILIZATION_IPG_METINNA_MINOR',		'CityStateCategory',		'MILITARISTIC'),
			('CIVILIZATION_IPG_MAECHT_MINOR',		'CityStateCategory',		'RELIGIOUS'),
			('CIVILIZATION_IPG_TOUSSAINT_MINOR',	'CityStateCategory',		'CULTURAL'),
			('CIVILIZATION_IPG_GEMMERA_MINOR',		'CityStateCategory',		'MILITARISTIC'),
			('CIVILIZATION_IPG_VICOVARO_MINOR',		'CityStateCategory',		'SCIENTIFIC');
-----------------------------------------------
-- Civilizations
-----------------------------------------------
INSERT INTO	Civilizations
			(
			CivilizationType,
			Name,
			Description,
			Adjective,
			StartingCivilizationLevelType,
			RandomCityNameDepth,
			Ethnicity
			)

VALUES		(
			'CIVILIZATION_IPG_NILFGAARD',
			'LOC_CIVILIZATION_IPG_NILFGAARD_NAME',
			'LOC_CIVILIZATION_IPG_NILFGAARD_DESCRIPTION',
			'LOC_CIVILIZATION_IPG_NILFGAARD_ADJECTIVE',
			'CIVILIZATION_LEVEL_FULL_CIV',
			4,
			'ETHNICITY_MEDIT'
			),
			-----------------------------------------------
			(
			'CIVILIZATION_IPG_METINNA_MINOR',
			'LOC_CIVILIZATION_IPG_METINNA_MINOR_NAME',
			'LOC_CIVILIZATION_IPG_METINNA_MINOR_DESCRIPTION',
			'LOC_CIVILIZATION_IPG_METINNA_MINOR_ADJECTIVE',
			'CIVILIZATION_LEVEL_CITY_STATE',
			1,
			'ETHNICITY_MEDIT'
			),
			-----------------------------------------------
			(
			'CIVILIZATION_IPG_MAECHT_MINOR',
			'LOC_CIVILIZATION_IPG_MAECHT_MINOR_NAME',
			'LOC_CIVILIZATION_IPG_MAECHT_MINOR_DESCRIPTION',
			'LOC_CIVILIZATION_IPG_MAECHT_MINOR_ADJECTIVE',
			'CIVILIZATION_LEVEL_CITY_STATE',
			1,
			'ETHNICITY_MEDIT'
			),
			-----------------------------------------------
			(
			'CIVILIZATION_IPG_TOUSSAINT_MINOR',
			'LOC_CIVILIZATION_IPG_TOUSSAINT_MINOR_NAME',
			'LOC_CIVILIZATION_IPG_TOUSSAINT_MINOR_DESCRIPTION',
			'LOC_CIVILIZATION_IPG_TOUSSAINT_MINOR_ADJECTIVE',
			'CIVILIZATION_LEVEL_CITY_STATE',
			1,
			'ETHNICITY_MEDIT'
			),
			-----------------------------------------------
			(
			'CIVILIZATION_IPG_GEMMERA_MINOR',
			'LOC_CIVILIZATION_IPG_GEMMERA_MINOR_NAME',
			'LOC_CIVILIZATION_IPG_GEMMERA_MINOR_DESCRIPTION',
			'LOC_CIVILIZATION_IPG_GEMMERA_MINOR_ADJECTIVE',
			'CIVILIZATION_LEVEL_CITY_STATE',
			1,
			'ETHNICITY_MEDIT'
			),
			-----------------------------------------------
			(
			'CIVILIZATION_IPG_VICOVARO_MINOR',
			'LOC_CIVILIZATION_IPG_VICOVARO_MINOR_NAME',
			'LOC_CIVILIZATION_IPG_VICOVARO_MINOR_DESCRIPTION',
			'LOC_CIVILIZATION_IPG_VICOVARO_MINOR_ADJECTIVE',
			'CIVILIZATION_LEVEL_CITY_STATE',
			1,
			'ETHNICITY_MEDIT'
			);
-----------------------------------------------
-- Named
-----------------------------------------------
INSERT OR REPLACE INTO NamedMountains
		(NamedMountainType,					Name								)
VALUES	('NAMED_MOUNTAIN_TIR_TOCHAIR',		'LOC_NAMED_MOUNTAIN_TIR_TOCHAIR'	),
		('NAMED_MOUNTAIN_AMELL',			'LOC_NAMED_MOUNTAIN_AMELL'			),
		('NAMED_MOUNTAIN_FIERY',			'LOC_NAMED_MOUNTAIN_FIERY'			);

INSERT INTO NamedMountainCivilizations
		(CivilizationType,			NamedMountainType							)
VALUES	('CIVILIZATION_IPG_NILFGAARD',	'NAMED_MOUNTAIN_TIR_TOCHAIR'	),
		('CIVILIZATION_IPG_NILFGAARD',	'NAMED_MOUNTAIN_AMELL'			),
		('CIVILIZATION_IPG_NILFGAARD',	'NAMED_MOUNTAIN_FIERY'	);

INSERT OR REPLACE INTO NamedRivers
		(NamedRiverType,					Name							)
VALUES	('NAMED_RIVER_ALBA',				'LOC_NAMED_RIVER_ALBA'			),
		('NAMED_RIVER_VELDA',				'LOC_NAMED_RIVER_VELDA'			),
		('NAMED_RIVER_SYLTE',				'LOC_NAMED_RIVER_SYLTE'			),
		('NAMED_RIVER_YELENA',				'LOC_NAMED_RIVER_YELENA'		),
		('NAMED_RIVER_WAGTAIL',				'LOC_NAMED_RIVER_WAGTAIL'		),
		
		('NAMED_RIVER_BLESSURE',			'LOC_NAMED_RIVER_BLESSURE'		),
		('NAMED_RIVER_SANSRETOUR',			'LOC_NAMED_RIVER_SANSRETOUR'	);

INSERT INTO NamedRiverCivilizations
		(CivilizationType,			NamedRiverType					)
VALUES	('CIVILIZATION_IPG_NILFGAARD',	'NAMED_RIVER_ALBA'			),
		('CIVILIZATION_IPG_NILFGAARD',	'NAMED_RIVER_SYLTE'			),
		('CIVILIZATION_IPG_NILFGAARD',	'NAMED_RIVER_VELDA'			),
		('CIVILIZATION_IPG_NILFGAARD',	'NAMED_RIVER_YELENA'		),
		('CIVILIZATION_IPG_NILFGAARD',	'NAMED_RIVER_WAGTAIL'		),
		
		('CIVILIZATION_IPG_METINNA_MINOR',		'NAMED_RIVER_YELENA'		),
		('CIVILIZATION_IPG_MAECHT_MINOR',		'NAMED_RIVER_VELDA'			),
		('CIVILIZATION_IPG_TOUSSAINT_MINOR',	'NAMED_RIVER_BLESSURE'		),
		('CIVILIZATION_IPG_TOUSSAINT_MINOR',	'NAMED_RIVER_SANSRETOUR'	);

INSERT OR REPLACE INTO NamedDeserts
		(NamedDesertType,				Name							)
VALUES	('NAMED_DESERT_KORATH',			'LOC_NAMED_DESERT_KORATH'		),
		('NAMED_DESERT_ZERRIKANIAN',	'LOC_NAMED_DESERT_ZERRIKANIAN'	);

INSERT INTO NamedDesertCivilizations
		(CivilizationType,				NamedDesertType				)
VALUES	('CIVILIZATION_IPG_NILFGAARD',	'NAMED_DESERT_KORATH'		),
		('CIVILIZATION_IPG_NILFGAARD',	'NAMED_DESERT_ZERRIKANIAN'	);

INSERT OR REPLACE INTO NamedLakes
		(NamedLakeType,					Name						)
VALUES	('NAMED_LAKE_MUREDACH',			'LOC_NAMED_LAKE_MUREDACH'	),
		('NAMED_LAKE_TARN_MIRA',		'LOC_NAMED_LAKE_TARN_MIRA'	);

INSERT INTO NamedLakeCivilizations
		(CivilizationType,				NamedLakeType				)
VALUES	('CIVILIZATION_IPG_NILFGAARD',	'NAMED_LAKE_MUREDACH'		),
		('CIVILIZATION_IPG_NILFGAARD',	'NAMED_LAKE_TARN_MIRA'		);
-----------------------------------------------
-- CityNames
-----------------------------------------------
INSERT INTO	CityNames
		(CivilizationType,				CityName						)
VALUES	('CIVILIZATION_IPG_NILFGAARD',	'LOC_CITY_NAME_IPG_NILFGAARD_1'),
		('CIVILIZATION_IPG_NILFGAARD',	'LOC_CITY_NAME_IPG_NILFGAARD_2'),
		('CIVILIZATION_IPG_NILFGAARD',	'LOC_CITY_NAME_IPG_NILFGAARD_3'),
		('CIVILIZATION_IPG_NILFGAARD',	'LOC_CITY_NAME_IPG_NILFGAARD_4'),
		('CIVILIZATION_IPG_NILFGAARD',	'LOC_CITY_NAME_IPG_NILFGAARD_5'),
		('CIVILIZATION_IPG_NILFGAARD',	'LOC_CITY_NAME_IPG_NILFGAARD_6'),
		('CIVILIZATION_IPG_NILFGAARD',	'LOC_CITY_NAME_IPG_NILFGAARD_7'),
		('CIVILIZATION_IPG_NILFGAARD',	'LOC_CITY_NAME_IPG_NILFGAARD_8'),
		('CIVILIZATION_IPG_NILFGAARD',	'LOC_CITY_NAME_IPG_NILFGAARD_9'),
		('CIVILIZATION_IPG_NILFGAARD',	'LOC_CITY_NAME_IPG_NILFGAARD_10'),
		('CIVILIZATION_IPG_NILFGAARD',	'LOC_CITY_NAME_IPG_NILFGAARD_11'),
		('CIVILIZATION_IPG_NILFGAARD',	'LOC_CITY_NAME_IPG_NILFGAARD_12'),
		('CIVILIZATION_IPG_NILFGAARD',	'LOC_CITY_NAME_IPG_NILFGAARD_13'),
		('CIVILIZATION_IPG_NILFGAARD',	'LOC_CITY_NAME_IPG_NILFGAARD_14'),
		('CIVILIZATION_IPG_NILFGAARD',	'LOC_CITY_NAME_IPG_NILFGAARD_15'),
		('CIVILIZATION_IPG_NILFGAARD',	'LOC_CITY_NAME_IPG_NILFGAARD_16'),
		('CIVILIZATION_IPG_NILFGAARD',	'LOC_CITY_NAME_IPG_NILFGAARD_17'),
		('CIVILIZATION_IPG_NILFGAARD',	'LOC_CITY_NAME_IPG_NILFGAARD_18'),
		('CIVILIZATION_IPG_NILFGAARD',	'LOC_CITY_NAME_IPG_NILFGAARD_19'),
		('CIVILIZATION_IPG_NILFGAARD',	'LOC_CITY_NAME_IPG_NILFGAARD_20'),
		('CIVILIZATION_IPG_NILFGAARD',	'LOC_CITY_NAME_IPG_NILFGAARD_21'),
		('CIVILIZATION_IPG_NILFGAARD',	'LOC_CITY_NAME_IPG_NILFGAARD_22'),
		('CIVILIZATION_IPG_NILFGAARD',	'LOC_CITY_NAME_IPG_NILFGAARD_23'),
		('CIVILIZATION_IPG_NILFGAARD',	'LOC_CITY_NAME_IPG_NILFGAARD_24'),
		('CIVILIZATION_IPG_NILFGAARD',	'LOC_CITY_NAME_IPG_NILFGAARD_25'),
		('CIVILIZATION_IPG_NILFGAARD',	'LOC_CITY_NAME_IPG_NILFGAARD_26'),
		('CIVILIZATION_IPG_NILFGAARD',	'LOC_CITY_NAME_IPG_NILFGAARD_27'),
		('CIVILIZATION_IPG_NILFGAARD',	'LOC_CITY_NAME_IPG_NILFGAARD_28'),
		('CIVILIZATION_IPG_NILFGAARD',	'LOC_CITY_NAME_IPG_NILFGAARD_29'),
		('CIVILIZATION_IPG_NILFGAARD',	'LOC_CITY_NAME_IPG_NILFGAARD_30'),
		('CIVILIZATION_IPG_NILFGAARD',	'LOC_CITY_NAME_IPG_NILFGAARD_31'),
		('CIVILIZATION_IPG_NILFGAARD',	'LOC_CITY_NAME_IPG_NILFGAARD_32'),
		('CIVILIZATION_IPG_NILFGAARD',	'LOC_CITY_NAME_IPG_NILFGAARD_33'),
		('CIVILIZATION_IPG_NILFGAARD',	'LOC_CITY_NAME_IPG_NILFGAARD_34'),
		('CIVILIZATION_IPG_NILFGAARD',	'LOC_CITY_NAME_IPG_NILFGAARD_35'),
		('CIVILIZATION_IPG_NILFGAARD',	'LOC_CITY_NAME_IPG_NILFGAARD_36'),
		('CIVILIZATION_IPG_METINNA_MINOR',		'LOC_CITY_NAME_IPG_METINNA_MINOR'		),
		('CIVILIZATION_IPG_MAECHT_MINOR',		'LOC_CITY_NAME_IPG_MAECHT_MINOR'		),
		('CIVILIZATION_IPG_TOUSSAINT_MINOR',	'LOC_CITY_NAME_IPG_TOUSSAINT_MINOR'		),
		('CIVILIZATION_IPG_GEMMERA_MINOR',		'LOC_CITY_NAME_IPG_GEMMERA_MINOR'		),
		('CIVILIZATION_IPG_VICOVARO_MINOR',		'LOC_CITY_NAME_IPG_VICOVARO_MINOR'		);
-----------------------------------------------
-- CivilizationCitizenNames
-----------------------------------------------
INSERT INTO	CivilizationCitizenNames
		(CivilizationType,			CitizenName,						Female	)
VALUES	('CIVILIZATION_IPG_NILFGAARD',	'LOC_CITIZEN_IPG_NILFGAARD_MALE_1',		0 		),
		('CIVILIZATION_IPG_NILFGAARD',	'LOC_CITIZEN_IPG_NILFGAARD_MALE_2',		0 		),
		('CIVILIZATION_IPG_NILFGAARD',	'LOC_CITIZEN_IPG_NILFGAARD_MALE_3',		0 		),
		('CIVILIZATION_IPG_NILFGAARD',	'LOC_CITIZEN_IPG_NILFGAARD_MALE_4',		0 		),
		('CIVILIZATION_IPG_NILFGAARD',	'LOC_CITIZEN_IPG_NILFGAARD_MALE_5',		0 		),
		('CIVILIZATION_IPG_NILFGAARD',	'LOC_CITIZEN_IPG_NILFGAARD_MALE_6',		0 		),
		('CIVILIZATION_IPG_NILFGAARD',	'LOC_CITIZEN_IPG_NILFGAARD_MALE_7',		0 		),
		('CIVILIZATION_IPG_NILFGAARD',	'LOC_CITIZEN_IPG_NILFGAARD_MALE_8',		0 		),
		('CIVILIZATION_IPG_NILFGAARD',	'LOC_CITIZEN_IPG_NILFGAARD_MALE_9',		0 		),
		('CIVILIZATION_IPG_NILFGAARD',	'LOC_CITIZEN_IPG_NILFGAARD_MALE_10',	0 		),
		('CIVILIZATION_IPG_NILFGAARD',	'LOC_CITIZEN_IPG_NILFGAARD_FEMALE_1',	1 		),
		('CIVILIZATION_IPG_NILFGAARD',	'LOC_CITIZEN_IPG_NILFGAARD_FEMALE_2',	1 		),
		('CIVILIZATION_IPG_NILFGAARD',	'LOC_CITIZEN_IPG_NILFGAARD_FEMALE_3',	1 		),
		('CIVILIZATION_IPG_NILFGAARD',	'LOC_CITIZEN_IPG_NILFGAARD_FEMALE_4',	1 		),
		('CIVILIZATION_IPG_NILFGAARD',	'LOC_CITIZEN_IPG_NILFGAARD_FEMALE_5',	1 		),
		('CIVILIZATION_IPG_NILFGAARD',	'LOC_CITIZEN_IPG_NILFGAARD_FEMALE_6',	1 		),
		('CIVILIZATION_IPG_NILFGAARD',	'LOC_CITIZEN_IPG_NILFGAARD_FEMALE_7',	1 		),
		('CIVILIZATION_IPG_NILFGAARD',	'LOC_CITIZEN_IPG_NILFGAARD_FEMALE_8',	1 		),
		('CIVILIZATION_IPG_NILFGAARD',	'LOC_CITIZEN_IPG_NILFGAARD_FEMALE_9',	1 		),
		('CIVILIZATION_IPG_NILFGAARD',	'LOC_CITIZEN_IPG_NILFGAARD_FEMALE_10',	1 		);
-----------------------------------------------
-- CivilizationInfo
-----------------------------------------------
INSERT INTO	CivilizationInfo
		(CivilizationType,			Header,						Caption,								SortIndex	)
VALUES	('CIVILIZATION_IPG_NILFGAARD',	'LOC_CIVINFO_LOCATION',		'LOC_CIVINFO_IPG_NILFGAARD_LOCATION',		10			),
		('CIVILIZATION_IPG_NILFGAARD',	'LOC_CIVINFO_SIZE',			'LOC_CIVINFO_IPG_NILFGAARD_SIZE',			20			),
		('CIVILIZATION_IPG_NILFGAARD',	'LOC_CIVINFO_POPULATION',	'LOC_CIVINFO_IPG_NILFGAARD_POPULATION',		30			),
		('CIVILIZATION_IPG_NILFGAARD',	'LOC_CIVINFO_CAPITAL',		'LOC_CIVINFO_IPG_NILFGAARD_CAPITAL',		40			);
-----------------------------------------------
-- Start Bias
-----------------------------------------------
INSERT INTO	StartBiasTerrains
		(CivilizationType,						TerrainType,				Tier	)
VALUES	('CIVILIZATION_IPG_METINNA_MINOR',		'TERRAIN_PLAINS',			1	),
		('CIVILIZATION_IPG_METINNA_MINOR',		'TERRAIN_GRASS',			2	),
		('CIVILIZATION_IPG_MAECHT_MINOR',		'TERRAIN_PLAINS',			1	),
		('CIVILIZATION_IPG_MAECHT_MINOR',		'TERRAIN_GRASS',			2	),
		('CIVILIZATION_IPG_TOUSSAINT_MINOR',	'TERRAIN_GRASS_MOUNTAIN',	3	),
		('CIVILIZATION_IPG_TOUSSAINT_MINOR',	'TERRAIN_PLAINS_MOUNTAIN',	3	),
		('CIVILIZATION_IPG_TOUSSAINT_MINOR',	'TERRAIN_SNOW_MOUNTAIN',	3	),
		('CIVILIZATION_IPG_TOUSSAINT_MINOR',	'TERRAIN_TUNDRA_MOUNTAIN',	3	),
		('CIVILIZATION_IPG_TOUSSAINT_MINOR',	'TERRAIN_DESERT_MOUNTAIN',	3	),
		('CIVILIZATION_IPG_GEMMERA_MINOR',		'TERRAIN_PLAINS',			1	),
		('CIVILIZATION_IPG_GEMMERA_MINOR',		'TERRAIN_GRASS',			2	);

INSERT INTO	StartBiasRivers
		(CivilizationType,						Tier	)
VALUES	('CIVILIZATION_IPG_NILFGAARD',			2		),
		('CIVILIZATION_IPG_TOUSSAINT_MINOR',	1		),
		('CIVILIZATION_IPG_VICOVARO_MINOR',		2		);

INSERT INTO StartBiasResources
		(CivilizationType,						ResourceType,				Tier	)
VALUES	('CIVILIZATION_IPG_METINNA_MINOR',		'RESOURCE_HORSES',			1		),
		('CIVILIZATION_IPG_METINNA_MINOR',		'RESOURCE_WINE',			3		),
		('CIVILIZATION_IPG_TOUSSAINT_MINOR',	'RESOURCE_WINE',			1		),
		('CIVILIZATION_IPG_NILFGAARD',			'RESOURCE_IRON',			3		),
		('CIVILIZATION_IPG_NILFGAARD',			'RESOURCE_NITER',			3		);
-----------------------------------------------
-- Religions
-----------------------------------------------
INSERT INTO Religions
		(ReligionType,				Name,							IconString,		Pantheon,	RequiresCustomName,	Color)
VALUES	('RELIGION_IPG_ARD_FEAINN',	'LOC_RELIGION_IPG_ARD_FEAINN',	'Ar',			0,			0,					'COLOR_RELIGION_IPG_ARD_FEAINN');
-----------------------------------------------
-- FavoredReligions
-----------------------------------------------
INSERT INTO FavoredReligions
		(CivilizationType,					ReligionType			)
VALUES	('CIVILIZATION_IPG_NILFGAARD',		'RELIGION_IPG_ARD_FEAINN'	);
-----------------------------------------------
-- Colors
-----------------------------------------------
INSERT INTO Colors
   		(Type,								Color			)
VALUES	('COLOR_RELIGION_IPG_ARD_FEAINN',	'252,199,53,255');