-- UC_CSB_PP_Trade
-- Author: JNR
--------------------------------------------------------------

-- Delete Old Bonuses
--------------------------------------------------------------
DELETE FROM TraitModifiers WHERE ModifierId='MINOR_CIV_TRADE_SMALL_INFLUENCE_BONUS_PAPAL_PRIMACY';
DELETE FROM TraitModifiers WHERE ModifierId='MINOR_CIV_TRADE_MEDIUM_INFLUENCE_BONUS_PAPAL_PRIMACY';
DELETE FROM TraitModifiers WHERE ModifierId='MINOR_CIV_TRADE_LARGE_INFLUENCE_BONUS_PAPAL_PRIMACY';

DELETE FROM Modifiers WHERE ModifierId='MINOR_CIV_TRADE_SMALL_INFLUENCE_BONUS_PAPAL_PRIMACY';
DELETE FROM Modifiers WHERE ModifierId='MINOR_CIV_TRADE_MEDIUM_INFLUENCE_BONUS_PAPAL_PRIMACY';
DELETE FROM Modifiers WHERE ModifierId='MINOR_CIV_TRADE_LARGE_INFLUENCE_BONUS_PAPAL_PRIMACY';
--------------------------------------------------------------

-- Modifiers
--------------------------------------------------------------
INSERT OR IGNORE INTO Modifiers
		(ModifierId,																ModifierType,														SubjectRequirementSetId)
VALUES	('MINOR_CIV_TRADE_SMALL_INFLUENCE_ETHIOPIA_PAPAL_PRIMACY_JNR_CSB',			'MODIFIER_ALL_PLAYERS_ATTACH_MODIFIER',								'PLAYER_HAS_SMALL_INFLUENCE_AND_PAPAL_PRIMACY'),
		('MINOR_CIV_TRADE_SMALL_INFLUENCE_LIGHTHOUSE_PAPAL_PRIMACY_JNR_CSB',		'MODIFIER_ALL_PLAYERS_ATTACH_MODIFIER',								'PLAYER_HAS_SMALL_INFLUENCE_AND_PAPAL_PRIMACY'),
		('MINOR_CIV_TRADE_MEDIUM_INFLUENCE_BANK_PAPAL_PRIMACY_JNR_CSB',				'MODIFIER_ALL_PLAYERS_ATTACH_MODIFIER',								'PLAYER_HAS_MEDIUM_INFLUENCE_AND_PAPAL_PRIMACY'),
		('MINOR_CIV_TRADE_MEDIUM_INFLUENCE_SHIPYARD_PAPAL_PRIMACY_JNR_CSB',			'MODIFIER_ALL_PLAYERS_ATTACH_MODIFIER',								'PLAYER_HAS_MEDIUM_INFLUENCE_AND_PAPAL_PRIMACY'),
		('MINOR_CIV_TRADE_LARGE_INFLUENCE_STOCK_EXCHANGE_PAPAL_PRIMACY_JNR_CSB',	'MODIFIER_ALL_PLAYERS_ATTACH_MODIFIER',								'PLAYER_HAS_LARGE_INFLUENCE_AND_PAPAL_PRIMACY'),
		('MINOR_CIV_TRADE_LARGE_INFLUENCE_SEAPORT_PAPAL_PRIMACY_JNR_CSB',			'MODIFIER_ALL_PLAYERS_ATTACH_MODIFIER',								'PLAYER_HAS_LARGE_INFLUENCE_AND_PAPAL_PRIMACY'),

		('MINOR_CIV_TRADE_YIELD_FOR_MARKET_ETHIOPIA_PAPAL_PRIMACY_JNR_CSB',			'MODIFIER_JNR_PLAYER_CAPITAL_CITY_ADJUST_BUILDING_YIELD_CHANGE',	NULL),
		('MINOR_CIV_TRADE_YIELD_FOR_LIGHTHOUSE_ETHIOPIA_PAPAL_PRIMACY_JNR_CSB',		'MODIFIER_JNR_PLAYER_CAPITAL_CITY_ADJUST_BUILDING_YIELD_CHANGE',	NULL),
		('MINOR_CIV_TRADE_YIELD_FOR_BANK_ETHIOPIA_PAPAL_PRIMACY_JNR_CSB',			'MODIFIER_JNR_PLAYER_CAPITAL_CITY_ADJUST_BUILDING_YIELD_CHANGE',	NULL),
		('MINOR_CIV_TRADE_YIELD_FOR_SHIPYARD_ETHIOPIA_PAPAL_PRIMACY_JNR_CSB',		'MODIFIER_JNR_PLAYER_CAPITAL_CITY_ADJUST_BUILDING_YIELD_CHANGE',	NULL),
		('MINOR_CIV_TRADE_YIELD_FOR_STOCK_EXCHANGE_PAPAL_PRIMACY_JNR_CSB',			'MODIFIER_JNR_PLAYER_CAPITAL_CITY_ADJUST_BUILDING_YIELD_CHANGE',	NULL),
		('MINOR_CIV_TRADE_YIELD_FOR_SEAPORT_PAPAL_PRIMACY_JNR_CSB',					'MODIFIER_JNR_PLAYER_CAPITAL_CITY_ADJUST_BUILDING_YIELD_CHANGE',	NULL);
--------------------------------------------------------------

-- ModifierArguments
--------------------------------------------------------------
INSERT OR IGNORE INTO ModifierArguments
		(ModifierId,																Name,				Value)
VALUES	('MINOR_CIV_TRADE_SMALL_INFLUENCE_ETHIOPIA_PAPAL_PRIMACY_JNR_CSB',			'ModifierId',		'MINOR_CIV_TRADE_YIELD_FOR_MARKET_ETHIOPIA_PAPAL_PRIMACY_JNR_CSB'),
		('MINOR_CIV_TRADE_SMALL_INFLUENCE_LIGHTHOUSE_PAPAL_PRIMACY_JNR_CSB',		'ModifierId',		'MINOR_CIV_TRADE_YIELD_FOR_LIGHTHOUSE_ETHIOPIA_PAPAL_PRIMACY_JNR_CSB'),
		('MINOR_CIV_TRADE_MEDIUM_INFLUENCE_BANK_PAPAL_PRIMACY_JNR_CSB',				'ModifierId',		'MINOR_CIV_TRADE_YIELD_FOR_BANK_ETHIOPIA_PAPAL_PRIMACY_JNR_CSB'),
		('MINOR_CIV_TRADE_MEDIUM_INFLUENCE_SHIPYARD_PAPAL_PRIMACY_JNR_CSB',			'ModifierId',		'MINOR_CIV_TRADE_YIELD_FOR_SHIPYARD_ETHIOPIA_PAPAL_PRIMACY_JNR_CSB'),
		('MINOR_CIV_TRADE_LARGE_INFLUENCE_STOCK_EXCHANGE_PAPAL_PRIMACY_JNR_CSB',	'ModifierId',		'MINOR_CIV_TRADE_YIELD_FOR_STOCK_EXCHANGE_PAPAL_PRIMACY_JNR_CSB'),
		('MINOR_CIV_TRADE_LARGE_INFLUENCE_SEAPORT_PAPAL_PRIMACY_JNR_CSB',			'ModifierId',		'MINOR_CIV_TRADE_YIELD_FOR_SEAPORT_PAPAL_PRIMACY_JNR_CSB'),

		('MINOR_CIV_TRADE_YIELD_FOR_MARKET_ETHIOPIA_PAPAL_PRIMACY_JNR_CSB',			'YieldType',		'YIELD_GOLD'),
		('MINOR_CIV_TRADE_YIELD_FOR_MARKET_ETHIOPIA_PAPAL_PRIMACY_JNR_CSB',			'Amount',			2),
		('MINOR_CIV_TRADE_YIELD_FOR_MARKET_ETHIOPIA_PAPAL_PRIMACY_JNR_CSB',			'BuildingType',		'BUILDING_MARKET'),
		('MINOR_CIV_TRADE_YIELD_FOR_MARKET_ETHIOPIA_PAPAL_PRIMACY_JNR_CSB',			'CityStatesOnly',	'true'),

		('MINOR_CIV_TRADE_YIELD_FOR_LIGHTHOUSE_ETHIOPIA_PAPAL_PRIMACY_JNR_CSB',		'YieldType',		'YIELD_GOLD'),
		('MINOR_CIV_TRADE_YIELD_FOR_LIGHTHOUSE_ETHIOPIA_PAPAL_PRIMACY_JNR_CSB',		'Amount',			2),
		('MINOR_CIV_TRADE_YIELD_FOR_LIGHTHOUSE_ETHIOPIA_PAPAL_PRIMACY_JNR_CSB',		'BuildingType',		'BUILDING_LIGHTHOUSE'),
		('MINOR_CIV_TRADE_YIELD_FOR_LIGHTHOUSE_ETHIOPIA_PAPAL_PRIMACY_JNR_CSB',		'CityStatesOnly',	'true'),

		('MINOR_CIV_TRADE_YIELD_FOR_BANK_ETHIOPIA_PAPAL_PRIMACY_JNR_CSB',			'YieldType',		'YIELD_GOLD'),
		('MINOR_CIV_TRADE_YIELD_FOR_BANK_ETHIOPIA_PAPAL_PRIMACY_JNR_CSB',			'Amount',			4),
		('MINOR_CIV_TRADE_YIELD_FOR_BANK_ETHIOPIA_PAPAL_PRIMACY_JNR_CSB',			'BuildingType',		'BUILDING_BANK'),
		('MINOR_CIV_TRADE_YIELD_FOR_BANK_ETHIOPIA_PAPAL_PRIMACY_JNR_CSB',			'CityStatesOnly',	'true'),

		('MINOR_CIV_TRADE_YIELD_FOR_SHIPYARD_ETHIOPIA_PAPAL_PRIMACY_JNR_CSB',		'YieldType',		'YIELD_GOLD'),
		('MINOR_CIV_TRADE_YIELD_FOR_SHIPYARD_ETHIOPIA_PAPAL_PRIMACY_JNR_CSB',		'Amount',			4),
		('MINOR_CIV_TRADE_YIELD_FOR_SHIPYARD_ETHIOPIA_PAPAL_PRIMACY_JNR_CSB',		'BuildingType',		'BUILDING_SHIPYARD'),
		('MINOR_CIV_TRADE_YIELD_FOR_SHIPYARD_ETHIOPIA_PAPAL_PRIMACY_JNR_CSB',		'CityStatesOnly',	'true'),

		('MINOR_CIV_TRADE_YIELD_FOR_STOCK_EXCHANGE_PAPAL_PRIMACY_JNR_CSB',			'YieldType',		'YIELD_GOLD'),
		('MINOR_CIV_TRADE_YIELD_FOR_STOCK_EXCHANGE_PAPAL_PRIMACY_JNR_CSB',			'Amount',			6),
		('MINOR_CIV_TRADE_YIELD_FOR_STOCK_EXCHANGE_PAPAL_PRIMACY_JNR_CSB',			'BuildingType',		'BUILDING_STOCK_EXCHANGE'),
		('MINOR_CIV_TRADE_YIELD_FOR_STOCK_EXCHANGE_PAPAL_PRIMACY_JNR_CSB',			'CityStatesOnly',	'true'),

		('MINOR_CIV_TRADE_YIELD_FOR_SEAPORT_PAPAL_PRIMACY_JNR_CSB',					'YieldType',		'YIELD_GOLD'),
		('MINOR_CIV_TRADE_YIELD_FOR_SEAPORT_PAPAL_PRIMACY_JNR_CSB',					'Amount',			6),
		('MINOR_CIV_TRADE_YIELD_FOR_SEAPORT_PAPAL_PRIMACY_JNR_CSB',					'BuildingType',		'BUILDING_SEAPORT'),
		('MINOR_CIV_TRADE_YIELD_FOR_SEAPORT_PAPAL_PRIMACY_JNR_CSB',					'CityStatesOnly',	'true');
--------------------------------------------------------------

-- TraitModifiers
--------------------------------------------------------------
INSERT OR IGNORE INTO TraitModifiers
		(TraitType,					ModifierId)
VALUES	('MINOR_CIV_TRADE_TRAIT',	'MINOR_CIV_TRADE_SMALL_INFLUENCE_ETHIOPIA_PAPAL_PRIMACY_JNR_CSB'),
		('MINOR_CIV_TRADE_TRAIT',	'MINOR_CIV_TRADE_SMALL_INFLUENCE_LIGHTHOUSE_PAPAL_PRIMACY_JNR_CSB'),
		('MINOR_CIV_TRADE_TRAIT',	'MINOR_CIV_TRADE_MEDIUM_INFLUENCE_BANK_PAPAL_PRIMACY_JNR_CSB'),
		('MINOR_CIV_TRADE_TRAIT',	'MINOR_CIV_TRADE_MEDIUM_INFLUENCE_SHIPYARD_PAPAL_PRIMACY_JNR_CSB'),
		('MINOR_CIV_TRADE_TRAIT',	'MINOR_CIV_TRADE_LARGE_INFLUENCE_STOCK_EXCHANGE_PAPAL_PRIMACY_JNR_CSB'),
		('MINOR_CIV_TRADE_TRAIT',	'MINOR_CIV_TRADE_LARGE_INFLUENCE_SEAPORT_PAPAL_PRIMACY_JNR_CSB');
--------------------------------------------------------------