-- UC_CSB_PP_Scientific
-- Author: JNR
--------------------------------------------------------------

-- Delete Old Bonuses
--------------------------------------------------------------
DELETE FROM TraitModifiers WHERE ModifierId='MINOR_CIV_SCIENTIFIC_SMALL_INFLUENCE_BONUS_PAPAL_PRIMACY';
DELETE FROM TraitModifiers WHERE ModifierId='MINOR_CIV_SCIENTIFIC_MEDIUM_INFLUENCE_BONUS_PAPAL_PRIMACY';
DELETE FROM TraitModifiers WHERE ModifierId='MINOR_CIV_SCIENTIFIC_LARGE_INFLUENCE_BONUS_PAPAL_PRIMACY';

DELETE FROM Modifiers WHERE ModifierId='MINOR_CIV_SCIENTIFIC_SMALL_INFLUENCE_BONUS_PAPAL_PRIMACY';
DELETE FROM Modifiers WHERE ModifierId='MINOR_CIV_SCIENTIFIC_MEDIUM_INFLUENCE_BONUS_PAPAL_PRIMACY';
DELETE FROM Modifiers WHERE ModifierId='MINOR_CIV_SCIENTIFIC_LARGE_INFLUENCE_BONUS_PAPAL_PRIMACY';
--------------------------------------------------------------

-- Modifiers
--------------------------------------------------------------
INSERT OR IGNORE INTO Modifiers
		(ModifierId,																	ModifierType,														SubjectRequirementSetId)
VALUES	('MINOR_CIV_SCIENTIFIC_SMALL_INFLUENCE_ETHIOPIA_PAPAL_PRIMACY_JNR_CSB',			'MODIFIER_ALL_PLAYERS_ATTACH_MODIFIER',								'PLAYER_HAS_SMALL_INFLUENCE_AND_PAPAL_PRIMACY'),
		('MINOR_CIV_SCIENTIFIC_MEDIUM_INFLUENCE_UNIVERSITY_PAPAL_PRIMACY_JNR_CSB',		'MODIFIER_ALL_PLAYERS_ATTACH_MODIFIER',								'PLAYER_HAS_MEDIUM_INFLUENCE_AND_PAPAL_PRIMACY'),
		('MINOR_CIV_SCIENTIFIC_LARGE_INFLUENCE_RESEARCH_LAB_PAPAL_PRIMACY_JNR_CSB',		'MODIFIER_ALL_PLAYERS_ATTACH_MODIFIER',								'PLAYER_HAS_LARGE_INFLUENCE_AND_PAPAL_PRIMACY'),

		('MINOR_CIV_SCIENTIFIC_YIELD_FOR_LIBRARY_ETHIOPIA_PAPAL_PRIMACY_JNR_CSB',		'MODIFIER_JNR_PLAYER_CAPITAL_CITY_ADJUST_BUILDING_YIELD_CHANGE',	NULL),
		('MINOR_CIV_SCIENTIFIC_YIELD_FOR_UNIVERSITY_ETHIOPIA_PAPAL_PRIMACY_JNR_CSB',	'MODIFIER_JNR_PLAYER_CAPITAL_CITY_ADJUST_BUILDING_YIELD_CHANGE',	NULL),
		('MINOR_CIV_SCIENTIFIC_YIELD_FOR_RESEARCH_LAB_PAPAL_PRIMACY_JNR_CSB',			'MODIFIER_JNR_PLAYER_CAPITAL_CITY_ADJUST_BUILDING_YIELD_CHANGE',	NULL);
--------------------------------------------------------------

-- ModifierArguments
--------------------------------------------------------------
INSERT OR IGNORE INTO ModifierArguments
		(ModifierId,											Name,					Value)
VALUES	('MINOR_CIV_SCIENTIFIC_SMALL_INFLUENCE_ETHIOPIA_PAPAL_PRIMACY_JNR_CSB',			'ModifierId',		'MINOR_CIV_SCIENTIFIC_YIELD_FOR_LIBRARY_ETHIOPIA_PAPAL_PRIMACY_JNR_CSB'),
		('MINOR_CIV_SCIENTIFIC_MEDIUM_INFLUENCE_UNIVERSITY_PAPAL_PRIMACY_JNR_CSB',		'ModifierId',		'MINOR_CIV_SCIENTIFIC_YIELD_FOR_UNIVERSITY_ETHIOPIA_PAPAL_PRIMACY_JNR_CSB'),
		('MINOR_CIV_SCIENTIFIC_LARGE_INFLUENCE_RESEARCH_LAB_PAPAL_PRIMACY_JNR_CSB',		'ModifierId',		'MINOR_CIV_SCIENTIFIC_YIELD_FOR_RESEARCH_LAB_PAPAL_PRIMACY_JNR_CSB'),

		('MINOR_CIV_SCIENTIFIC_YIELD_FOR_LIBRARY_ETHIOPIA_PAPAL_PRIMACY_JNR_CSB',		'YieldType',		'YIELD_SCIENCE'),
		('MINOR_CIV_SCIENTIFIC_YIELD_FOR_LIBRARY_ETHIOPIA_PAPAL_PRIMACY_JNR_CSB',		'Amount',			2),
		('MINOR_CIV_SCIENTIFIC_YIELD_FOR_LIBRARY_ETHIOPIA_PAPAL_PRIMACY_JNR_CSB',		'BuildingType',		'BUILDING_LIBRARY'),
		('MINOR_CIV_SCIENTIFIC_YIELD_FOR_LIBRARY_ETHIOPIA_PAPAL_PRIMACY_JNR_CSB',		'CityStatesOnly',	'true'),

		('MINOR_CIV_SCIENTIFIC_YIELD_FOR_UNIVERSITY_ETHIOPIA_PAPAL_PRIMACY_JNR_CSB',	'YieldType',		'YIELD_SCIENCE'),
		('MINOR_CIV_SCIENTIFIC_YIELD_FOR_UNIVERSITY_ETHIOPIA_PAPAL_PRIMACY_JNR_CSB',	'Amount',			4),
		('MINOR_CIV_SCIENTIFIC_YIELD_FOR_UNIVERSITY_ETHIOPIA_PAPAL_PRIMACY_JNR_CSB',	'BuildingType',		'BUILDING_UNIVERSITY'),
		('MINOR_CIV_SCIENTIFIC_YIELD_FOR_UNIVERSITY_ETHIOPIA_PAPAL_PRIMACY_JNR_CSB',	'CityStatesOnly',	'true'),

		('MINOR_CIV_SCIENTIFIC_YIELD_FOR_RESEARCH_LAB_PAPAL_PRIMACY_JNR_CSB',			'YieldType',		'YIELD_SCIENCE'),
		('MINOR_CIV_SCIENTIFIC_YIELD_FOR_RESEARCH_LAB_PAPAL_PRIMACY_JNR_CSB',			'Amount',			6),
		('MINOR_CIV_SCIENTIFIC_YIELD_FOR_RESEARCH_LAB_PAPAL_PRIMACY_JNR_CSB',			'BuildingType',		'BUILDING_RESEARCH_LAB'),
		('MINOR_CIV_SCIENTIFIC_YIELD_FOR_RESEARCH_LAB_PAPAL_PRIMACY_JNR_CSB',			'CityStatesOnly',	'true');
--------------------------------------------------------------

-- TraitModifiers
--------------------------------------------------------------
INSERT OR IGNORE INTO TraitModifiers
		(TraitType,						ModifierId)
VALUES	('MINOR_CIV_SCIENTIFIC_TRAIT',	'MINOR_CIV_SCIENTIFIC_SMALL_INFLUENCE_ETHIOPIA_PAPAL_PRIMACY_JNR_CSB'),
		('MINOR_CIV_SCIENTIFIC_TRAIT',	'MINOR_CIV_SCIENTIFIC_MEDIUM_INFLUENCE_UNIVERSITY_PAPAL_PRIMACY_JNR_CSB'),
		('MINOR_CIV_SCIENTIFIC_TRAIT',	'MINOR_CIV_SCIENTIFIC_LARGE_INFLUENCE_RESEARCH_LAB_PAPAL_PRIMACY_JNR_CSB');
--------------------------------------------------------------