-- UC_CSB_PP_Militaristic
-- Author: JNR
--------------------------------------------------------------

-- Delete Old Bonuses
--------------------------------------------------------------
DELETE FROM TraitModifiers WHERE ModifierId='MINOR_CIV_MILITARISTIC_SMALL_INFLUENCE_BONUS_PAPAL_PRIMACY';
DELETE FROM TraitModifiers WHERE ModifierId='MINOR_CIV_MILITARISTIC_MEDIUM_INFLUENCE_BONUS_PAPAL_PRIMACY';
DELETE FROM TraitModifiers WHERE ModifierId='MINOR_CIV_MILITARISTIC_LARGE_INFLUENCE_BONUS_PAPAL_PRIMACY';

DELETE FROM Modifiers WHERE ModifierId='MINOR_CIV_MILITARISTIC_SMALL_INFLUENCE_BONUS_PAPAL_PRIMACY';
DELETE FROM Modifiers WHERE ModifierId='MINOR_CIV_MILITARISTIC_MEDIUM_INFLUENCE_BONUS_PAPAL_PRIMACY';
DELETE FROM Modifiers WHERE ModifierId='MINOR_CIV_MILITARISTIC_LARGE_INFLUENCE_BONUS_PAPAL_PRIMACY';
--------------------------------------------------------------

-- Requirements
--------------------------------------------------------------
INSERT OR IGNORE INTO Requirements
		(RequirementId,							RequirementType)
VALUES	('REQUIRES_CITY_HAS_BARRACKS_ETHIOPIA',	'REQUIREMENT_CITY_HAS_BUILDING'),
		('REQUIRES_CITY_HAS_STABLE_ETHIOPIA',	'REQUIREMENT_CITY_HAS_BUILDING'),
		('REQUIRES_CITY_HAS_ARMORY_ETHIOPIA',	'REQUIREMENT_CITY_HAS_BUILDING');
--------------------------------------------------------------

-- RequirementArguments
--------------------------------------------------------------
INSERT OR IGNORE INTO RequirementArguments
		(RequirementId,							Name,			Value)
VALUES	('REQUIRES_CITY_HAS_BARRACKS_ETHIOPIA',	'BuildingType',	'BUILDING_BARRACKS'),
		('REQUIRES_CITY_HAS_STABLE_ETHIOPIA',	'BuildingType',	'BUILDING_STABLE'),
		('REQUIRES_CITY_HAS_ARMORY_ETHIOPIA',	'BuildingType',	'BUILDING_ARMORY');
--------------------------------------------------------------

-- RequirementSetRequirements
--------------------------------------------------------------
INSERT OR IGNORE INTO RequirementSetRequirements
		(RequirementSetId,							RequirementId)
VALUES	('BUILDING_IS_BARRACKS_STABLE_ETHIOPIA',	'REQUIRES_CITY_HAS_BARRACKS_ETHIOPIA'),
		('BUILDING_IS_BARRACKS_STABLE_ETHIOPIA',	'REQUIRES_CITY_HAS_STABLE_ETHIOPIA'),
		('BUILDING_IS_ARMORY_ETHIOPIA',				'REQUIRES_CITY_HAS_ARMORY_ETHIOPIA'),
		('BUILDING_IS_MILITARY_ACADEMY_ETHIOPIA',	'REQUIRES_CITY_HAS_MILITARY_ACADEMY');
--------------------------------------------------------------

-- RequirementSets
--------------------------------------------------------------
INSERT OR IGNORE INTO RequirementSets
		(RequirementSetId,							RequirementSetType)
VALUES	('BUILDING_IS_BARRACKS_STABLE_ETHIOPIA',	'REQUIREMENTSET_TEST_ANY'),
		('BUILDING_IS_ARMORY_ETHIOPIA',				'REQUIREMENTSET_TEST_ALL'),
		('BUILDING_IS_MILITARY_ACADEMY_ETHIOPIA',	'REQUIREMENTSET_TEST_ALL');
--------------------------------------------------------------

-- Modifiers
--------------------------------------------------------------
INSERT OR IGNORE INTO Modifiers
		(ModifierId,																				ModifierType,											SubjectRequirementSetId)
VALUES	('MINOR_CIV_MILITARISTIC_SMALL_INFLUENCE_ETHIOPIA_PAPAL_PRIMACY_JNR_CSB',					'MODIFIER_ALL_PLAYERS_ATTACH_MODIFIER',					'PLAYER_HAS_SMALL_INFLUENCE_AND_PAPAL_PRIMACY'),
		('MINOR_CIV_MILITARISTIC_MEDIUM_INFLUENCE_ARMORY_PAPAL_PRIMACY_JNR_CSB',					'MODIFIER_ALL_PLAYERS_ATTACH_MODIFIER',					'PLAYER_HAS_MEDIUM_INFLUENCE_AND_PAPAL_PRIMACY'),
		('MINOR_CIV_MILITARISTIC_LARGE_INFLUENCE_MILITARY_ACADEMY_PAPAL_PRIMACY_JNR_CSB',			'MODIFIER_ALL_PLAYERS_ATTACH_MODIFIER',					'PLAYER_HAS_LARGE_INFLUENCE_AND_PAPAL_PRIMACY'),

		('MINOR_CIV_MILITARISTIC_PRODUCTION_FOR_BARRACKS_STABLE_ETHIOPIA_PAPAL_PRIMACY_JNR_CSB',	'MODIFIER_PLAYER_CAPITAL_CITY_ADJUST_UNIT_PRODUCTION',	'BUILDING_IS_BARRACKS_STABLE_ETHIOPIA'),
		('MINOR_CIV_MILITARISTIC_PRODUCTION_FOR_ARMORY_ETHIOPIA_PAPAL_PRIMACY_JNR_CSB',				'MODIFIER_PLAYER_CAPITAL_CITY_ADJUST_UNIT_PRODUCTION',	'BUILDING_IS_ARMORY_ETHIOPIA'),
		('MINOR_CIV_MILITARISTIC_PRODUCTION_FOR_MILITARY_ACADEMY_ETHIOPIA_PAPAL_PRIMACY_JNR_CSB',	'MODIFIER_PLAYER_CAPITAL_CITY_ADJUST_UNIT_PRODUCTION',	'BUILDING_IS_MILITARY_ACADEMY_ETHIOPIA');
--------------------------------------------------------------

-- ModifierArguments
--------------------------------------------------------------
INSERT OR IGNORE INTO ModifierArguments
		(ModifierId,																				Name,			Value)
VALUES	('MINOR_CIV_MILITARISTIC_SMALL_INFLUENCE_ETHIOPIA_PAPAL_PRIMACY_JNR_CSB',					'ModifierId',	'MINOR_CIV_MILITARISTIC_PRODUCTION_FOR_BARRACKS_STABLE_ETHIOPIA_PAPAL_PRIMACY_JNR_CSB'),
		('MINOR_CIV_MILITARISTIC_MEDIUM_INFLUENCE_ARMORY_PAPAL_PRIMACY_JNR_CSB',					'ModifierId',	'MINOR_CIV_MILITARISTIC_PRODUCTION_FOR_ARMORY_ETHIOPIA_PAPAL_PRIMACY_JNR_CSB'),
		('MINOR_CIV_MILITARISTIC_LARGE_INFLUENCE_MILITARY_ACADEMY_PAPAL_PRIMACY_JNR_CSB',			'ModifierId',	'MINOR_CIV_MILITARISTIC_PRODUCTION_FOR_MILITARY_ACADEMY_ETHIOPIA_PAPAL_PRIMACY_JNR_CSB'),

		('MINOR_CIV_MILITARISTIC_PRODUCTION_FOR_BARRACKS_STABLE_ETHIOPIA_PAPAL_PRIMACY_JNR_CSB',	'Amount',		1),
		('MINOR_CIV_MILITARISTIC_PRODUCTION_FOR_ARMORY_ETHIOPIA_PAPAL_PRIMACY_JNR_CSB',				'Amount',		2),
		('MINOR_CIV_MILITARISTIC_PRODUCTION_FOR_MILITARY_ACADEMY_ETHIOPIA_PAPAL_PRIMACY_JNR_CSB',	'Amount',		3);
--------------------------------------------------------------

-- TraitModifiers
--------------------------------------------------------------
INSERT OR IGNORE INTO TraitModifiers
		(TraitType,						ModifierId)
VALUES	('MINOR_CIV_MILITARISTIC_TRAIT',	'MINOR_CIV_MILITARISTIC_SMALL_INFLUENCE_ETHIOPIA_PAPAL_PRIMACY_JNR_CSB'),
		('MINOR_CIV_MILITARISTIC_TRAIT',	'MINOR_CIV_MILITARISTIC_MEDIUM_INFLUENCE_ARMORY_PAPAL_PRIMACY_JNR_CSB'),
		('MINOR_CIV_MILITARISTIC_TRAIT',	'MINOR_CIV_MILITARISTIC_LARGE_INFLUENCE_MILITARY_ACADEMY_PAPAL_PRIMACY_JNR_CSB');
--------------------------------------------------------------