/*
	Leader Unique Ability
	Author: iPLayGamesITA
	Original template by: MC
	Thanks to everyone in the Civ VI Modding Helpline Discord Server!
*/

INSERT INTO Types
		(Type,											Kind			)
VALUES	('TRAIT_LEADER_JARL_OF_AN_SKELLIG',				'KIND_TRAIT'	),
		('SKELLIGE_TRADE_ROUTE_PLUNDER_IMMUNITY_SEA',	'KIND_ABILITY'	),
		('MINOR_CIV_IPG_CINTRA_MINOR_TRAIT',			'KIND_TRAIT'	),
		('MINOR_CIV_IPG_KERACK_MINOR_TRAIT',			'KIND_TRAIT'	),
		('MINOR_CIV_IPG_BREMERVOORD_MINOR_TRAIT',		'KIND_TRAIT'	),
		('ABILITY_KERACK_MINOR_NAVAL_VICTORY_GOLD',		'KIND_ABILITY'	);

INSERT INTO TypeTags
		(Type,											Tag						)
VALUES	('SKELLIGE_TRADE_ROUTE_PLUNDER_IMMUNITY_SEA',	'CLASS_TRADER'			),
		('ABILITY_KERACK_MINOR_NAVAL_VICTORY_GOLD',		'CLASS_NAVAL_MELEE'		),
		('ABILITY_KERACK_MINOR_NAVAL_VICTORY_GOLD',		'CLASS_NAVAL_RANGED'	),
		('ABILITY_KERACK_MINOR_NAVAL_VICTORY_GOLD',		'CLASS_NAVAL_RAIDER'	),
		('ABILITY_KERACK_MINOR_NAVAL_VICTORY_GOLD',		'CLASS_NAVAL_CARRIER'	);

INSERT INTO	Traits
		(TraitType,									Name,												Description												)
VALUES	('TRAIT_LEADER_JARL_OF_AN_SKELLIG',			'LOC_TRAIT_LEADER_JARL_OF_AN_SKELLIG_NAME',			'LOC_TRAIT_LEADER_JARL_OF_AN_SKELLIG_DESCRIPTION'		),
		('MINOR_CIV_IPG_CINTRA_MINOR_TRAIT',		'LOC_MINOR_CIV_IPG_CINTRA_MINOR_TRAIT_NAME',		'LOC_MINOR_CIV_IPG_CINTRA_MINOR_TRAIT_DESCRIPTION'		),
		('MINOR_CIV_IPG_KERACK_MINOR_TRAIT',		'LOC_MINOR_CIV_IPG_KERACK_MINOR_TRAIT_NAME',		'LOC_MINOR_CIV_IPG_KERACK_MINOR_TRAIT_DESCRIPTION'		),
		('MINOR_CIV_IPG_BREMERVOORD_MINOR_TRAIT',	'LOC_MINOR_CIV_IPG_BREMERVOORD_MINOR_TRAIT_NAME',	'LOC_MINOR_CIV_IPG_BREMERVOORD_MINOR_TRAIT_DESCRIPTION'	);

INSERT INTO UnitAbilities
		(UnitAbilityType,								Name,													Description,													Inactive	)
VALUES	('SKELLIGE_TRADE_ROUTE_PLUNDER_IMMUNITY_SEA',	'LOC_SKELLIGE_TRADE_ROUTE_PLUNDER_IMMUNITY_SEA_NAME',	'LOC_SKELLIGE_TRADE_ROUTE_PLUNDER_IMMUNITY_SEA_DESCRIPTION',	1			),
		('ABILITY_KERACK_MINOR_NAVAL_VICTORY_GOLD',		null,													'LOC_MINOR_CIV_IPG_KERACK_MINOR_TRAIT_DESCRIPTION',				1			);

INSERT INTO	LeaderTraits
		(LeaderType,							TraitType							)
VALUES	('LEADER_IPG_BRAN',						'TRAIT_LEADER_JARL_OF_AN_SKELLIG'	),
		('LEADER_IPG_BRAN',						'TRAIT_LEADER_EXPANSIONIST'			),
		('LEADER_MINOR_CIV_IPG_CINTRA_MINOR',	'MINOR_CIV_IPG_CINTRA_MINOR_TRAIT'	),
		('LEADER_MINOR_CIV_IPG_KERACK_MINOR',	'MINOR_CIV_IPG_KERACK_MINOR_TRAIT'	),
		('LEADER_MINOR_CIV_IPG_BREMERVOORD_MINOR',	'MINOR_CIV_IPG_BREMERVOORD_MINOR_TRAIT'	);

INSERT INTO TraitModifiers 
		(TraitType,								ModifierId										)
VALUES	('TRAIT_LEADER_JARL_OF_AN_SKELLIG',		'SKELLIGE_DISTRICT_PRODUCTION_COASTAL_GRANT'	),
		('TRAIT_LEADER_JARL_OF_AN_SKELLIG',		'SKELLIGE_TRADER_PLUNDER_IMMUNITY_GRANT'		),
		('TRAIT_LEADER_JARL_OF_AN_SKELLIG',		'SKELLIGE_SCIENCE_FROM_INTERNATIONAL_TRADE'		),
		('TRAIT_LEADER_JARL_OF_AN_SKELLIG',		'SKELLIGE_CULTURE_FROM_INTERNATIONAL_TRADE'		),
		('TRAIT_LEADER_JARL_OF_AN_SKELLIG',		'SKELLIGE_SCIENCE_FROM_INCOMING_TRADE'			),
		('TRAIT_LEADER_JARL_OF_AN_SKELLIG',		'SKELLIGE_CULTURE_FROM_INCOMING_TRADE'			),
		('TRAIT_LEADER_JARL_OF_AN_SKELLIG',		'SKELLIGE_ALLIANCE_POINTS_FROM_COMMON_FOE'		),
		
		('MINOR_CIV_IPG_CINTRA_MINOR_TRAIT',		'MINOR_CIV_IPG_CINTRA_MINOR_UNIQUE_INFLUENCE_BONUS'),		
		('MINOR_CIV_IPG_KERACK_MINOR_TRAIT',		'MINOR_CIV_IPG_KERACK_MINOR_UNIQUE_INFLUENCE_BONUS'),
		('MINOR_CIV_IPG_BREMERVOORD_MINOR_TRAIT',	'MINOR_CIV_IPG_BREMERVOORD_MINOR_UNIQUE_INFLUENCE_BONUS_1'),
		('MINOR_CIV_IPG_BREMERVOORD_MINOR_TRAIT',	'MINOR_CIV_IPG_BREMERVOORD_MINOR_UNIQUE_INFLUENCE_BONUS_2');
		
INSERT INTO UnitAbilityModifiers
		(UnitAbilityType,								ModifierId							)
VALUES	('SKELLIGE_TRADE_ROUTE_PLUNDER_IMMUNITY_SEA',	'SKELLIGE_TRADER_PLUNDER_IMMUNITY'	),
		('ABILITY_KERACK_MINOR_NAVAL_VICTORY_GOLD',		'KERACK_MINOR_GOLD_NAVAL_VICTORY'	);


INSERT INTO Modifiers
		(ModifierId,												ModifierType,													SubjectRequirementSetID				)
VALUES	('SKELLIGE_DISTRICT_PRODUCTION_COASTAL_GRANT',				'MODIFIER_PLAYER_CITIES_ATTACH_MODIFIER',						null		),
		('SKELLIGE_DISTRICT_PRODUCTION_COASTAL',					'MODIFIER_SINGLE_CITY_ADJUST_DISTRICT_PRODUCTION_MODIFIER',		'SKELLIGE_CITY_COASTAL_NO_SPECIALTY'),
		('SKELLIGE_TRADER_PLUNDER_IMMUNITY_GRANT',					'MODIFIER_PLAYER_UNITS_GRANT_ABILITY',							'UNIT_IS_TRADER'	),
		('SKELLIGE_TRADER_PLUNDER_IMMUNITY',						'MODIFIER_PLAYER_UNIT_ADJUST_TRADE_ROUTE_PLUNDER_IMMUNITY',		null		),
		('SKELLIGE_SCIENCE_FROM_INTERNATIONAL_TRADE',				'MODIFIER_PLAYER_ADJUST_TRADE_ROUTE_YIELD_FOR_INTERNATIONAL',	null		),
		('SKELLIGE_CULTURE_FROM_INTERNATIONAL_TRADE',				'MODIFIER_PLAYER_ADJUST_TRADE_ROUTE_YIELD_FOR_INTERNATIONAL',	null		),
		('SKELLIGE_SCIENCE_FROM_INCOMING_TRADE',					'MODIFIER_PLAYER_CITIES_ADJUST_TRADE_ROUTE_YIELD_FROM_OTHERS',	null		),
		('SKELLIGE_CULTURE_FROM_INCOMING_TRADE',					'MODIFIER_PLAYER_CITIES_ADJUST_TRADE_ROUTE_YIELD_FROM_OTHERS',	null		),
		('SKELLIGE_ALLIANCE_POINTS_FROM_COMMON_FOE',				'MODIFIER_PLAYER_ADJUST_ALLIANCE_POINTS_FOR_COMMON_FOE',		null		),
				
		('MINOR_CIV_IPG_CINTRA_MINOR_UNIQUE_INFLUENCE_BONUS',		'MODIFIER_ALL_PLAYERS_ATTACH_MODIFIER',							'PLAYER_IS_SUZERAIN'	),
		('MINOR_CIV_IPG_CINTRA_MINOR_EMERGENCY_FAVOR',				'MODIFIER_PLAYER_ADJUST_EMERGENCY_FAVOR_MODIFIER',				null		),
		
		('MINOR_CIV_IPG_KERACK_MINOR_UNIQUE_INFLUENCE_BONUS',		'MODIFIER_ALL_PLAYERS_ATTACH_MODIFIER',							'PLAYER_IS_SUZERAIN'	),
		('MINOR_CIV_IPG_KERACK_MINOR_ABILITY_GRANT',				'MODIFIER_PLAYER_UNITS_GRANT_ABILITY',							null		),
		('KERACK_MINOR_GOLD_NAVAL_VICTORY',							'MODIFIER_UNIT_ADJUST_POST_COMBAT_YIELD',						'BOARDING_REQUIREMENTS'	),
		
		('MINOR_CIV_IPG_BREMERVOORD_MINOR_UNIQUE_INFLUENCE_BONUS_1',	'MODIFIER_ALL_PLAYERS_ATTACH_MODIFIER',						'PLAYER_IS_SUZERAIN'	),
		('MINOR_CIV_IPG_BREMERVOORD_MINOR_UNIQUE_INFLUENCE_BONUS_2',	'MODIFIER_ALL_PLAYERS_ATTACH_MODIFIER',						'PLAYER_IS_SUZERAIN'	),
		('MINOR_CIV_IPG_BREMERVOORD_MINOR_FISHINGBOAT_PROD',			'MODIFIER_PLAYER_ADJUST_PLOT_YIELD',						'PLOT_HAS_FISHINGBOATS_REQUIREMENTS'),
		('MINOR_CIV_IPG_BREMERVOORD_MINOR_FISHINGBOAT_GOLD',			'MODIFIER_PLAYER_ADJUST_PLOT_YIELD',						'BREMERVOORD_FISHING_BOAT_LUXURY'	);

INSERT INTO ModifierArguments 
		(ModifierId,											Name,				Value	)
VALUES	('SKELLIGE_DISTRICT_PRODUCTION_COASTAL_GRANT',			'ModifierId',		'SKELLIGE_DISTRICT_PRODUCTION_COASTAL'			),
		('SKELLIGE_DISTRICT_PRODUCTION_COASTAL',				'Amount',			100		),
		('SKELLIGE_TRADER_PLUNDER_IMMUNITY_GRANT',				'AbilityType',		'SKELLIGE_TRADE_ROUTE_PLUNDER_IMMUNITY_SEA'		),
		('SKELLIGE_TRADER_PLUNDER_IMMUNITY',					'DomainType',		'DOMAIN_SEA'	),
		('SKELLIGE_SCIENCE_FROM_INTERNATIONAL_TRADE',			'YieldType',		'YIELD_SCIENCE'	),
		('SKELLIGE_SCIENCE_FROM_INTERNATIONAL_TRADE',			'Amount',			1		),
		('SKELLIGE_CULTURE_FROM_INTERNATIONAL_TRADE',			'YieldType',		'YIELD_CULTURE'	),
		('SKELLIGE_CULTURE_FROM_INTERNATIONAL_TRADE',			'Amount',			1		),
		('SKELLIGE_SCIENCE_FROM_INCOMING_TRADE',				'YieldType',		'YIELD_SCIENCE'	),
		('SKELLIGE_SCIENCE_FROM_INCOMING_TRADE',				'Amount',			1		),
		('SKELLIGE_CULTURE_FROM_INCOMING_TRADE',				'YieldType',		'YIELD_CULTURE'	),
		('SKELLIGE_CULTURE_FROM_INCOMING_TRADE',				'Amount',			1		),
		('SKELLIGE_ALLIANCE_POINTS_FROM_COMMON_FOE',			'Amount',			2		),

		('MINOR_CIV_IPG_CINTRA_MINOR_UNIQUE_INFLUENCE_BONUS',	'ModifierId',		'MINOR_CIV_IPG_CINTRA_MINOR_EMERGENCY_FAVOR'),		
		('MINOR_CIV_IPG_CINTRA_MINOR_EMERGENCY_FAVOR',			'Amount',			100		),
		('MINOR_CIV_IPG_CINTRA_MINOR_EMERGENCY_FAVOR',			'Member',			1		),
		
		('MINOR_CIV_IPG_KERACK_MINOR_UNIQUE_INFLUENCE_BONUS',	'ModifierId',		'MINOR_CIV_IPG_KERACK_MINOR_ABILITY_GRANT'		),
		('MINOR_CIV_IPG_KERACK_MINOR_ABILITY_GRANT',			'AbilityType',		'ABILITY_KERACK_MINOR_NAVAL_VICTORY_GOLD'		),
		('KERACK_MINOR_GOLD_NAVAL_VICTORY',			'PercentDefeatedStrength',		100		),
		('KERACK_MINOR_GOLD_NAVAL_VICTORY',						'YieldType',		'YIELD_GOLD'	),
		
		('MINOR_CIV_IPG_BREMERVOORD_MINOR_UNIQUE_INFLUENCE_BONUS_1',	'ModifierId',	'MINOR_CIV_IPG_BREMERVOORD_MINOR_FISHINGBOAT_PROD'	),
		('MINOR_CIV_IPG_BREMERVOORD_MINOR_UNIQUE_INFLUENCE_BONUS_2',	'ModifierId',	'MINOR_CIV_IPG_BREMERVOORD_MINOR_FISHINGBOAT_GOLD'	),
		('MINOR_CIV_IPG_BREMERVOORD_MINOR_FISHINGBOAT_PROD',			'YieldType',	'YIELD_PRODUCTION'	),
		('MINOR_CIV_IPG_BREMERVOORD_MINOR_FISHINGBOAT_PROD',			'Amount',		1	),
		('MINOR_CIV_IPG_BREMERVOORD_MINOR_FISHINGBOAT_GOLD',			'YieldType',	'YIELD_GOLD'		),
		('MINOR_CIV_IPG_BREMERVOORD_MINOR_FISHINGBOAT_GOLD',			'Amount',		2	);

INSERT INTO RequirementSets
		(RequirementSetId,						RequirementSetType			)
VALUES	('SKELLIGE_PLOT_IS_COASTAL_LAND',		'REQUIREMENTSET_TEST_ALL'	),
		('SKELLIGE_CITY_COASTAL_NO_SPECIALTY',	'REQUIREMENTSET_TEST_ALL'	),
		
		('BREMERVOORD_FISHING_BOAT_LUXURY',		'REQUIREMENTSET_TEST_ALL'	);

INSERT INTO RequirementSetRequirements
		(RequirementSetId,						RequirementId				)
VALUES	('SKELLIGE_PLOT_IS_COASTAL_LAND',		'SKELLIGE_PLOT_IS_COASTAL_LAND'		),
		('SKELLIGE_CITY_COASTAL_NO_SPECIALTY',	'SKELLIGE_PLOT_IS_COASTAL_LAND'		),
		('SKELLIGE_CITY_COASTAL_NO_SPECIALTY',	'REQUIRES_CITY_HAS_0_SPECIALTY_DISTRICTS'),
		
		('BREMERVOORD_FISHING_BOAT_LUXURY',		'REQUIRES_PLOT_HAS_FISHINGBOATS'	),
		('BREMERVOORD_FISHING_BOAT_LUXURY',		'REQUIRES_PLOT_HAS_LUXURY'			);

INSERT INTO Requirements
		(RequirementId,							RequirementType						)
VALUES	('SKELLIGE_PLOT_IS_COASTAL_LAND',		'REQUIREMENT_PLOT_IS_COASTAL_LAND'	);