/*
	Core Leader Definition
	Author: iPLayGamesITA
	Original template by: MC
	Thanks to everyone in the Civ VI Modding Helpline Discord Server!
*/

-----------------------------------------------
-- Types
-----------------------------------------------
INSERT INTO	Types
			(Type,									Kind			)
VALUES		('LEADER_IPG_BRAN',						'KIND_LEADER'	),
			('LEADER_MINOR_CIV_IPG_CINTRA_MINOR',	'KIND_LEADER'	),
			('LEADER_MINOR_CIV_IPG_KERACK_MINOR',	'KIND_LEADER'	),
			('LEADER_MINOR_CIV_IPG_BREMERVOORD_MINOR',	'KIND_LEADER'	);
-----------------------------------------------
-- Leaders
-----------------------------------------------
INSERT INTO	Leaders
			(LeaderType,							Name,										InheritFrom,						SceneLayers			)
VALUES		('LEADER_IPG_BRAN',						'LOC_LEADER_IPG_BRAN_NAME',					'LEADER_DEFAULT', 						4				),
			('LEADER_MINOR_CIV_IPG_CINTRA_MINOR',	'LOC_CIVILIZATION_IPG_CINTRA_MINOR_NAME',	'LEADER_MINOR_CIV_CULTURAL',			1				),
			('LEADER_MINOR_CIV_IPG_KERACK_MINOR',	'LOC_CIVILIZATION_IPG_KERACK_MINOR_NAME',	'LEADER_MINOR_CIV_TRADE',				1				),
			('LEADER_MINOR_CIV_IPG_BREMERVOORD_MINOR',	'LOC_CIVILIZATION_IPG_BREMERVOORD_MINOR_NAME',	'LEADER_MINOR_CIV_INDUSTRIAL',	1				);
-----------------------------------------------
-- CivilizationLeaders
-----------------------------------------------
INSERT INTO	CivilizationLeaders
			(CivilizationType,					LeaderType,								CapitalName							)
VALUES		('CIVILIZATION_IPG_SKELLIGE',		'LEADER_IPG_BRAN',						'LOC_CITY_NAME_IPG_SKELLIGE_1'		),
			('CIVILIZATION_IPG_CINTRA_MINOR',	'LEADER_MINOR_CIV_IPG_CINTRA_MINOR',	'LOC_CITY_NAME_IPG_CINTRA_MINOR'	),
			('CIVILIZATION_IPG_KERACK_MINOR',	'LEADER_MINOR_CIV_IPG_KERACK_MINOR',	'LOC_CITY_NAME_IPG_KERACK_MINOR'	),
			('CIVILIZATION_IPG_BREMERVOORD_MINOR',	'LEADER_MINOR_CIV_IPG_BREMERVOORD_MINOR',	'LOC_CITY_NAME_IPG_BREMERVOORD_MINOR'	);
-----------------------------------------------
-- LeaderQuotes
-----------------------------------------------
INSERT INTO	LeaderQuotes
			(LeaderType,			Quote									)
VALUES		('LEADER_IPG_BRAN',		'LOC_PEDIA_LEADERS_PAGE_IPG_BRAN_QUOTE'	);
-----------------------------------------------
-- CityNames
-----------------------------------------------
INSERT INTO	CityNames
			(CivilizationType,					LeaderType,			SortIndex,	CityName						)
VALUES		('CIVILIZATION_IPG_SKELLIGE',		'LEADER_IPG_BRAN',	-1,			'LOC_CITY_NAME_IPG_SKELLIGE_1'	),
			('CIVILIZATION_IPG_SKELLIGE',		'LEADER_IPG_BRAN',	-1,			'LOC_CITY_NAME_IPG_SKELLIGE_2'	),
			('CIVILIZATION_IPG_SKELLIGE',		'LEADER_IPG_BRAN',	-1,			'LOC_CITY_NAME_IPG_SKELLIGE_3'	),
			('CIVILIZATION_IPG_SKELLIGE',		'LEADER_IPG_BRAN',	-1,			'LOC_CITY_NAME_IPG_SKELLIGE_4'	),
			('CIVILIZATION_IPG_SKELLIGE',		'LEADER_IPG_BRAN',	-1,			'LOC_CITY_NAME_IPG_SKELLIGE_5'	),
			('CIVILIZATION_IPG_SKELLIGE',		'LEADER_IPG_BRAN',	-1,			'LOC_CITY_NAME_IPG_SKELLIGE_6'	),
			('CIVILIZATION_IPG_SKELLIGE',		'LEADER_IPG_BRAN',	-1,			'LOC_CITY_NAME_IPG_SKELLIGE_7'	),
			('CIVILIZATION_IPG_SKELLIGE',		'LEADER_IPG_BRAN',	-1,			'LOC_CITY_NAME_IPG_SKELLIGE_8'	),
			('CIVILIZATION_IPG_SKELLIGE',		'LEADER_IPG_BRAN',	-1,			'LOC_CITY_NAME_IPG_SKELLIGE_9'	),
			('CIVILIZATION_IPG_SKELLIGE',		'LEADER_IPG_BRAN',	-1,			'LOC_CITY_NAME_IPG_SKELLIGE_10'	),
			('CIVILIZATION_IPG_SKELLIGE',		'LEADER_IPG_BRAN',	-1,			'LOC_CITY_NAME_IPG_SKELLIGE_11'	),
			('CIVILIZATION_IPG_SKELLIGE',		'LEADER_IPG_BRAN',	-1,			'LOC_CITY_NAME_IPG_SKELLIGE_12'	),
			('CIVILIZATION_IPG_SKELLIGE',		'LEADER_IPG_BRAN',	-1,			'LOC_CITY_NAME_IPG_SKELLIGE_13'	),
			('CIVILIZATION_IPG_SKELLIGE',		'LEADER_IPG_BRAN',	-1,			'LOC_CITY_NAME_IPG_SKELLIGE_14'	),
			('CIVILIZATION_IPG_SKELLIGE',		'LEADER_IPG_BRAN',	-1,			'LOC_CITY_NAME_IPG_SKELLIGE_15'	),
			('CIVILIZATION_IPG_CINTRA_MINOR',	'LEADER_MINOR_CIV_IPG_CINTRA_MINOR',-1,	'LOC_CITY_NAME_IPG_CINTRA_MINOR'		),
			('CIVILIZATION_IPG_KERACK_MINOR',	'LEADER_MINOR_CIV_IPG_KERACK_MINOR',-1,	'LOC_CITY_NAME_IPG_KERACK_MINOR'		),
			('CIVILIZATION_IPG_BREMERVOORD_MINOR',	'LEADER_MINOR_CIV_IPG_BREMERVOORD_MINOR',-1,	'LOC_CITY_NAME_IPG_BREMERVOORD_MINOR'		);
