/*
	Leader Unique Ability
	Author: iPlayGamesITA
	Original template by: MC
	Thanks to everyone in the Civ VI Modding Helpline Discord Server!
*/
-----------------------------------------------
-- Common
-----------------------------------------------
INSERT INTO Modifiers
		(ModifierId,																ModifierType,									SubjectRequirementSetId				)
VALUES	('MINOR_CIV_IPG_MALLEORE_MINOR_UNIQUE_INFLUENCE_SECONDARY_BONUS',			'MODIFIER_ALL_PLAYERS_ATTACH_MODIFIER',			'PLAYER_IS_SUZERAIN'				),
		('MINOR_CIV_IPG_CAINGORN_MINOR_UNIQUE_INFLUENCE_SECONDARY_BONUS_HAPPY',		'MODIFIER_ALL_PLAYERS_ATTACH_MODIFIER',			'PLAYER_IS_SUZERAIN'				),
		('MINOR_CIV_IPG_CAINGORN_MINOR_UNIQUE_INFLUENCE_SECONDARY_BONUS_ECSTATIC',	'MODIFIER_ALL_PLAYERS_ATTACH_MODIFIER',			'PLAYER_IS_SUZERAIN'				),
		('MINOR_CIV_IPG_BAREFIELD_MINOR_UNIQUE_INFLUENCE_SECONDARY_BONUS_HAPPY',	'MODIFIER_ALL_PLAYERS_ATTACH_MODIFIER',			'PLAYER_IS_SUZERAIN'				),
		('MINOR_CIV_IPG_BAREFIELD_MINOR_UNIQUE_INFLUENCE_SECONDARY_BONUS_ECSTATIC',	'MODIFIER_ALL_PLAYERS_ATTACH_MODIFIER',			'PLAYER_IS_SUZERAIN'				),
		('MINOR_CIV_IPG_CREYDEN_MINOR_UNIQUE_INFLUENCE_SECONDARY_BONUS_HAPPY',		'MODIFIER_ALL_PLAYERS_ATTACH_MODIFIER',			'PLAYER_IS_SUZERAIN'				),
		('MINOR_CIV_IPG_CREYDEN_MINOR_UNIQUE_INFLUENCE_SECONDARY_BONUS_ECSTATIC',	'MODIFIER_ALL_PLAYERS_ATTACH_MODIFIER',			'PLAYER_IS_SUZERAIN'				),

		('MALLEORE_SECONDARY_BONUS_GARRISON_AMENITY',				'MODIFIER_PLAYER_CITIES_ADJUST_POLICY_AMENITY',			'MALLEORE_SECONDARY_BONUS_REQUIREMENTS'		),
		('CAINGORN_SECONDARY_BONUS_CULTURE_HAPPY',					'MODIFIER_PLAYER_CITIES_ADJUST_HAPPINESS_YIELD',		'CAINGORN_SECONDARY_BONUS_REQUIREMENTS'		),
		('CAINGORN_SECONDARY_BONUS_CULTURE_ECSTATIC',				'MODIFIER_PLAYER_CITIES_ADJUST_HAPPINESS_YIELD',		'CAINGORN_SECONDARY_BONUS_REQUIREMENTS'		),
		('BAREFIELD_SECONDARY_BONUS_FAITH_HAPPY',					'MODIFIER_PLAYER_CITIES_ADJUST_HAPPINESS_YIELD',		'BAREFIELD_SECONDARY_BONUS_REQUIREMENTS'	),
		('BAREFIELD_SECONDARY_BONUS_FAITH_ECSTATIC',				'MODIFIER_PLAYER_CITIES_ADJUST_HAPPINESS_YIELD',		'BAREFIELD_SECONDARY_BONUS_REQUIREMENTS'	),
		('CREYDEN_SECONDARY_BONUS_PRODUCTION_HAPPY',				'MODIFIER_PLAYER_CITIES_ADJUST_HAPPINESS_YIELD',		'CREYDEN_SECONDARY_BONUS_REQUIREMENTS'		),
		('CREYDEN_SECONDARY_BONUS_PRODUCTION_ECSTATIC',				'MODIFIER_PLAYER_CITIES_ADJUST_HAPPINESS_YIELD',		'CREYDEN_SECONDARY_BONUS_REQUIREMENTS'		);

INSERT INTO ModifierArguments 
		(ModifierId,																Name,				Value	)
VALUES	('MINOR_CIV_IPG_MALLEORE_MINOR_UNIQUE_INFLUENCE_SECONDARY_BONUS',			'ModifierId',		'MALLEORE_SECONDARY_BONUS_GARRISON_AMENITY'		),
		('MINOR_CIV_IPG_CAINGORN_MINOR_UNIQUE_INFLUENCE_SECONDARY_BONUS_HAPPY',		'ModifierId',		'CAINGORN_SECONDARY_BONUS_CULTURE_HAPPY'		),
		('MINOR_CIV_IPG_CAINGORN_MINOR_UNIQUE_INFLUENCE_SECONDARY_BONUS_ECSTATIC',	'ModifierId',		'CAINGORN_SECONDARY_BONUS_CULTURE_ECSTATIC'		),
		('MINOR_CIV_IPG_BAREFIELD_MINOR_UNIQUE_INFLUENCE_SECONDARY_BONUS_HAPPY',	'ModifierId',		'BAREFIELD_SECONDARY_BONUS_FAITH_HAPPY'			),
		('MINOR_CIV_IPG_BAREFIELD_MINOR_UNIQUE_INFLUENCE_SECONDARY_BONUS_ECSTATIC',	'ModifierId',		'BAREFIELD_SECONDARY_BONUS_FAITH_ECSTATIC'		),
		('MINOR_CIV_IPG_CREYDEN_MINOR_UNIQUE_INFLUENCE_SECONDARY_BONUS_HAPPY',		'ModifierId',		'CREYDEN_SECONDARY_BONUS_PRODUCTION_HAPPY'		),
		('MINOR_CIV_IPG_CREYDEN_MINOR_UNIQUE_INFLUENCE_SECONDARY_BONUS_ECSTATIC',	'ModifierId',		'CREYDEN_SECONDARY_BONUS_PRODUCTION_ECSTATIC'	),

		('MALLEORE_SECONDARY_BONUS_GARRISON_AMENITY',						'Amount',			1		),
		('CAINGORN_SECONDARY_BONUS_CULTURE_HAPPY',							'YieldType',		'YIELD_CULTURE'		),
		('CAINGORN_SECONDARY_BONUS_CULTURE_HAPPY',							'HappinessType',	'HAPPINESS_HAPPY'	),
		('CAINGORN_SECONDARY_BONUS_CULTURE_HAPPY',							'Amount',			5		),
		('CAINGORN_SECONDARY_BONUS_CULTURE_ECSTATIC',						'YieldType',		'YIELD_CULTURE'		),
		('CAINGORN_SECONDARY_BONUS_CULTURE_ECSTATIC',						'HappinessType',	'HAPPINESS_ECSTATIC'	),
		('CAINGORN_SECONDARY_BONUS_CULTURE_ECSTATIC',						'Amount',			5		),
		('BAREFIELD_SECONDARY_BONUS_FAITH_HAPPY',							'YieldType',		'YIELD_FAITH'		),
		('BAREFIELD_SECONDARY_BONUS_FAITH_HAPPY',							'HappinessType',	'HAPPINESS_HAPPY'	),
		('BAREFIELD_SECONDARY_BONUS_FAITH_HAPPY',							'Amount',			5		),
		('BAREFIELD_SECONDARY_BONUS_FAITH_ECSTATIC',						'YieldType',		'YIELD_FAITH'		),
		('BAREFIELD_SECONDARY_BONUS_FAITH_ECSTATIC',						'HappinessType',	'HAPPINESS_ECSTATIC'	),
		('BAREFIELD_SECONDARY_BONUS_FAITH_ECSTATIC',						'Amount',			5		),
		('CREYDEN_SECONDARY_BONUS_PRODUCTION_HAPPY',						'YieldType',		'YIELD_PRODUCTION'	),
		('CREYDEN_SECONDARY_BONUS_PRODUCTION_HAPPY',						'HappinessType',	'HAPPINESS_HAPPY'	),
		('CREYDEN_SECONDARY_BONUS_PRODUCTION_HAPPY',						'Amount',			5		),
		('CREYDEN_SECONDARY_BONUS_PRODUCTION_ECSTATIC',						'YieldType',		'YIELD_PRODUCTION'	),
		('CREYDEN_SECONDARY_BONUS_PRODUCTION_ECSTATIC',						'HappinessType',	'HAPPINESS_ECSTATIC'	),
		('CREYDEN_SECONDARY_BONUS_PRODUCTION_ECSTATIC',						'Amount',			5		);

INSERT INTO RequirementSets
		(RequirementSetId,								RequirementSetType			)
VALUES	('MALLEORE_SECONDARY_BONUS_REQUIREMENTS',		'REQUIREMENTSET_TEST_ALL'	),
		('CAINGORN_SECONDARY_BONUS_REQUIREMENTS',		'REQUIREMENTSET_TEST_ALL'	),
		('BAREFIELD_SECONDARY_BONUS_REQUIREMENTS',		'REQUIREMENTSET_TEST_ALL'	),
		('CREYDEN_SECONDARY_BONUS_REQUIREMENTS',		'REQUIREMENTSET_TEST_ALL'	);

INSERT INTO RequirementSetRequirements
		(RequirementSetId,							RequirementId								)
VALUES	('MALLEORE_SECONDARY_BONUS_REQUIREMENTS',	'REQUIRES_CITY_HAS_GARRISON_UNIT'			),
		('MALLEORE_SECONDARY_BONUS_REQUIREMENTS',	'HENGFORSLEAGUE_SUZERAIN_OF_MILITARISTIC'	),
		('CAINGORN_SECONDARY_BONUS_REQUIREMENTS',	'HENGFORSLEAGUE_SUZERAIN_OF_CULTURAL'		),
		('BAREFIELD_SECONDARY_BONUS_REQUIREMENTS',	'HENGFORSLEAGUE_SUZERAIN_OF_RELIGIOUS'		),
		('CREYDEN_SECONDARY_BONUS_REQUIREMENTS',	'HENGFORSLEAGUE_SUZERAIN_OF_INDUSTRIAL'		);

INSERT INTO Requirements
		(RequirementId,									RequirementType,							Inverse	)
VALUES	('HENGFORSLEAGUE_SUZERAIN_OF_MILITARISTIC',		'REQUIREMENT_PLAYER_IS_SUZERAIN_X_TYPE',	0		),
		('HENGFORSLEAGUE_SUZERAIN_OF_CULTURAL',			'REQUIREMENT_PLAYER_IS_SUZERAIN_X_TYPE',	0		),
		('HENGFORSLEAGUE_SUZERAIN_OF_RELIGIOUS',		'REQUIREMENT_PLAYER_IS_SUZERAIN_X_TYPE',	0		),
		('HENGFORSLEAGUE_SUZERAIN_OF_INDUSTRIAL',		'REQUIREMENT_PLAYER_IS_SUZERAIN_X_TYPE',	0		);

INSERT INTO RequirementArguments
		(RequirementId,									Name,				Value	)
VALUES	('HENGFORSLEAGUE_SUZERAIN_OF_MILITARISTIC',		'LeaderType',		'LEADER_MINOR_CIV_MILITARISTIC'	),
		('HENGFORSLEAGUE_SUZERAIN_OF_MILITARISTIC',		'Amount',			1		),
		('HENGFORSLEAGUE_SUZERAIN_OF_CULTURAL',			'LeaderType',		'LEADER_MINOR_CIV_CULTURAL'		),
		('HENGFORSLEAGUE_SUZERAIN_OF_CULTURAL',			'Amount',			1		),
		('HENGFORSLEAGUE_SUZERAIN_OF_RELIGIOUS',		'LeaderType',		'LEADER_MINOR_CIV_RELIGIOUS'	),
		('HENGFORSLEAGUE_SUZERAIN_OF_RELIGIOUS',		'Amount',			1		),
		('HENGFORSLEAGUE_SUZERAIN_OF_INDUSTRIAL',		'LeaderType',		'LEADER_MINOR_CIV_INDUSTRIAL'	),
		('HENGFORSLEAGUE_SUZERAIN_OF_INDUSTRIAL',		'Amount',			1		);

-----------------------------------------------
-- CAINGORN
-----------------------------------------------
INSERT INTO Types
		(Type,										Kind		)
VALUES	('MINOR_CIV_IPG_CAINGORN_MINOR_TRAIT',		'KIND_TRAIT');

INSERT INTO	Traits
		(TraitType,									Name,											Description												)
VALUES	('MINOR_CIV_IPG_CAINGORN_MINOR_TRAIT',		'LOC_MINOR_CIV_IPG_CAINGORN_MINOR_TRAIT_NAME',	'LOC_MINOR_CIV_IPG_CAINGORN_MINOR_TRAIT_DESCRIPTION'	);

INSERT INTO	LeaderTraits
		(LeaderType,								TraitType								)
VALUES	('LEADER_MINOR_CIV_IPG_CAINGORN_MINOR',		'MINOR_CIV_IPG_CAINGORN_MINOR_TRAIT'	);

INSERT INTO TraitModifiers 
		(TraitType,									ModifierId																	)
VALUES	('MINOR_CIV_IPG_CAINGORN_MINOR_TRAIT',		'MINOR_CIV_IPG_HENGFORS_MINOR_UNIQUE_INFLUENCE_DRAGON_RESOURCE_BONUS'		), -- From Hengfors League city-state (Kaedwen)
		('MINOR_CIV_IPG_CAINGORN_MINOR_TRAIT',		'MINOR_CIV_IPG_MALLEORE_MINOR_UNIQUE_INFLUENCE_SECONDARY_BONUS'				), -- Common
		('MINOR_CIV_IPG_CAINGORN_MINOR_TRAIT',		'MINOR_CIV_IPG_BAREFIELD_MINOR_UNIQUE_INFLUENCE_SECONDARY_BONUS_HAPPY'		), -- Common
		('MINOR_CIV_IPG_CAINGORN_MINOR_TRAIT',		'MINOR_CIV_IPG_BAREFIELD_MINOR_UNIQUE_INFLUENCE_SECONDARY_BONUS_ECSTATIC'	), -- Common
		('MINOR_CIV_IPG_CAINGORN_MINOR_TRAIT',		'MINOR_CIV_IPG_CREYDEN_MINOR_UNIQUE_INFLUENCE_SECONDARY_BONUS_HAPPY'		), -- Common
		('MINOR_CIV_IPG_CAINGORN_MINOR_TRAIT',		'MINOR_CIV_IPG_CREYDEN_MINOR_UNIQUE_INFLUENCE_SECONDARY_BONUS_ECSTATIC'		); -- Common
-----------------------------------------------
-- MALLEORE
-----------------------------------------------
INSERT INTO Types
		(Type,										Kind		)
VALUES	('MINOR_CIV_IPG_MALLEORE_MINOR_TRAIT',		'KIND_TRAIT');

INSERT INTO	Traits
		(TraitType,									Name,												Description												)
VALUES	('MINOR_CIV_IPG_MALLEORE_MINOR_TRAIT',		'LOC_MINOR_CIV_IPG_MALLEORE_MINOR_TRAIT_NAME',		'LOC_MINOR_CIV_IPG_MALLEORE_MINOR_TRAIT_DESCRIPTION'	);

INSERT INTO	LeaderTraits
		(LeaderType,								TraitType								)
VALUES	('LEADER_MINOR_CIV_IPG_MALLEORE_MINOR',		'MINOR_CIV_IPG_MALLEORE_MINOR_TRAIT'	);

INSERT INTO TraitModifiers 
		(TraitType,									ModifierId																	)
VALUES	('MINOR_CIV_IPG_MALLEORE_MINOR_TRAIT',		'MINOR_CIV_IPG_MALLEORE_MINOR_UNIQUE_INFLUENCE_OPEN_BORDERS'				),
		('MINOR_CIV_IPG_MALLEORE_MINOR_TRAIT',		'MINOR_CIV_IPG_MALLEORE_MINOR_UNIQUE_INFLUENCE_INFLUENCE_POINTS'			),
		('MINOR_CIV_IPG_MALLEORE_MINOR_TRAIT',		'MINOR_CIV_IPG_CAINGORN_MINOR_UNIQUE_INFLUENCE_SECONDARY_BONUS_HAPPY'		), -- Common
		('MINOR_CIV_IPG_MALLEORE_MINOR_TRAIT',		'MINOR_CIV_IPG_CAINGORN_MINOR_UNIQUE_INFLUENCE_SECONDARY_BONUS_ECSTATIC'	), -- Common
		('MINOR_CIV_IPG_MALLEORE_MINOR_TRAIT',		'MINOR_CIV_IPG_BAREFIELD_MINOR_UNIQUE_INFLUENCE_SECONDARY_BONUS_HAPPY'		), -- Common
		('MINOR_CIV_IPG_MALLEORE_MINOR_TRAIT',		'MINOR_CIV_IPG_BAREFIELD_MINOR_UNIQUE_INFLUENCE_SECONDARY_BONUS_ECSTATIC'	), -- Common
		('MINOR_CIV_IPG_MALLEORE_MINOR_TRAIT',		'MINOR_CIV_IPG_CREYDEN_MINOR_UNIQUE_INFLUENCE_SECONDARY_BONUS_HAPPY'		), -- Common
		('MINOR_CIV_IPG_MALLEORE_MINOR_TRAIT',		'MINOR_CIV_IPG_CREYDEN_MINOR_UNIQUE_INFLUENCE_SECONDARY_BONUS_ECSTATIC'		); -- Common

INSERT INTO Modifiers
		(ModifierId,														ModifierType,								SubjectRequirementSetId	)
VALUES	('MINOR_CIV_IPG_MALLEORE_MINOR_UNIQUE_INFLUENCE_OPEN_BORDERS',		'MODIFIER_ALL_PLAYERS_ATTACH_MODIFIER',		'PLAYER_IS_SUZERAIN'	),
		('MINOR_CIV_IPG_MALLEORE_MINOR_UNIQUE_INFLUENCE_INFLUENCE_POINTS',	'MODIFIER_ALL_PLAYERS_ATTACH_MODIFIER',		'PLAYER_IS_SUZERAIN'	),
		
		('MALLEORE_PRIMARY_BONUS_OPEN_BORDERS',							'MODIFIER_ADJUST_OPEN_BORDERS_FROM_INFLUENCE',		'PLAYER_IS_MINOR'	),
		('MALLEORE_PRIMARY_BONUS_INFLUENCE_POINTS',						'MODIFIER_PLAYER_ADJUST_INFLUENCE_POINTS_PER_TURN',				null	);

INSERT INTO ModifierArguments 
		(ModifierId,														Name,			Value	)
VALUES	('MINOR_CIV_IPG_MALLEORE_MINOR_UNIQUE_INFLUENCE_OPEN_BORDERS',		'ModifierId',	'MALLEORE_PRIMARY_BONUS_OPEN_BORDERS'	),
		('MINOR_CIV_IPG_MALLEORE_MINOR_UNIQUE_INFLUENCE_INFLUENCE_POINTS',	'ModifierId',	'MALLEORE_PRIMARY_BONUS_INFLUENCE_POINTS'	),
		('MALLEORE_PRIMARY_BONUS_INFLUENCE_POINTS',							'Amount',		2		);
-----------------------------------------------
-- BAREFIELD
-----------------------------------------------
INSERT INTO Types
		(Type,									Kind		)
VALUES	('MINOR_CIV_IPG_BAREFIELD_MINOR_TRAIT',	'KIND_TRAIT');

INSERT INTO	Traits
		(TraitType,								Name,											Description												)
VALUES	('MINOR_CIV_IPG_BAREFIELD_MINOR_TRAIT',	'LOC_MINOR_CIV_IPG_BAREFIELD_MINOR_TRAIT_NAME',	'LOC_MINOR_CIV_IPG_BAREFIELD_MINOR_TRAIT_DESCRIPTION'	);

INSERT INTO	LeaderTraits
		(LeaderType,								TraitType								)
VALUES	('LEADER_MINOR_CIV_IPG_BAREFIELD_MINOR',	'MINOR_CIV_IPG_BAREFIELD_MINOR_TRAIT'	);

INSERT INTO TraitModifiers 
		(TraitType,									ModifierId																		)
VALUES	('MINOR_CIV_IPG_BAREFIELD_MINOR_TRAIT',		'MINOR_CIV_IPG_BAREFIELD_MINOR_UNIQUE_INFLUENCE_MONUMENT_FAITH'					),
		('MINOR_CIV_IPG_BAREFIELD_MINOR_TRAIT',		'MINOR_CIV_IPG_BAREFIELD_MINOR_UNIQUE_INFLUENCE_FAITH_AT_FULL_LOYALTY'			),
		('MINOR_CIV_IPG_BAREFIELD_MINOR_TRAIT',		'MINOR_CIV_IPG_CAINGORN_MINOR_UNIQUE_INFLUENCE_SECONDARY_BONUS_HAPPY'			), -- Common
		('MINOR_CIV_IPG_BAREFIELD_MINOR_TRAIT',		'MINOR_CIV_IPG_CAINGORN_MINOR_UNIQUE_INFLUENCE_SECONDARY_BONUS_ECSTATIC'		), -- Common
		('MINOR_CIV_IPG_BAREFIELD_MINOR_TRAIT',		'MINOR_CIV_IPG_MALLEORE_MINOR_UNIQUE_INFLUENCE_SECONDARY_BONUS'					), -- Common
		('MINOR_CIV_IPG_BAREFIELD_MINOR_TRAIT',		'MINOR_CIV_IPG_CREYDEN_MINOR_UNIQUE_INFLUENCE_SECONDARY_BONUS_HAPPY'			), -- Common
		('MINOR_CIV_IPG_BAREFIELD_MINOR_TRAIT',		'MINOR_CIV_IPG_CREYDEN_MINOR_UNIQUE_INFLUENCE_SECONDARY_BONUS_ECSTATIC'			); -- Common

INSERT INTO Modifiers
		(ModifierId,																ModifierType,								SubjectRequirementSetId		)
VALUES	('MINOR_CIV_IPG_BAREFIELD_MINOR_UNIQUE_INFLUENCE_MONUMENT_FAITH',			'MODIFIER_ALL_PLAYERS_ATTACH_MODIFIER',		'PLAYER_IS_SUZERAIN'		),
		('MINOR_CIV_IPG_BAREFIELD_MINOR_UNIQUE_INFLUENCE_FAITH_AT_FULL_LOYALTY',	'MODIFIER_ALL_PLAYERS_ATTACH_MODIFIER',		'PLAYER_IS_SUZERAIN'		),
		('BAREFIELD_PRIMARY_BONUS_MONUMENT_FAITH',					'MODIFIER_PLAYER_CITIES_ADJUST_BUILDING_YIELD_CHANGE',		null						),
		('BAREFIELD_PRIMARY_BONUS_FAITH_AT_FULL_LOYALTY',				'MODIFIER_PLAYER_CITIES_ADJUST_CITY_YIELD_CHANGE',		'BAREFIELD_PRIMARY_BONUS_REQUIREMENTS');

INSERT INTO ModifierArguments 
		(ModifierId,																Name,					Value	)
VALUES	('MINOR_CIV_IPG_BAREFIELD_MINOR_UNIQUE_INFLUENCE_MONUMENT_FAITH',			'ModifierId',			'BAREFIELD_PRIMARY_BONUS_MONUMENT_FAITH'		),
		('MINOR_CIV_IPG_BAREFIELD_MINOR_UNIQUE_INFLUENCE_FAITH_AT_FULL_LOYALTY',	'ModifierId',			'BAREFIELD_PRIMARY_BONUS_FAITH_AT_FULL_LOYALTY'	),
		('BAREFIELD_PRIMARY_BONUS_MONUMENT_FAITH',									'BuildingType',			'BUILDING_MONUMENT'								),
		('BAREFIELD_PRIMARY_BONUS_MONUMENT_FAITH',									'YieldType',			'YIELD_FAITH'									),
		('BAREFIELD_PRIMARY_BONUS_MONUMENT_FAITH',									'Amount',				1		),
		('BAREFIELD_PRIMARY_BONUS_FAITH_AT_FULL_LOYALTY',							'YieldType',			'YIELD_FAITH'									),
		('BAREFIELD_PRIMARY_BONUS_FAITH_AT_FULL_LOYALTY',							'Amount',				1		);

INSERT INTO RequirementSets
		(RequirementSetId,								RequirementSetType			)
VALUES	('BAREFIELD_PRIMARY_BONUS_REQUIREMENTS',		'REQUIREMENTSET_TEST_ALL'	);

INSERT INTO RequirementSetRequirements
		(RequirementSetId,								RequirementId				)
VALUES	('BAREFIELD_PRIMARY_BONUS_REQUIREMENTS',		'REQUIRES_FULL_LOYALTY'		),
		('BAREFIELD_PRIMARY_BONUS_REQUIREMENTS',		'BAREFIELD_MONUMENT'		);

INSERT INTO Requirements
		(RequirementId,				RequirementType					)
VALUES	('BAREFIELD_MONUMENT',		'REQUIREMENT_CITY_HAS_BUILDING'	);

INSERT INTO RequirementArguments
		(RequirementId,				Name,				Value				)
VALUES	('BAREFIELD_MONUMENT',		'BuildingType',		'BUILDING_MONUMENT'	);
-----------------------------------------------
-- CREYDEN
-----------------------------------------------
INSERT INTO Types
		(Type,										Kind		)
VALUES	('MINOR_CIV_IPG_CREYDEN_MINOR_TRAIT',		'KIND_TRAIT');

INSERT INTO	Traits
		(TraitType,									Name,												Description												)
VALUES	('MINOR_CIV_IPG_CREYDEN_MINOR_TRAIT',		'LOC_MINOR_CIV_IPG_CREYDEN_MINOR_TRAIT_NAME',		'LOC_MINOR_CIV_IPG_CREYDEN_MINOR_TRAIT_DESCRIPTION'	);

INSERT INTO	LeaderTraits
		(LeaderType,								TraitType								)
VALUES	('LEADER_MINOR_CIV_IPG_CREYDEN_MINOR',		'MINOR_CIV_IPG_CREYDEN_MINOR_TRAIT'	);

INSERT INTO TraitModifiers 
		(TraitType,									ModifierId																	)
VALUES	('MINOR_CIV_IPG_CREYDEN_MINOR_TRAIT',		'MINOR_CIV_IPG_CREYDEN_MINOR_UNIQUE_INFLUENCE_PASTURES_PRODUCTION'			),
		('MINOR_CIV_IPG_CREYDEN_MINOR_TRAIT',		'MINOR_CIV_IPG_CREYDEN_MINOR_UNIQUE_INFLUENCE_PASTURES_GOLD'				),
		('MINOR_CIV_IPG_CREYDEN_MINOR_TRAIT',		'MINOR_CIV_IPG_CREYDEN_MINOR_UNIQUE_INFLUENCE_PASTURES_PRODUCTION_SHEEP'	),
		('MINOR_CIV_IPG_CREYDEN_MINOR_TRAIT',		'MINOR_CIV_IPG_CREYDEN_MINOR_UNIQUE_INFLUENCE_PASTURES_GOLD_SHEEP'			),
		('MINOR_CIV_IPG_CREYDEN_MINOR_TRAIT',		'MINOR_CIV_IPG_CAINGORN_MINOR_UNIQUE_INFLUENCE_SECONDARY_BONUS_HAPPY'		), -- Common
		('MINOR_CIV_IPG_CREYDEN_MINOR_TRAIT',		'MINOR_CIV_IPG_CAINGORN_MINOR_UNIQUE_INFLUENCE_SECONDARY_BONUS_ECSTATIC'	), -- Common
		('MINOR_CIV_IPG_CREYDEN_MINOR_TRAIT',		'MINOR_CIV_IPG_MALLEORE_MINOR_UNIQUE_INFLUENCE_SECONDARY_BONUS'				), -- Common
		('MINOR_CIV_IPG_CREYDEN_MINOR_TRAIT',		'MINOR_CIV_IPG_BAREFIELD_MINOR_UNIQUE_INFLUENCE_SECONDARY_BONUS_HAPPY'		), -- Common
		('MINOR_CIV_IPG_CREYDEN_MINOR_TRAIT',		'MINOR_CIV_IPG_BAREFIELD_MINOR_UNIQUE_INFLUENCE_SECONDARY_BONUS_ECSTATIC'	); -- Common

INSERT INTO Modifiers
		(ModifierId,																ModifierType,								SubjectRequirementSetId	)
VALUES	('MINOR_CIV_IPG_CREYDEN_MINOR_UNIQUE_INFLUENCE_PASTURES_PRODUCTION',		'MODIFIER_ALL_PLAYERS_ATTACH_MODIFIER',		'PLAYER_IS_SUZERAIN'	),
		('MINOR_CIV_IPG_CREYDEN_MINOR_UNIQUE_INFLUENCE_PASTURES_GOLD',				'MODIFIER_ALL_PLAYERS_ATTACH_MODIFIER',		'PLAYER_IS_SUZERAIN'	),
		('MINOR_CIV_IPG_CREYDEN_MINOR_UNIQUE_INFLUENCE_PASTURES_PRODUCTION_SHEEP',	'MODIFIER_ALL_PLAYERS_ATTACH_MODIFIER',		'PLAYER_IS_SUZERAIN'	),
		('MINOR_CIV_IPG_CREYDEN_MINOR_UNIQUE_INFLUENCE_PASTURES_GOLD_SHEEP',		'MODIFIER_ALL_PLAYERS_ATTACH_MODIFIER',		'PLAYER_IS_SUZERAIN'	),
		('CREYDEN_PRIMARY_BONUS_PASTURES_PRODUCTION',								'MODIFIER_PLAYER_ADJUST_PLOT_YIELD',		'PLOT_HAS_PASTURE_REQUIREMENTS'	),
		('CREYDEN_PRIMARY_BONUS_PASTURES_GOLD',										'MODIFIER_PLAYER_ADJUST_PLOT_YIELD',		'PLOT_HAS_PASTURE_REQUIREMENTS'	),
		('CREYDEN_PRIMARY_BONUS_PASTURES_PRODUCTION_SHEEP',							'MODIFIER_PLAYER_ADJUST_PLOT_YIELD',		'CREYDEN_IMPROVED_SHEEP_REQUIREMENTS'	),
		('CREYDEN_PRIMARY_BONUS_PASTURES_GOLD_SHEEP',								'MODIFIER_PLAYER_ADJUST_PLOT_YIELD',		'CREYDEN_IMPROVED_SHEEP_REQUIREMENTS'	);

INSERT INTO ModifierArguments 
		(ModifierId,																	Name,			Value			)
VALUES	('MINOR_CIV_IPG_CREYDEN_MINOR_UNIQUE_INFLUENCE_PASTURES_PRODUCTION',			'ModifierId',	'CREYDEN_PRIMARY_BONUS_PASTURES_PRODUCTION'			),
		('MINOR_CIV_IPG_CREYDEN_MINOR_UNIQUE_INFLUENCE_PASTURES_GOLD',					'ModifierId',	'CREYDEN_PRIMARY_BONUS_PASTURES_GOLD'				),
		('MINOR_CIV_IPG_CREYDEN_MINOR_UNIQUE_INFLUENCE_PASTURES_PRODUCTION_SHEEP',		'ModifierId',	'CREYDEN_PRIMARY_BONUS_PASTURES_PRODUCTION_SHEEP'	),
		('MINOR_CIV_IPG_CREYDEN_MINOR_UNIQUE_INFLUENCE_PASTURES_GOLD_SHEEP',			'ModifierId',	'CREYDEN_PRIMARY_BONUS_PASTURES_GOLD_SHEEP'			),
		('CREYDEN_PRIMARY_BONUS_PASTURES_PRODUCTION',									'YieldType',	'YIELD_PRODUCTION'	),
		('CREYDEN_PRIMARY_BONUS_PASTURES_PRODUCTION',									'Amount',		1					),
		('CREYDEN_PRIMARY_BONUS_PASTURES_GOLD',											'YieldType',	'YIELD_GOLD'		),
		('CREYDEN_PRIMARY_BONUS_PASTURES_GOLD',											'Amount',		1					),
		('CREYDEN_PRIMARY_BONUS_PASTURES_PRODUCTION_SHEEP',								'YieldType',	'YIELD_PRODUCTION'	),
		('CREYDEN_PRIMARY_BONUS_PASTURES_PRODUCTION_SHEEP',								'Amount',		1					),
		('CREYDEN_PRIMARY_BONUS_PASTURES_GOLD_SHEEP',									'YieldType',	'YIELD_GOLD'		),
		('CREYDEN_PRIMARY_BONUS_PASTURES_GOLD_SHEEP',									'Amount',		1					);
		
INSERT INTO RequirementSets
		(RequirementSetId,								RequirementSetType			)
VALUES	('CREYDEN_IMPROVED_SHEEP_REQUIREMENTS',			'REQUIREMENTSET_TEST_ALL'	);

INSERT INTO RequirementSetRequirements
		(RequirementSetId,								RequirementId				)
VALUES	('CREYDEN_IMPROVED_SHEEP_REQUIREMENTS',			'REQUIRES_PLOT_HAS_PASTURE'	),
		('CREYDEN_IMPROVED_SHEEP_REQUIREMENTS',			'REQUIRES_PLOT_HAS_BONUS'	);