--------------------
-- Basics
--------------------

INSERT INTO Types
		(Type,									Kind)
VALUES	('BUILDING_PHANTA_HIMEJI_CASTLE',	'KIND_BUILDING');

INSERT INTO Buildings
		(BuildingType,
		Name,
		Description,
		PrereqTech,
		Cost,
		AdvisorType,
		MaxWorldInstances,
		IsWonder,
		RequiresPlacement,
		AdjacentDistrict,
		DefenseModifier,
		GrantFortification,
		Entertainment,
		ObsoleteEra,
		Quote)
VALUES	('BUILDING_PHANTA_HIMEJI_CASTLE',
		'LOC_BUILDING_PHANTA_HIMEJI_CASTLE_NAME',
		'LOC_BUILDING_PHANTA_HIMEJI_CASTLE_DESCRIPTION',
		'TECH_GUNPOWDER',
		1060,
		'ADVISOR_GENERIC',
		1,
		1,
		1,
		'DISTRICT_CITY_CENTER',
		4,
		2,
		2,
		'ERA_MODERN',
		'LOC_BUILDING_PHANTA_HIMEJI_CASTLE_QUOTE');

INSERT INTO Building_YieldChanges 
		(BuildingType,						YieldType,			YieldChange)
VALUES	('BUILDING_PHANTA_HIMEJI_CASTLE',	'YIELD_GOLD',		6);

--------------------
-- Shikkui Walls
--------------------

INSERT INTO Types
		(Type,										Kind)
VALUES	('BUILDING_PHANTA_SHIKKUI_WALLS',			'KIND_BUILDING'),
		('TRAIT_BUILDING_PHANTA_SHIKKUI_WALLS',		'KIND_TRAIT'	);

INSERT INTO Traits
		(TraitType,								Name,											Description												)
VALUES	('TRAIT_BUILDING_PHANTA_SHIKKUI_WALLS',	'LOC_BUILDING_PHANTA_SHIKKUI_WALLS_NAME',		'LOC_BUILDING_PHANTA_SHIKKUI_WALLS_DESCRIPTION'		);

INSERT INTO Buildings
		(BuildingType,
		Name,
		Description,
		PrereqTech,
		PrereqDistrict,
		Cost,
		AdvisorType,
		OuterDefenseHitPoints,
		OuterDefenseStrength,
		TraitType)
VALUES	('BUILDING_PHANTA_SHIKKUI_WALLS',
		'LOC_BUILDING_PHANTA_SHIKKUI_WALLS_NAME',
		'LOC_BUILDING_PHANTA_SHIKKUI_WALLS_DESCRIPTION',
		'TECH_GUNPOWDER',
		'DISTRICT_CITY_CENTER',
		260,
		'ADVISOR_GENERIC',
		200,
		3,
		'TRAIT_BUILDING_PHANTA_SHIKKUI_WALLS');

INSERT INTO Building_YieldChanges 
		(BuildingType,						YieldType,			YieldChange)
VALUES	('BUILDING_PHANTA_SHIKKUI_WALLS',	'YIELD_FAITH',		4);

INSERT INTO Building_GreatWorks
		(BuildingType,						GreatWorkSlotType,			NumSlots)
VALUES	('BUILDING_PHANTA_SHIKKUI_WALLS',	'GREATWORKSLOT_PALACE',		1);


INSERT INTO BuildingReplaces
		(CivUniqueBuildingType,				ReplacesBuildingType)
VALUES	('BUILDING_PHANTA_SHIKKUI_WALLS',	'BUILDING_STAR_FORT'			);

----------
-- Modifiers
----------

--====== 1 Unlock Shikkui Walls

INSERT INTO BuildingModifiers (BuildingType, ModifierId) VALUES 
('BUILDING_PHANTA_HIMEJI_CASTLE', 'MODFEAT_PHANTA_HIMEJI_CASTLE_UNLOCK');

INSERT INTO Modifiers (ModifierId, ModifierType, RunOnce, Permanent, NewOnly, OwnerRequirementSetId, SubjectRequirementSetId) VALUES 
('MODFEAT_PHANTA_HIMEJI_CASTLE_UNLOCK', 'MODIFIER_PLAYER_ADJUST_VALID_BUILDING', 0, 0, 0, NULL, NULL);

INSERT INTO ModifierArguments (ModifierId, Name, Value) VALUES 
('MODFEAT_PHANTA_HIMEJI_CASTLE_UNLOCK', 'BuildingType', 'BUILDING_PHANTA_SHIKKUI_WALLS'),
('MODFEAT_PHANTA_HIMEJI_CASTLE_UNLOCK', 'BuildingTypeToReplace', 'BUILDING_STAR_FORT');

--====== 2 Grant Walls

-- Custom ModifierType

INSERT INTO Types (Type, Kind) VALUES 
('MODTYPE_PHANTA_HIMEJI_CASTLE_PLAYER_CITIES_GRANT_BUILDING_IN_CITY_IGNORE', 'KIND_MODIFIER');

INSERT INTO DynamicModifiers (ModifierType, CollectionType, EffectType) VALUES 
('MODTYPE_PHANTA_HIMEJI_CASTLE_PLAYER_CITIES_GRANT_BUILDING_IN_CITY_IGNORE', 'COLLECTION_PLAYER_CITIES', 'EFFECT_GRANT_BUILDING_IN_CITY_IGNORE');

----------
----------

INSERT INTO BuildingModifiers (BuildingType, ModifierId) VALUES 
('BUILDING_PHANTA_HIMEJI_CASTLE', 'MODFEAT_PHANTA_HIMEJI_CASTLE_GRANT_WALLS'),
('BUILDING_PHANTA_HIMEJI_CASTLE', 'MODFEAT_PHANTA_HIMEJI_CASTLE_GRANT_CASTLE'),
('BUILDING_PHANTA_HIMEJI_CASTLE', 'MODFEAT_PHANTA_HIMEJI_CASTLE_GRANT_STAR_FORT');


INSERT INTO Modifiers (ModifierId, ModifierType, RunOnce, Permanent, NewOnly, OwnerRequirementSetId, SubjectRequirementSetId) VALUES 
('MODFEAT_PHANTA_HIMEJI_CASTLE_GRANT_WALLS', 'MODTYPE_PHANTA_HIMEJI_CASTLE_PLAYER_CITIES_GRANT_BUILDING_IN_CITY_IGNORE', 0, 1, 0, NULL, NULL),
('MODFEAT_PHANTA_HIMEJI_CASTLE_GRANT_CASTLE', 'MODTYPE_PHANTA_HIMEJI_CASTLE_PLAYER_CITIES_GRANT_BUILDING_IN_CITY_IGNORE', 0, 1, 0, NULL, NULL),
('MODFEAT_PHANTA_HIMEJI_CASTLE_GRANT_STAR_FORT', 'MODTYPE_PHANTA_HIMEJI_CASTLE_PLAYER_CITIES_GRANT_BUILDING_IN_CITY_IGNORE', 0, 1, 0, NULL, NULL);

INSERT INTO ModifierArguments (ModifierId, Name, Value) VALUES 
('MODFEAT_PHANTA_HIMEJI_CASTLE_GRANT_WALLS', 'BuildingType', 'BUILDING_WALLS'),
('MODFEAT_PHANTA_HIMEJI_CASTLE_GRANT_CASTLE', 'BuildingType', 'BUILDING_CASTLE'),
('MODFEAT_PHANTA_HIMEJI_CASTLE_GRANT_STAR_FORT', 'BuildingType', 'BUILDING_STAR_FORT');

--==== 3 Shikkui Walls

INSERT INTO BuildingModifiers (BuildingType, ModifierId) VALUES 
('BUILDING_PHANTA_SHIKKUI_WALLS', 'TSIKHE_PREVENT_MELEE_ATTACK_OUTER_DEFENSES'),
('BUILDING_PHANTA_SHIKKUI_WALLS', 'TSIKHE_PREVENT_BYPASS_OUTER_DEFENSE');


-- RequirementSets

INSERT INTO RequirementSets (RequirementSetId, RequirementSetType) VALUES 
('REQSET_PHANTA_SHIKKUI_WALLS_ADJACENT_WONDER', 'REQUIREMENTSET_TEST_ALL');

INSERT INTO RequirementSetRequirements (RequirementSetId, RequirementId) VALUES 
('REQSET_PHANTA_SHIKKUI_WALLS_ADJACENT_WONDER', 'REQ_PHANTA_SHIKKUI_WALLS_ADJACENT_WONDER'), 
('REQSET_PHANTA_SHIKKUI_WALLS_ADJACENT_WONDER', 'REQ_PHANTA_SHIKKUI_WALLS_BUILDING');

-- Requirements

INSERT INTO Requirements (RequirementId, RequirementType) VALUES 
('REQ_PHANTA_SHIKKUI_WALLS_ADJACENT_WONDER', 'REQUIREMENT_PLOT_ADJACENT_TO_WONDER'), 
('REQ_PHANTA_SHIKKUI_WALLS_BUILDING', 'REQUIREMENT_CITY_HAS_BUILDING');

INSERT INTO RequirementArguments (RequirementId, Name, Value) VALUES 
('REQ_PHANTA_SHIKKUI_WALLS_ADJACENT_WONDER', 'MaxDistance', '1'), 
('REQ_PHANTA_SHIKKUI_WALLS_ADJACENT_WONDER', 'MinDistance', '1'), 
('REQ_PHANTA_SHIKKUI_WALLS_BUILDING', 'BuildingType', 'BUILDING_PHANTA_SHIKKUI_WALLS');

----------
----------

INSERT INTO TraitModifiers (TraitType, ModifierId) VALUES 
('TRAIT_LEADER_MAJOR_CIV', 'MODFEAT_PHANTA_SHIKKUI_WALLS_CULTURE');

INSERT INTO Modifiers (ModifierId, ModifierType, RunOnce, Permanent, NewOnly, OwnerRequirementSetId, SubjectRequirementSetId) VALUES 
('MODFEAT_PHANTA_SHIKKUI_WALLS_CULTURE', 'MODIFIER_PLAYER_CITIES_ADJUST_BUILDING_YIELD_CHANGE', 0, 0, 0, NULL, 'REQSET_PHANTA_SHIKKUI_WALLS_ADJACENT_WONDER');

INSERT INTO ModifierArguments (ModifierId, Name, Value) VALUES 
('MODFEAT_PHANTA_SHIKKUI_WALLS_CULTURE', 'Amount', '4'), 
('MODFEAT_PHANTA_SHIKKUI_WALLS_CULTURE', 'BuildingType', 'BUILDING_PHANTA_SHIKKUI_WALLS'), 
('MODFEAT_PHANTA_SHIKKUI_WALLS_CULTURE', 'YieldType', 'YIELD_CULTURE');

----------
----------

INSERT INTO TraitModifiers (TraitType, ModifierId) VALUES 
('TRAIT_LEADER_MAJOR_CIV', 'MODFEAT_PHANTA_SHIKKUI_WALLS_TOURISM_ATTACH');

INSERT INTO Modifiers (ModifierId, ModifierType, RunOnce, Permanent, NewOnly, OwnerRequirementSetId, SubjectRequirementSetId) VALUES 
('MODFEAT_PHANTA_SHIKKUI_WALLS_TOURISM_ATTACH', 'MODIFIER_PLAYER_CITIES_ATTACH_MODIFIER', 0, 0, 0, NULL, 'REQSET_PHANTA_SHIKKUI_WALLS_ADJACENT_WONDER');

INSERT INTO ModifierArguments (ModifierId, Name, Value) VALUES 
('MODFEAT_PHANTA_SHIKKUI_WALLS_TOURISM_ATTACH', 'ModifierId', 'MODFEAT_PHANTA_SHIKKUI_WALLS_TOURISM');

----------
----------

INSERT INTO Modifiers (ModifierId, ModifierType, RunOnce, Permanent, NewOnly, OwnerRequirementSetId, SubjectRequirementSetId) VALUES 
('MODFEAT_PHANTA_SHIKKUI_WALLS_TOURISM', 'MODIFIER_CITY_DISTRICTS_ADJUST_TOURISM_CHANGE', 0, 0, 0, NULL, 'REQSET_PHANTA_SHIKKUI_WALLS_CITY_CENTER');

INSERT INTO ModifierArguments (ModifierId, Name, Value) VALUES 
('MODFEAT_PHANTA_SHIKKUI_WALLS_TOURISM', 'Amount', '4');

-- RequirementSets

INSERT INTO RequirementSets (RequirementSetId, RequirementSetType) VALUES 
('REQSET_PHANTA_SHIKKUI_WALLS_CITY_CENTER', 'REQUIREMENTSET_TEST_ALL');

INSERT INTO RequirementSetRequirements (RequirementSetId, RequirementId) VALUES 
('REQSET_PHANTA_SHIKKUI_WALLS_CITY_CENTER', 'REQ_PHANTA_SHIKKUI_WALLS_CITY_CENTER');

-- Requirements

INSERT INTO Requirements (RequirementId, RequirementType) VALUES 
('REQ_PHANTA_SHIKKUI_WALLS_CITY_CENTER', 'REQUIREMENT_DISTRICT_TYPE_MATCHES');

INSERT INTO RequirementArguments (RequirementId, Name, Value) VALUES 
('REQ_PHANTA_SHIKKUI_WALLS_CITY_CENTER', 'DistrictType', 'DISTRICT_CITY_CENTER');










