-- Savannah_Maori
-- Author: JNR
--------------------------------------------------------------

-- RequirementSets
--------------------------------------------------------------
INSERT OR IGNORE INTO RequirementSets
		(RequirementSetId,										RequirementSetType)
VALUES	('PLOT_HAS_JNR_SAVANNAH_NO_IMPROVEMENT_REQUIREMENTS',	'REQUIREMENTSET_TEST_ALL'),
		('PLOT_HAS_JNR_SAVANNAH_MERCANTILISM_REQUIREMENTS',		'REQUIREMENTSET_TEST_ALL'),
		('PLOT_HAS_JNR_SAVANNAH_CONSERVATION_REQUIREMENTS'	,	'REQUIREMENTSET_TEST_ALL');
--------------------------------------------------------------

-- RequirementSetRequirements
--------------------------------------------------------------
INSERT OR IGNORE INTO RequirementSetRequirements
		(RequirementSetId,										RequirementId)
VALUES	('PLOT_HAS_JNR_SAVANNAH_NO_IMPROVEMENT_REQUIREMENTS',	'PLOT_IS_JNR_SAVANNAH_REQUIREMENT'),
		('PLOT_HAS_JNR_SAVANNAH_NO_IMPROVEMENT_REQUIREMENTS',	'REQUIRES_PLOT_HAS_NO_IMPROVEMENT'),

		('PLOT_HAS_JNR_SAVANNAH_MERCANTILISM_REQUIREMENTS',		'PLOT_IS_JNR_SAVANNAH_REQUIREMENT'),
		('PLOT_HAS_JNR_SAVANNAH_MERCANTILISM_REQUIREMENTS',		'REQUIRES_PLOT_HAS_NO_IMPROVEMENT'),
		('PLOT_HAS_JNR_SAVANNAH_MERCANTILISM_REQUIREMENTS',		'REQUIRES_PLAYER_HAS_MERCANTILISM'),

		('PLOT_HAS_JNR_SAVANNAH_CONSERVATION_REQUIREMENTS',		'PLOT_IS_JNR_SAVANNAH_REQUIREMENT'),
		('PLOT_HAS_JNR_SAVANNAH_CONSERVATION_REQUIREMENTS',		'REQUIRES_PLOT_HAS_NO_IMPROVEMENT'),
		('PLOT_HAS_JNR_SAVANNAH_CONSERVATION_REQUIREMENTS',		'REQUIRES_PLAYER_HAS_CONSERVATION');
--------------------------------------------------------------

-- Modifiers
--------------------------------------------------------------
INSERT OR IGNORE INTO Modifiers
		(ModifierId,											ModifierType,							SubjectRequirementSetId)
VALUES	('TRAIT_MAORI_PRODUCTION_JNR_SAVANNAH',					'MODIFIER_PLAYER_ADJUST_PLOT_YIELD',	'PLOT_HAS_JNR_SAVANNAH_NO_IMPROVEMENT_REQUIREMENTS'),
		('TRAIT_MAORI_PRODUCTION_JNR_SAVANNAH_MERCANTILISM',	'MODIFIER_PLAYER_ADJUST_PLOT_YIELD',	'PLOT_HAS_JNR_SAVANNAH_MERCANTILISM_REQUIREMENTS'),
		('TRAIT_MAORI_PRODUCTION_JNR_SAVANNAH_CONSERVATION',	'MODIFIER_PLAYER_ADJUST_PLOT_YIELD',	'PLOT_HAS_JNR_SAVANNAH_CONSERVATION_REQUIREMENTS');
--------------------------------------------------------------

-- ModifierArguments
--------------------------------------------------------------
INSERT OR IGNORE INTO ModifierArguments
		(ModifierId,											Name,			Value)
VALUES	('TRAIT_MAORI_PRODUCTION_JNR_SAVANNAH',					'YieldType',	'YIELD_PRODUCTION'),
		('TRAIT_MAORI_PRODUCTION_JNR_SAVANNAH',					'Amount',		1),
		('TRAIT_MAORI_PRODUCTION_JNR_SAVANNAH_MERCANTILISM',	'YieldType',	'YIELD_PRODUCTION'),
		('TRAIT_MAORI_PRODUCTION_JNR_SAVANNAH_MERCANTILISM',	'Amount',		1),
		('TRAIT_MAORI_PRODUCTION_JNR_SAVANNAH_CONSERVATION',	'YieldType',	'YIELD_PRODUCTION'),
		('TRAIT_MAORI_PRODUCTION_JNR_SAVANNAH_CONSERVATION',	'Amount',		2);
--------------------------------------------------------------

-- TraitModifiers
--------------------------------------------------------------
INSERT OR IGNORE INTO TraitModifiers
		(TraitType,							ModifierId)
VALUES	('TRAIT_CIVILIZATION_MAORI_MANA',	'TRAIT_MAORI_PRODUCTION_JNR_SAVANNAH'),
		('TRAIT_CIVILIZATION_MAORI_MANA',	'TRAIT_MAORI_PRODUCTION_JNR_SAVANNAH_MERCANTILISM'),
		('TRAIT_CIVILIZATION_MAORI_MANA',	'TRAIT_MAORI_PRODUCTION_JNR_SAVANNAH_CONSERVATION');
--------------------------------------------------------------