-- Gov_Tier5_Bonuses_Revolutionary
-- Author: JNR
--------------------------------------------------------------

-- RequirementSets
--------------------------------------------------------------
INSERT OR IGNORE INTO RequirementSets
		(RequirementSetId,										RequirementSetType)
VALUES	('DISTRICT_IS_ENTERTAINMENT_COMPLEX_OR_WATER_PARK_JNR',	'REQUIREMENTSET_TEST_ANY');
--------------------------------------------------------------

-- RequirementSetRequirements
--------------------------------------------------------------
INSERT OR IGNORE INTO RequirementSetRequirements
		(RequirementSetId,										RequirementId)
VALUES	('DISTRICT_IS_ENTERTAINMENT_COMPLEX_OR_WATER_PARK_JNR',	'REQUIRES_DISTRICT_IS_ENTERTAINMENT_COMPLEX'),
		('DISTRICT_IS_ENTERTAINMENT_COMPLEX_OR_WATER_PARK_JNR',	'REQUIRES_DISTRICT_IS_WATER_PARK');
--------------------------------------------------------------

-- Modifiers
--------------------------------------------------------------
INSERT OR IGNORE INTO Modifiers
		(ModifierId,									ModifierType,															SubjectRequirementSetId)
VALUES	('REVOLUTIONARY_JNR_LOYALTY_PRESSURE',			'MODIFIER_PLAYER_CITIES_ADJUST_IDENTITY_PER_CITIZEN',					NULL),
		('REVOLUTIONARY_JNR_CAMPUS_SCIENCE_1_ATTACH',	'MODIFIER_JNR_PLAYER_DISTRICTS_ATTACH_MODIFIER',						'DISTRICT_IS_CAMPUS'),
		('REVOLUTIONARY_JNR_CAMPUS_SCIENCE_1',			'MODIFIER_PLAYER_DISTRICT_ADJUST_BASE_YIELD_CHANGE',					'STADIUM_10_POPULATION_REQUIREMENTS'),
		('REVOLUTIONARY_JNR_CAMPUS_SCIENCE_2_ATTACH',	'MODIFIER_JNR_PLAYER_DISTRICTS_ATTACH_MODIFIER',						'DISTRICT_IS_CAMPUS'),
		('REVOLUTIONARY_JNR_CAMPUS_SCIENCE_2',			'MODIFIER_PLAYER_DISTRICT_ADJUST_BASE_YIELD_CHANGE',					'STADIUM_20_POPULATION_REQUIREMENTS'),
		('REVOLUTIONARY_JNR_THEATER_CULTURE_1_ATTACH',	'MODIFIER_JNR_PLAYER_DISTRICTS_ATTACH_MODIFIER',						'DISTRICT_IS_THEATER'),
		('REVOLUTIONARY_JNR_THEATER_CULTURE_1',			'MODIFIER_PLAYER_DISTRICT_ADJUST_BASE_YIELD_CHANGE',					'STADIUM_10_POPULATION_REQUIREMENTS'),
		('REVOLUTIONARY_JNR_THEATER_CULTURE_2_ATTACH',	'MODIFIER_JNR_PLAYER_DISTRICTS_ATTACH_MODIFIER',						'DISTRICT_IS_THEATER'),
		('REVOLUTIONARY_JNR_THEATER_CULTURE_2',			'MODIFIER_PLAYER_DISTRICT_ADJUST_BASE_YIELD_CHANGE',					'STADIUM_20_POPULATION_REQUIREMENTS'),
		('REVOLUTIONARY_JNR_HOLY_SITE_FAITH_1_ATTACH',	'MODIFIER_JNR_PLAYER_DISTRICTS_ATTACH_MODIFIER',						'DISTRICT_IS_HOLY_SITE'),
		('REVOLUTIONARY_JNR_HOLY_SITE_FAITH_1',			'MODIFIER_PLAYER_DISTRICT_ADJUST_BASE_YIELD_CHANGE',					'STADIUM_10_POPULATION_REQUIREMENTS'),
		('REVOLUTIONARY_JNR_HOLY_SITE_FAITH_2_ATTACH',	'MODIFIER_JNR_PLAYER_DISTRICTS_ATTACH_MODIFIER',						'DISTRICT_IS_HOLY_SITE'),
		('REVOLUTIONARY_JNR_HOLY_SITE_FAITH_2',			'MODIFIER_PLAYER_DISTRICT_ADJUST_BASE_YIELD_CHANGE',					'STADIUM_20_POPULATION_REQUIREMENTS'),
		('REVOLUTIONARY_JNR_IZ_PRODUCTION_1_ATTACH',	'MODIFIER_JNR_PLAYER_DISTRICTS_ATTACH_MODIFIER',						'DISTRICT_IS_INDUSTRIAL_ZONE'),
		('REVOLUTIONARY_JNR_IZ_PRODUCTION_1',			'MODIFIER_PLAYER_DISTRICT_ADJUST_BASE_YIELD_CHANGE',					'STADIUM_10_POPULATION_REQUIREMENTS'),
		('REVOLUTIONARY_JNR_IZ_PRODUCTION_2_ATTACH',	'MODIFIER_JNR_PLAYER_DISTRICTS_ATTACH_MODIFIER',						'DISTRICT_IS_INDUSTRIAL_ZONE'),
		('REVOLUTIONARY_JNR_IZ_PRODUCTION_2',			'MODIFIER_PLAYER_DISTRICT_ADJUST_BASE_YIELD_CHANGE',					'STADIUM_20_POPULATION_REQUIREMENTS'),
		('REVOLUTIONARY_JNR_COM_HUB_GOLD_1_ATTACH',		'MODIFIER_JNR_PLAYER_DISTRICTS_ATTACH_MODIFIER',						'DISTRICT_IS_COMMERCIAL_HUB'),
		('REVOLUTIONARY_JNR_COM_HUB_GOLD_1',			'MODIFIER_PLAYER_DISTRICT_ADJUST_BASE_YIELD_CHANGE',					'STADIUM_10_POPULATION_REQUIREMENTS'),
		('REVOLUTIONARY_JNR_COM_HUB_GOLD_2_ATTACH',		'MODIFIER_JNR_PLAYER_DISTRICTS_ATTACH_MODIFIER',						'DISTRICT_IS_COMMERCIAL_HUB'),
		('REVOLUTIONARY_JNR_COM_HUB_GOLD_2',			'MODIFIER_PLAYER_DISTRICT_ADJUST_BASE_YIELD_CHANGE',					'STADIUM_20_POPULATION_REQUIREMENTS'),
		('REVOLUTIONARY_JNR_HARBOR_GOLD_1_ATTACH',		'MODIFIER_JNR_PLAYER_DISTRICTS_ATTACH_MODIFIER',						'DISTRICT_IS_HARBOR'),
		('REVOLUTIONARY_JNR_HARBOR_GOLD_1',				'MODIFIER_PLAYER_DISTRICT_ADJUST_BASE_YIELD_CHANGE',					'STADIUM_10_POPULATION_REQUIREMENTS'),
		('REVOLUTIONARY_JNR_HARBOR_GOLD_2_ATTACH',		'MODIFIER_JNR_PLAYER_DISTRICTS_ATTACH_MODIFIER',						'DISTRICT_IS_HARBOR'),
		('REVOLUTIONARY_JNR_HARBOR_GOLD_2',				'MODIFIER_PLAYER_DISTRICT_ADJUST_BASE_YIELD_CHANGE',					'STADIUM_20_POPULATION_REQUIREMENTS'),
		('REVOLUTIONARY_JNR_ENC_PRODUCTION_1_ATTACH',	'MODIFIER_JNR_PLAYER_DISTRICTS_ATTACH_MODIFIER',						'DISTRICT_IS_ENCAMPMENT'),
		('REVOLUTIONARY_JNR_ENC_PRODUCTION_1',			'MODIFIER_PLAYER_DISTRICT_ADJUST_BASE_YIELD_CHANGE',					'STADIUM_10_POPULATION_REQUIREMENTS'),
		('REVOLUTIONARY_JNR_ENC_PRODUCTION_2_ATTACH',	'MODIFIER_JNR_PLAYER_DISTRICTS_ATTACH_MODIFIER',						'DISTRICT_IS_ENCAMPMENT'),
		('REVOLUTIONARY_JNR_ENC_PRODUCTION_2',			'MODIFIER_PLAYER_DISTRICT_ADJUST_BASE_YIELD_CHANGE',					'STADIUM_20_POPULATION_REQUIREMENTS'),
		('REVOLUTIONARY_JNR_ENT_GOLD_1_ATTACH',			'MODIFIER_JNR_PLAYER_DISTRICTS_ATTACH_MODIFIER',						'DISTRICT_IS_ENTERTAINMENT_COMPLEX_OR_WATER_PARK_JNR'),
		('REVOLUTIONARY_JNR_ENT_GOLD_1',				'MODIFIER_PLAYER_DISTRICT_ADJUST_BASE_YIELD_CHANGE',					'STADIUM_10_POPULATION_REQUIREMENTS'),
		('REVOLUTIONARY_JNR_ENT_GOLD_2_ATTACH',			'MODIFIER_JNR_PLAYER_DISTRICTS_ATTACH_MODIFIER',						'DISTRICT_IS_ENTERTAINMENT_COMPLEX_OR_WATER_PARK_JNR'),
		('REVOLUTIONARY_JNR_ENT_GOLD_2',				'MODIFIER_PLAYER_DISTRICT_ADJUST_BASE_YIELD_CHANGE',					'STADIUM_20_POPULATION_REQUIREMENTS');
--------------------------------------------------------------

-- ModifierArguments
--------------------------------------------------------------
INSERT OR IGNORE INTO ModifierArguments
		(ModifierId,									Name,			Value)
VALUES	('REVOLUTIONARY_JNR_LOYALTY_PRESSURE',			'Amount',		0.5),
		('REVOLUTIONARY_JNR_CAMPUS_SCIENCE_1_ATTACH',	'ModifierId',	'REVOLUTIONARY_JNR_CAMPUS_SCIENCE_1'),
		('REVOLUTIONARY_JNR_CAMPUS_SCIENCE_1',			'YieldType',	'YIELD_SCIENCE'),
		('REVOLUTIONARY_JNR_CAMPUS_SCIENCE_1',			'Amount',		1),
		('REVOLUTIONARY_JNR_CAMPUS_SCIENCE_2_ATTACH',	'ModifierId',	'REVOLUTIONARY_JNR_CAMPUS_SCIENCE_2'),
		('REVOLUTIONARY_JNR_CAMPUS_SCIENCE_2',			'YieldType',	'YIELD_SCIENCE'),
		('REVOLUTIONARY_JNR_CAMPUS_SCIENCE_2',			'Amount',		1),
		('REVOLUTIONARY_JNR_THEATER_CULTURE_1_ATTACH',	'ModifierId',	'REVOLUTIONARY_JNR_THEATER_CULTURE_1'),
		('REVOLUTIONARY_JNR_THEATER_CULTURE_1',			'YieldType',	'YIELD_CULTURE'),
		('REVOLUTIONARY_JNR_THEATER_CULTURE_1',			'Amount',		1),
		('REVOLUTIONARY_JNR_THEATER_CULTURE_2_ATTACH',	'ModifierId',	'REVOLUTIONARY_JNR_THEATER_CULTURE_2'),
		('REVOLUTIONARY_JNR_THEATER_CULTURE_2',			'YieldType',	'YIELD_CULTURE'),
		('REVOLUTIONARY_JNR_THEATER_CULTURE_2',			'Amount',		1),
		('REVOLUTIONARY_JNR_HOLY_SITE_FAITH_1_ATTACH',	'ModifierId',	'REVOLUTIONARY_JNR_HOLY_SITE_FAITH_1'),
		('REVOLUTIONARY_JNR_HOLY_SITE_FAITH_1',			'YieldType',	'YIELD_FAITH'),
		('REVOLUTIONARY_JNR_HOLY_SITE_FAITH_1',			'Amount',		1),
		('REVOLUTIONARY_JNR_HOLY_SITE_FAITH_2_ATTACH',	'ModifierId',	'REVOLUTIONARY_JNR_HOLY_SITE_FAITH_2'),
		('REVOLUTIONARY_JNR_HOLY_SITE_FAITH_2',			'YieldType',	'YIELD_FAITH'),
		('REVOLUTIONARY_JNR_HOLY_SITE_FAITH_2',			'Amount',		1),
		('REVOLUTIONARY_JNR_IZ_PRODUCTION_1_ATTACH',	'ModifierId',	'REVOLUTIONARY_JNR_IZ_PRODUCTION_1'),
		('REVOLUTIONARY_JNR_IZ_PRODUCTION_1',			'YieldType',	'YIELD_PRODUCTION'),
		('REVOLUTIONARY_JNR_IZ_PRODUCTION_1',			'Amount',		1),
		('REVOLUTIONARY_JNR_IZ_PRODUCTION_2_ATTACH',	'ModifierId',	'REVOLUTIONARY_JNR_IZ_PRODUCTION_2'),
		('REVOLUTIONARY_JNR_IZ_PRODUCTION_2',			'YieldType',	'YIELD_PRODUCTION'),
		('REVOLUTIONARY_JNR_IZ_PRODUCTION_2',			'Amount',		1),
		('REVOLUTIONARY_JNR_COM_HUB_GOLD_1_ATTACH',		'ModifierId',	'REVOLUTIONARY_JNR_COM_HUB_GOLD_1'),
		('REVOLUTIONARY_JNR_COM_HUB_GOLD_1',			'YieldType',	'YIELD_GOLD'),
		('REVOLUTIONARY_JNR_COM_HUB_GOLD_1',			'Amount',		1),
		('REVOLUTIONARY_JNR_COM_HUB_GOLD_2_ATTACH',		'ModifierId',	'REVOLUTIONARY_JNR_COM_HUB_GOLD_2'),
		('REVOLUTIONARY_JNR_COM_HUB_GOLD_2',			'YieldType',	'YIELD_GOLD'),
		('REVOLUTIONARY_JNR_COM_HUB_GOLD_2',			'Amount',		1),
		('REVOLUTIONARY_JNR_HARBOR_GOLD_1_ATTACH',		'ModifierId',	'REVOLUTIONARY_JNR_HARBOR_GOLD_1'),
		('REVOLUTIONARY_JNR_HARBOR_GOLD_1',				'YieldType',	'YIELD_GOLD'),
		('REVOLUTIONARY_JNR_HARBOR_GOLD_1',				'Amount',		1),
		('REVOLUTIONARY_JNR_HARBOR_GOLD_2_ATTACH',		'ModifierId',	'REVOLUTIONARY_JNR_HARBOR_GOLD_2'),
		('REVOLUTIONARY_JNR_HARBOR_GOLD_2',				'YieldType',	'YIELD_GOLD'),
		('REVOLUTIONARY_JNR_HARBOR_GOLD_2',				'Amount',		1),
		('REVOLUTIONARY_JNR_ENC_PRODUCTION_1_ATTACH',	'ModifierId',	'REVOLUTIONARY_JNR_ENC_PRODUCTION_1'),
		('REVOLUTIONARY_JNR_ENC_PRODUCTION_1',			'YieldType',	'YIELD_PRODUCTION'),
		('REVOLUTIONARY_JNR_ENC_PRODUCTION_1',			'Amount',		1),
		('REVOLUTIONARY_JNR_ENC_PRODUCTION_2_ATTACH',	'ModifierId',	'REVOLUTIONARY_JNR_ENC_PRODUCTION_2'),
		('REVOLUTIONARY_JNR_ENC_PRODUCTION_2',			'YieldType',	'YIELD_PRODUCTION'),
		('REVOLUTIONARY_JNR_ENC_PRODUCTION_2',			'Amount',		1),
		('REVOLUTIONARY_JNR_ENT_GOLD_1_ATTACH',			'ModifierId',	'REVOLUTIONARY_JNR_ENT_GOLD_1'),
		('REVOLUTIONARY_JNR_ENT_GOLD_1',				'YieldType',	'YIELD_GOLD'),
		('REVOLUTIONARY_JNR_ENT_GOLD_1',				'Amount',		1),
		('REVOLUTIONARY_JNR_ENT_GOLD_2_ATTACH',			'ModifierId',	'REVOLUTIONARY_JNR_ENT_GOLD_2'),
		('REVOLUTIONARY_JNR_ENT_GOLD_2',				'YieldType',	'YIELD_GOLD'),
		('REVOLUTIONARY_JNR_ENT_GOLD_2',				'Amount',		1);
--------------------------------------------------------------

-- GovernmentModifiers
--------------------------------------------------------------
INSERT OR IGNORE INTO GovernmentModifiers
		(GovernmentType,					ModifierId)
VALUES	('GOVERNMENT_JNR_REVOLUTIONARY',	'REVOLUTIONARY_JNR_LOYALTY_PRESSURE'),
		('GOVERNMENT_JNR_REVOLUTIONARY',	'REVOLUTIONARY_JNR_CAMPUS_SCIENCE_1_ATTACH'),
		('GOVERNMENT_JNR_REVOLUTIONARY',	'REVOLUTIONARY_JNR_CAMPUS_SCIENCE_2_ATTACH'),
		('GOVERNMENT_JNR_REVOLUTIONARY',	'REVOLUTIONARY_JNR_THEATER_CULTURE_1_ATTACH'),
		('GOVERNMENT_JNR_REVOLUTIONARY',	'REVOLUTIONARY_JNR_THEATER_CULTURE_2_ATTACH'),
		('GOVERNMENT_JNR_REVOLUTIONARY',	'REVOLUTIONARY_JNR_HOLY_SITE_FAITH_1_ATTACH'),
		('GOVERNMENT_JNR_REVOLUTIONARY',	'REVOLUTIONARY_JNR_HOLY_SITE_FAITH_2_ATTACH'),
		('GOVERNMENT_JNR_REVOLUTIONARY',	'REVOLUTIONARY_JNR_IZ_PRODUCTION_1_ATTACH'),
		('GOVERNMENT_JNR_REVOLUTIONARY',	'REVOLUTIONARY_JNR_IZ_PRODUCTION_2_ATTACH'),
		('GOVERNMENT_JNR_REVOLUTIONARY',	'REVOLUTIONARY_JNR_COM_HUB_GOLD_1_ATTACH'),
		('GOVERNMENT_JNR_REVOLUTIONARY',	'REVOLUTIONARY_JNR_COM_HUB_GOLD_2_ATTACH'),
		('GOVERNMENT_JNR_REVOLUTIONARY',	'REVOLUTIONARY_JNR_HARBOR_GOLD_1_ATTACH'),
		('GOVERNMENT_JNR_REVOLUTIONARY',	'REVOLUTIONARY_JNR_HARBOR_GOLD_2_ATTACH');

INSERT OR IGNORE INTO GovernmentModifiers
		(GovernmentType,					ModifierId)		
SELECT	'GOVERNMENT_JNR_REVOLUTIONARY',		'REVOLUTIONARY_JNR_ENC_PRODUCTION_1_ATTACH'
FROM	District_Adjacencies
WHERE	DistrictType='DISTRICT_ENCAMPMENT'
		AND YieldChangeId='District_Production';

INSERT OR IGNORE INTO GovernmentModifiers
		(GovernmentType,					ModifierId)		
SELECT	'GOVERNMENT_JNR_REVOLUTIONARY',		'REVOLUTIONARY_JNR_ENC_PRODUCTION_2_ATTACH'
FROM	District_Adjacencies
WHERE	DistrictType='DISTRICT_ENCAMPMENT'
		AND YieldChangeId='District_Production';

INSERT OR IGNORE INTO GovernmentModifiers
		(GovernmentType,					ModifierId)		
SELECT	'GOVERNMENT_JNR_REVOLUTIONARY',		'REVOLUTIONARY_JNR_ENT_GOLD_1_ATTACH'
FROM	District_Adjacencies
WHERE	DistrictType='DISTRICT_ENTERTAINMENT_COMPLEX'
		AND YieldChangeId='District_Gold';

INSERT OR IGNORE INTO GovernmentModifiers
		(GovernmentType,					ModifierId)		
SELECT	'GOVERNMENT_JNR_REVOLUTIONARY',		'REVOLUTIONARY_JNR_ENT_GOLD_2_ATTACH'
FROM	District_Adjacencies
WHERE	DistrictType='DISTRICT_ENTERTAINMENT_COMPLEX'
		AND YieldChangeId='District_Gold';
--------------------------------------------------------------

-- PolicyModifiers
--------------------------------------------------------------
INSERT OR IGNORE INTO PolicyModifiers
		(PolicyType,						ModifierId)
VALUES	('POLICY_GOV_JNR_REVOLUTIONARY',	'REVOLUTIONARY_JNR_LOYALTY_PRESSURE'),
		('POLICY_GOV_JNR_REVOLUTIONARY',	'REVOLUTIONARY_JNR_CAMPUS_SCIENCE_1_ATTACH'),
		('POLICY_GOV_JNR_REVOLUTIONARY',	'REVOLUTIONARY_JNR_CAMPUS_SCIENCE_2_ATTACH'),
		('POLICY_GOV_JNR_REVOLUTIONARY',	'REVOLUTIONARY_JNR_THEATER_CULTURE_1_ATTACH'),
		('POLICY_GOV_JNR_REVOLUTIONARY',	'REVOLUTIONARY_JNR_THEATER_CULTURE_2_ATTACH'),
		('POLICY_GOV_JNR_REVOLUTIONARY',	'REVOLUTIONARY_JNR_HOLY_SITE_FAITH_1_ATTACH'),
		('POLICY_GOV_JNR_REVOLUTIONARY',	'REVOLUTIONARY_JNR_HOLY_SITE_FAITH_2_ATTACH'),
		('POLICY_GOV_JNR_REVOLUTIONARY',	'REVOLUTIONARY_JNR_IZ_PRODUCTION_1_ATTACH'),
		('POLICY_GOV_JNR_REVOLUTIONARY',	'REVOLUTIONARY_JNR_IZ_PRODUCTION_2_ATTACH'),
		('POLICY_GOV_JNR_REVOLUTIONARY',	'REVOLUTIONARY_JNR_COM_HUB_GOLD_1_ATTACH'),
		('POLICY_GOV_JNR_REVOLUTIONARY',	'REVOLUTIONARY_JNR_COM_HUB_GOLD_2_ATTACH'),
		('POLICY_GOV_JNR_REVOLUTIONARY',	'REVOLUTIONARY_JNR_HARBOR_GOLD_1_ATTACH'),
		('POLICY_GOV_JNR_REVOLUTIONARY',	'REVOLUTIONARY_JNR_HARBOR_GOLD_2_ATTACH');

INSERT OR IGNORE INTO PolicyModifiers
		(PolicyType,						ModifierId)		
SELECT	'POLICY_GOV_JNR_REVOLUTIONARY',		'REVOLUTIONARY_JNR_ENC_PRODUCTION_1_ATTACH'
FROM	District_Adjacencies
WHERE	DistrictType='DISTRICT_ENCAMPMENT'
		AND YieldChangeId='District_Production';

INSERT OR IGNORE INTO PolicyModifiers
		(PolicyType,						ModifierId)		
SELECT	'POLICY_GOV_JNR_REVOLUTIONARY',		'REVOLUTIONARY_JNR_ENC_PRODUCTION_2_ATTACH'
FROM	District_Adjacencies
WHERE	DistrictType='DISTRICT_ENCAMPMENT'
		AND YieldChangeId='District_Production';

INSERT OR IGNORE INTO PolicyModifiers
		(PolicyType,						ModifierId)		
SELECT	'POLICY_GOV_JNR_REVOLUTIONARY',		'REVOLUTIONARY_JNR_ENT_GOLD_1_ATTACH'
FROM	District_Adjacencies
WHERE	DistrictType='DISTRICT_ENTERTAINMENT_COMPLEX'
		AND YieldChangeId='District_Gold';

INSERT OR IGNORE INTO PolicyModifiers
		(PolicyType,						ModifierId)		
SELECT	'POLICY_GOV_JNR_REVOLUTIONARY',		'REVOLUTIONARY_JNR_ENT_GOLD_2_ATTACH'
FROM	District_Adjacencies
WHERE	DistrictType='DISTRICT_ENTERTAINMENT_COMPLEX'
		AND YieldChangeId='District_Gold';
--------------------------------------------------------------