-- Gov_Tier5_Slots
-- Author: JNR
--------------------------------------------------------------

-- Government_SlotCounts
--------------------------------------------------------------
DELETE FROM Government_SlotCounts;

INSERT OR IGNORE INTO Government_SlotCounts
		(GovernmentType,						GovernmentSlotType,	NumSlots)
VALUES	('GOVERNMENT_CHIEFDOM',					'SLOT_MILITARY',	1),
		('GOVERNMENT_CHIEFDOM',					'SLOT_ECONOMIC',	1),
		
		('GOVERNMENT_AUTOCRACY',				'SLOT_MILITARY',	1),
		('GOVERNMENT_AUTOCRACY',				'SLOT_ECONOMIC',	1),
		('GOVERNMENT_AUTOCRACY',				'SLOT_DIPLOMATIC',	1),
		('GOVERNMENT_OLIGARCHY',				'SLOT_MILITARY',	2),
		('GOVERNMENT_OLIGARCHY',				'SLOT_ECONOMIC',	1),
--		('GOVERNMENT_OLIGARCHY',				'SLOT_DIPLOMATIC',	0),
--		('GOVERNMENT_CLASSICAL_REPUBLIC',		'SLOT_MILITARY',	0),
		('GOVERNMENT_CLASSICAL_REPUBLIC',		'SLOT_ECONOMIC',	2),
		('GOVERNMENT_CLASSICAL_REPUBLIC',		'SLOT_DIPLOMATIC',	1),
		
		('GOVERNMENT_MONARCHY',					'SLOT_MILITARY',	1),
		('GOVERNMENT_MONARCHY',					'SLOT_ECONOMIC',	1),
		('GOVERNMENT_MONARCHY',					'SLOT_DIPLOMATIC',	2),
		('GOVERNMENT_THEOCRACY',				'SLOT_MILITARY',	2),
		('GOVERNMENT_THEOCRACY',				'SLOT_ECONOMIC',	1),
		('GOVERNMENT_THEOCRACY',				'SLOT_DIPLOMATIC',	1),
		('GOVERNMENT_MERCHANT_REPUBLIC',		'SLOT_MILITARY',	1),
		('GOVERNMENT_MERCHANT_REPUBLIC',		'SLOT_ECONOMIC',	2),
		('GOVERNMENT_MERCHANT_REPUBLIC',		'SLOT_DIPLOMATIC',	1),

		('GOVERNMENT_JNR_ABSOLUTISM',			'SLOT_MILITARY',	2),
		('GOVERNMENT_JNR_ABSOLUTISM',			'SLOT_ECONOMIC',	1),
		('GOVERNMENT_JNR_ABSOLUTISM',			'SLOT_DIPLOMATIC',	2),
		('GOVERNMENT_JNR_COMMONWEALTH',			'SLOT_MILITARY',	1),
		('GOVERNMENT_JNR_COMMONWEALTH',			'SLOT_ECONOMIC',	2),
		('GOVERNMENT_JNR_COMMONWEALTH',			'SLOT_DIPLOMATIC',	2),
		('GOVERNMENT_JNR_REVOLUTIONARY',		'SLOT_MILITARY',	2),
		('GOVERNMENT_JNR_REVOLUTIONARY',		'SLOT_ECONOMIC',	2),
		('GOVERNMENT_JNR_REVOLUTIONARY',		'SLOT_DIPLOMATIC',	1),
		
		('GOVERNMENT_FASCISM',					'SLOT_MILITARY',	3),
		('GOVERNMENT_FASCISM',					'SLOT_ECONOMIC',	2),
		('GOVERNMENT_FASCISM',					'SLOT_DIPLOMATIC',	1),
		('GOVERNMENT_COMMUNISM',				'SLOT_MILITARY',	2),
		('GOVERNMENT_COMMUNISM',				'SLOT_ECONOMIC',	3),
		('GOVERNMENT_COMMUNISM',				'SLOT_DIPLOMATIC',	1),
		('GOVERNMENT_DEMOCRACY',				'SLOT_MILITARY',	1),
		('GOVERNMENT_DEMOCRACY',				'SLOT_ECONOMIC',	3),
		('GOVERNMENT_DEMOCRACY',				'SLOT_DIPLOMATIC',	2),
		
		('GOVERNMENT_CORPORATE_LIBERTARIANISM',	'SLOT_MILITARY',	3),
		('GOVERNMENT_CORPORATE_LIBERTARIANISM',	'SLOT_ECONOMIC',	1),
		('GOVERNMENT_CORPORATE_LIBERTARIANISM',	'SLOT_DIPLOMATIC',	1),
		('GOVERNMENT_CORPORATE_LIBERTARIANISM',	'SLOT_WILDCARD',	2),
		('GOVERNMENT_DIGITAL_DEMOCRACY',		'SLOT_MILITARY',	1),
		('GOVERNMENT_DIGITAL_DEMOCRACY',		'SLOT_ECONOMIC',	1),
		('GOVERNMENT_DIGITAL_DEMOCRACY',		'SLOT_DIPLOMATIC',	3),
		('GOVERNMENT_DIGITAL_DEMOCRACY',		'SLOT_WILDCARD',	2),
		('GOVERNMENT_SYNTHETIC_TECHNOCRACY',	'SLOT_MILITARY',	1),
		('GOVERNMENT_SYNTHETIC_TECHNOCRACY',	'SLOT_ECONOMIC',	3),
		('GOVERNMENT_SYNTHETIC_TECHNOCRACY',	'SLOT_DIPLOMATIC',	1),
		('GOVERNMENT_SYNTHETIC_TECHNOCRACY',	'SLOT_WILDCARD',	2);
--------------------------------------------------------------

-- Modifiers
--------------------------------------------------------------
INSERT OR IGNORE INTO Modifiers
		(ModifierId,								ModifierType)
VALUES	('GOVT_JNR_ANCIENT_UPGRADE_WILDCARD',		'MODIFIER_PLAYER_CULTURE_ADJUST_GOVERNMENT_SLOTS_MODIFIER'),
		('GOVT_JNR_POSTCLASSICAL_UPGRADE_WILDCARD',	'MODIFIER_PLAYER_CULTURE_ADJUST_GOVERNMENT_SLOTS_MODIFIER'),
		('GOVT_JNR_RENAISSANCE_UPGRADE_WILDCARD',	'MODIFIER_PLAYER_CULTURE_ADJUST_GOVERNMENT_SLOTS_MODIFIER'),
		('GOVT_JNR_MODERN_UPGRADE_WILDCARD',		'MODIFIER_PLAYER_CULTURE_ADJUST_GOVERNMENT_SLOTS_MODIFIER'),
		('GOVT_JNR_INFORMATION_UPGRADE_MILITARY',	'MODIFIER_PLAYER_CULTURE_ADJUST_GOVERNMENT_SLOTS_MODIFIER'),
		('GOVT_JNR_INFORMATION_UPGRADE_ECONOMIC',	'MODIFIER_PLAYER_CULTURE_ADJUST_GOVERNMENT_SLOTS_MODIFIER'),
		('GOVT_JNR_INFORMATION_UPGRADE_DIPLOMATIC',	'MODIFIER_PLAYER_CULTURE_ADJUST_GOVERNMENT_SLOTS_MODIFIER');
--------------------------------------------------------------

-- ModifierArguments
--------------------------------------------------------------
INSERT OR IGNORE INTO ModifierArguments
		(ModifierId,								Name,					Value)
VALUES	('GOVT_JNR_ANCIENT_UPGRADE_WILDCARD',		'GovernmentSlotType',	'SLOT_WILDCARD'),
		('GOVT_JNR_POSTCLASSICAL_UPGRADE_WILDCARD',	'GovernmentSlotType',	'SLOT_WILDCARD'),
		('GOVT_JNR_RENAISSANCE_UPGRADE_WILDCARD',	'GovernmentSlotType',	'SLOT_WILDCARD'),
		('GOVT_JNR_MODERN_UPGRADE_WILDCARD',		'GovernmentSlotType',	'SLOT_WILDCARD'),
		('GOVT_JNR_INFORMATION_UPGRADE_MILITARY',	'GovernmentSlotType',	'SLOT_MILITARY'),
		('GOVT_JNR_INFORMATION_UPGRADE_ECONOMIC',	'GovernmentSlotType',	'SLOT_ECONOMIC'),
		('GOVT_JNR_INFORMATION_UPGRADE_DIPLOMATIC',	'GovernmentSlotType',	'SLOT_DIPLOMATIC');
--------------------------------------------------------------

-- CivicModifiers
--------------------------------------------------------------
INSERT OR IGNORE INTO CivicModifiers
		(CivicType,						ModifierId)
VALUES	('CIVIC_6T_CONSECRATION',		'GOVT_JNR_ANCIENT_UPGRADE_WILDCARD'),
		('CIVIC_6T_CITIZENSHIP',		'GOVT_JNR_POSTCLASSICAL_UPGRADE_WILDCARD'),
		('CIVIC_HUMANISM',				'GOVT_JNR_RENAISSANCE_UPGRADE_WILDCARD'),
		('CIVIC_MASS_MEDIA',			'GOVT_JNR_MODERN_UPGRADE_WILDCARD'),
		('CIVIC_RAPID_DEPLOYMENT',		'GOVT_JNR_INFORMATION_UPGRADE_MILITARY'),
		('CIVIC_GLOBALIZATION',			'GOVT_JNR_INFORMATION_UPGRADE_ECONOMIC'),
		('CIVIC_SPACE_RACE',			'GOVT_JNR_INFORMATION_UPGRADE_DIPLOMATIC');
--------------------------------------------------------------