-- Gov_Tier5_Bonuses_Commonwealth
-- Author: JNR
--------------------------------------------------------------

-- Modifiers
--------------------------------------------------------------
INSERT OR IGNORE INTO Modifiers
		(ModifierId,										ModifierType)
VALUES	('COMMONWEALTH_JNR_TRADEROUTEGOLDTOALLY',			'MODIFIER_PLAYER_ADJUST_TRADE_ROUTE_DESTINATION_YIELD_FOR_ALLY_ROUTE'),
		('COMMONWEALTH_JNR_TRADEROUTEGOLDFROMALLY',			'MODIFIER_PLAYER_ADJUST_TRADE_ROUTE_ORIGIN_YIELD_FOR_ALLY_ROUTE'),
		('COMMONWEALTH_JNR_TRADEROUTEGOLDTOSUZERAIN',		'MODIFIER_PLAYER_ADJUST_TRADE_ROUTE_DESTINATION_YIELD_FOR_SUZERAIN_ROUTE'),
		('COMMONWEALTH_JNR_TRADEROUTEGOLDFROMSUZERAIN',		'MODIFIER_PLAYER_ADJUST_TRADE_ROUTE_ORIGIN_YIELD_FOR_SUZERAIN_ROUTE'),
		('COMMONWEALTH_JNR_TRADEROUTEFAITHTOALLY',			'MODIFIER_PLAYER_ADJUST_TRADE_ROUTE_DESTINATION_YIELD_FOR_ALLY_ROUTE'),
		('COMMONWEALTH_JNR_TRADEROUTEFAITHFROMALLY',		'MODIFIER_PLAYER_ADJUST_TRADE_ROUTE_ORIGIN_YIELD_FOR_ALLY_ROUTE'),
		('COMMONWEALTH_JNR_TRADEROUTEFAITHTOSUZERAIN',		'MODIFIER_PLAYER_ADJUST_TRADE_ROUTE_DESTINATION_YIELD_FOR_SUZERAIN_ROUTE'),
		('COMMONWEALTH_JNR_TRADEROUTEFAITHFROMSUZERAIN',	'MODIFIER_PLAYER_ADJUST_TRADE_ROUTE_ORIGIN_YIELD_FOR_SUZERAIN_ROUTE');
--------------------------------------------------------------

-- ModifierArguments
--------------------------------------------------------------
INSERT OR IGNORE INTO ModifierArguments
		(ModifierId,										Name,			Value)
VALUES	('COMMONWEALTH_JNR_TRADEROUTEGOLDTOALLY',			'YieldType',	'YIELD_GOLD'),
		('COMMONWEALTH_JNR_TRADEROUTEGOLDTOALLY',			'Amount',		2),
		('COMMONWEALTH_JNR_TRADEROUTEGOLDFROMALLY',			'YieldType',	'YIELD_GOLD'),
		('COMMONWEALTH_JNR_TRADEROUTEGOLDFROMALLY',			'Amount',		2),
		('COMMONWEALTH_JNR_TRADEROUTEGOLDTOSUZERAIN',		'YieldType',	'YIELD_GOLD'),
		('COMMONWEALTH_JNR_TRADEROUTEGOLDTOSUZERAIN',		'Amount',		2),
		('COMMONWEALTH_JNR_TRADEROUTEGOLDFROMSUZERAIN',		'YieldType',	'YIELD_GOLD'),
		('COMMONWEALTH_JNR_TRADEROUTEGOLDFROMSUZERAIN',		'Amount',		2),
		('COMMONWEALTH_JNR_TRADEROUTEFAITHTOALLY',			'YieldType',	'YIELD_FAITH'),
		('COMMONWEALTH_JNR_TRADEROUTEFAITHTOALLY',			'Amount',		2),
		('COMMONWEALTH_JNR_TRADEROUTEFAITHFROMALLY',		'YieldType',	'YIELD_FAITH'),
		('COMMONWEALTH_JNR_TRADEROUTEFAITHFROMALLY',		'Amount',		2),
		('COMMONWEALTH_JNR_TRADEROUTEFAITHTOSUZERAIN',		'YieldType',	'YIELD_FAITH'),
		('COMMONWEALTH_JNR_TRADEROUTEFAITHTOSUZERAIN',		'Amount',		2),
		('COMMONWEALTH_JNR_TRADEROUTEFAITHFROMSUZERAIN',	'YieldType',	'YIELD_FAITH'),
		('COMMONWEALTH_JNR_TRADEROUTEFAITHFROMSUZERAIN',	'Amount',		2);

UPDATE ModifierArguments SET Value=2 WHERE Name='Amount' AND ModifierId='DEMOCRACY_TRADEROUTEFOODTOALLY';
UPDATE ModifierArguments SET Value=2 WHERE Name='Amount' AND ModifierId='DEMOCRACY_TRADEROUTEFOODFROMALLY';
UPDATE ModifierArguments SET Value=2 WHERE Name='Amount' AND ModifierId='DEMOCRACY_TRADEROUTEFOODTOSUZERAIN';
UPDATE ModifierArguments SET Value=2 WHERE Name='Amount' AND ModifierId='DEMOCRACY_TRADEROUTEFOODFROMSUZERAIN';
UPDATE ModifierArguments SET Value=2 WHERE Name='Amount' AND ModifierId='DEMOCRACY_TRADEROUTEPRODUCTIONTOALLY';
UPDATE ModifierArguments SET Value=2 WHERE Name='Amount' AND ModifierId='DEMOCRACY_TRADEROUTEPRODUCTIONFROMALLY';
UPDATE ModifierArguments SET Value=2 WHERE Name='Amount' AND ModifierId='DEMOCRACY_TRADEROUTEPRODUCTIONTOSUZERAIN';
UPDATE ModifierArguments SET Value=2 WHERE Name='Amount' AND ModifierId='DEMOCRACY_TRADEROUTEPRODUCTIONFROMSUZERAIN';
--------------------------------------------------------------

-- GovernmentModifiers
--------------------------------------------------------------
INSERT OR IGNORE INTO GovernmentModifiers
		(GovernmentType,				ModifierId)
VALUES	('GOVERNMENT_JNR_COMMONWEALTH',	'DEMOCRACY_ALLIANCEPOINTS'),
		('GOVERNMENT_JNR_COMMONWEALTH',	'DEMOCRACY_TRADEROUTEFOODTOALLY'),
		('GOVERNMENT_JNR_COMMONWEALTH',	'DEMOCRACY_TRADEROUTEFOODFROMALLY'),
		('GOVERNMENT_JNR_COMMONWEALTH',	'DEMOCRACY_TRADEROUTEFOODTOSUZERAIN'),
		('GOVERNMENT_JNR_COMMONWEALTH',	'DEMOCRACY_TRADEROUTEFOODFROMSUZERAIN'),
		('GOVERNMENT_JNR_COMMONWEALTH',	'DEMOCRACY_TRADEROUTEPRODUCTIONTOALLY'),
		('GOVERNMENT_JNR_COMMONWEALTH',	'DEMOCRACY_TRADEROUTEPRODUCTIONFROMALLY'),
		('GOVERNMENT_JNR_COMMONWEALTH',	'DEMOCRACY_TRADEROUTEPRODUCTIONTOSUZERAIN'),
		('GOVERNMENT_JNR_COMMONWEALTH',	'DEMOCRACY_TRADEROUTEPRODUCTIONFROMSUZERAIN'),
		('GOVERNMENT_JNR_COMMONWEALTH',	'COMMONWEALTH_JNR_TRADEROUTEGOLDTOALLY'),
		('GOVERNMENT_JNR_COMMONWEALTH',	'COMMONWEALTH_JNR_TRADEROUTEGOLDFROMALLY'),
		('GOVERNMENT_JNR_COMMONWEALTH',	'COMMONWEALTH_JNR_TRADEROUTEGOLDTOSUZERAIN'),
		('GOVERNMENT_JNR_COMMONWEALTH',	'COMMONWEALTH_JNR_TRADEROUTEGOLDFROMSUZERAIN'),
		('GOVERNMENT_JNR_COMMONWEALTH',	'COMMONWEALTH_JNR_TRADEROUTEFAITHTOALLY'),
		('GOVERNMENT_JNR_COMMONWEALTH',	'COMMONWEALTH_JNR_TRADEROUTEFAITHFROMALLY'),
		('GOVERNMENT_JNR_COMMONWEALTH',	'COMMONWEALTH_JNR_TRADEROUTEFAITHTOSUZERAIN'),
		('GOVERNMENT_JNR_COMMONWEALTH',	'COMMONWEALTH_JNR_TRADEROUTEFAITHFROMSUZERAIN');
--------------------------------------------------------------

-- PolicyModifiers
--------------------------------------------------------------
INSERT OR IGNORE INTO PolicyModifiers
		(PolicyType,					ModifierId)
VALUES	('POLICY_GOV_JNR_COMMONWEALTH',	'DEMOCRACY_TRADEROUTEFOODTOALLY'),
		('POLICY_GOV_JNR_COMMONWEALTH',	'DEMOCRACY_TRADEROUTEFOODFROMALLY'),
		('POLICY_GOV_JNR_COMMONWEALTH',	'DEMOCRACY_TRADEROUTEFOODTOSUZERAIN'),
		('POLICY_GOV_JNR_COMMONWEALTH',	'DEMOCRACY_TRADEROUTEFOODFROMSUZERAIN'),
		('POLICY_GOV_JNR_COMMONWEALTH',	'DEMOCRACY_TRADEROUTEPRODUCTIONTOALLY'),
		('POLICY_GOV_JNR_COMMONWEALTH',	'DEMOCRACY_TRADEROUTEPRODUCTIONFROMALLY'),
		('POLICY_GOV_JNR_COMMONWEALTH',	'DEMOCRACY_TRADEROUTEPRODUCTIONTOSUZERAIN'),
		('POLICY_GOV_JNR_COMMONWEALTH',	'DEMOCRACY_TRADEROUTEPRODUCTIONFROMSUZERAIN'),
		('POLICY_GOV_JNR_COMMONWEALTH',	'COMMONWEALTH_JNR_TRADEROUTEGOLDTOALLY'),
		('POLICY_GOV_JNR_COMMONWEALTH',	'COMMONWEALTH_JNR_TRADEROUTEGOLDFROMALLY'),
		('POLICY_GOV_JNR_COMMONWEALTH',	'COMMONWEALTH_JNR_TRADEROUTEGOLDTOSUZERAIN'),
		('POLICY_GOV_JNR_COMMONWEALTH',	'COMMONWEALTH_JNR_TRADEROUTEGOLDFROMSUZERAIN'),
		('POLICY_GOV_JNR_COMMONWEALTH',	'COMMONWEALTH_JNR_TRADEROUTEFAITHTOALLY'),
		('POLICY_GOV_JNR_COMMONWEALTH',	'COMMONWEALTH_JNR_TRADEROUTEFAITHFROMALLY'),
		('POLICY_GOV_JNR_COMMONWEALTH',	'COMMONWEALTH_JNR_TRADEROUTEFAITHTOSUZERAIN'),
		('POLICY_GOV_JNR_COMMONWEALTH',	'COMMONWEALTH_JNR_TRADEROUTEFAITHFROMSUZERAIN');
--------------------------------------------------------------