-- 6T_Unlock_Great_People
-- Author: JNR
--------------------------------------------------------------

-- Types
--------------------------------------------------------------
INSERT OR IGNORE INTO Types
		(Type,										Kind)
VALUES	('GREAT_PERSON_INDIVIDUAL_JNR_ARCHIMEDES',	'KIND_GREAT_PERSON_INDIVIDUAL'),
		('GREAT_PERSON_INDIVIDUAL_JNR_LI_BING',		'KIND_GREAT_PERSON_INDIVIDUAL'),
		('GREAT_PERSON_INDIVIDUAL_JNR_MA_JUN',		'KIND_GREAT_PERSON_INDIVIDUAL'),
		('GREAT_PERSON_INDIVIDUAL_JNR_SUSHRUTA',	'KIND_GREAT_PERSON_INDIVIDUAL');
--------------------------------------------------------------

-- GreatPersonIndividuals
--------------------------------------------------------------
-- Generals
UPDATE GreatPersonIndividuals SET EraType='ERA_6T_POST_CLASSICAL'	WHERE GreatPersonIndividualType='GREAT_PERSON_INDIVIDUAL_BOUDICA';
UPDATE GreatPersonIndividuals SET EraType='ERA_6T_POST_CLASSICAL'	WHERE GreatPersonIndividualType='GREAT_PERSON_INDIVIDUAL_AETHELFLAED';
UPDATE GreatPersonIndividuals SET EraType='ERA_6T_POST_CLASSICAL'	WHERE GreatPersonIndividualType='GREAT_PERSON_INDIVIDUAL_EL_CID';
UPDATE GreatPersonIndividuals SET EraType='ERA_MEDIEVAL'			WHERE GreatPersonIndividualType='GREAT_PERSON_INDIVIDUAL_JOAN_OF_ARC';
UPDATE GreatPersonIndividuals SET EraType='ERA_MEDIEVAL'			WHERE GreatPersonIndividualType='GREAT_PERSON_INDIVIDUAL_ANA_NZINGA';
UPDATE GreatPersonIndividuals SET EraType='ERA_RENAISSANCE'			WHERE GreatPersonIndividualType='GREAT_PERSON_INDIVIDUAL_DANDARA';
UPDATE GreatPersonIndividuals SET EraType='ERA_RENAISSANCE'			WHERE GreatPersonIndividualType='GREAT_PERSON_INDIVIDUAL_TUPAC_AMARU';

-- Admirals
UPDATE GreatPersonIndividuals SET EraType='ERA_6T_POST_CLASSICAL'	WHERE GreatPersonIndividualType='GREAT_PERSON_INDIVIDUAL_GAIUS_DUILIUS';
UPDATE GreatPersonIndividuals SET EraType='ERA_6T_POST_CLASSICAL'	WHERE GreatPersonIndividualType='GREAT_PERSON_INDIVIDUAL_LEIF_ERIKSON';
UPDATE GreatPersonIndividuals SET EraType='ERA_6T_POST_CLASSICAL'	WHERE GreatPersonIndividualType='GREAT_PERSON_INDIVIDUAL_HIMERIOS';
UPDATE GreatPersonIndividuals SET EraType='ERA_MEDIEVAL'			WHERE GreatPersonIndividualType='GREAT_PERSON_INDIVIDUAL_FERDINAND_MAGELLAN';

-- Engineers
UPDATE GreatPersonIndividuals SET EraType='ERA_6T_POST_CLASSICAL'	WHERE GreatPersonIndividualType='GREAT_PERSON_INDIVIDUAL_IMHOTEP'				AND NOT EXISTS	(SELECT * FROM GreatPersonIndividuals WHERE GreatPersonIndividualType='GREAT_PERSON_INDIVIDUAL_JNR_MARIA_HEBRAEA');
UPDATE GreatPersonIndividuals SET EraType='ERA_CLASSICAL'			WHERE GreatPersonIndividualType='GREAT_PERSON_INDIVIDUAL_IMHOTEP'				AND EXISTS		(SELECT * FROM GreatPersonIndividuals WHERE GreatPersonIndividualType='GREAT_PERSON_INDIVIDUAL_JNR_MARIA_HEBRAEA');
UPDATE GreatPersonIndividuals SET EraType='ERA_CLASSICAL'			WHERE GreatPersonIndividualType='GREAT_PERSON_INDIVIDUAL_JNR_MARIA_HEBRAEA';
UPDATE GreatPersonIndividuals SET EraType='ERA_6T_POST_CLASSICAL'	WHERE GreatPersonIndividualType='GREAT_PERSON_INDIVIDUAL_JNR_ARCHIMEDES';
UPDATE GreatPersonIndividuals SET EraType='ERA_6T_POST_CLASSICAL'	WHERE GreatPersonIndividualType='GREAT_PERSON_INDIVIDUAL_JNR_LI_BING';
UPDATE GreatPersonIndividuals SET EraType='ERA_6T_POST_CLASSICAL'	WHERE GreatPersonIndividualType='GREAT_PERSON_INDIVIDUAL_JNR_MA_JUN';

INSERT OR IGNORE INTO GreatPersonIndividuals
		(GreatPersonIndividualType,					Name,												GreatPersonClassType,			EraType,					Gender,	ActionCharges,	ActionRequiresCompletedDistrictType)
VALUES	('GREAT_PERSON_INDIVIDUAL_JNR_ARCHIMEDES',	'LOC_GREAT_PERSON_INDIVIDUAL_JNR_ARCHIMEDES_NAME',	'GREAT_PERSON_CLASS_ENGINEER',	'ERA_6T_POST_CLASSICAL',	'M',	1,				'DISTRICT_INDUSTRIAL_ZONE'),
		('GREAT_PERSON_INDIVIDUAL_JNR_LI_BING',		'LOC_GREAT_PERSON_INDIVIDUAL_JNR_LI_BING_NAME',		'GREAT_PERSON_CLASS_ENGINEER',	'ERA_6T_POST_CLASSICAL',	'M',	1,				'DISTRICT_INDUSTRIAL_ZONE'),
		('GREAT_PERSON_INDIVIDUAL_JNR_MA_JUN',		'LOC_GREAT_PERSON_INDIVIDUAL_JNR_MA_JUN_NAME',		'GREAT_PERSON_CLASS_ENGINEER',	'ERA_6T_POST_CLASSICAL',	'M',	1,				'DISTRICT_CITY_CENTER');
	
-- Merchants
UPDATE GreatPersonIndividuals SET EraType='ERA_6T_POST_CLASSICAL'	WHERE GreatPersonIndividualType='GREAT_PERSON_INDIVIDUAL_IBN_FADLAN';
UPDATE GreatPersonIndividuals SET EraType='ERA_6T_POST_CLASSICAL'	WHERE GreatPersonIndividualType='GREAT_PERSON_INDIVIDUAL_IRENE_OF_ATHENS';
UPDATE GreatPersonIndividuals SET EraType='ERA_6T_POST_CLASSICAL'	WHERE GreatPersonIndividualType='GREAT_PERSON_INDIVIDUAL_MARCO_POLO';
UPDATE GreatPersonIndividuals SET EraType='ERA_MEDIEVAL'			WHERE GreatPersonIndividualType='GREAT_PERSON_INDIVIDUAL_ZHOU_DAGUAN';
UPDATE GreatPersonIndividuals SET EraType='ERA_MEDIEVAL'			WHERE GreatPersonIndividualType='GREAT_PERSON_INDIVIDUAL_GIOVANNI_DE_MEDICI';
UPDATE GreatPersonIndividuals SET EraType='ERA_RENAISSANCE'			WHERE GreatPersonIndividualType='GREAT_PERSON_INDIVIDUAL_JOHN_SPILSBURY';
UPDATE GreatPersonIndividuals SET EraType='ERA_INDUSTRIAL'			WHERE GreatPersonIndividualType='GREAT_PERSON_INDIVIDUAL_STAMFORD_RAFFLES';

-- Scientists
UPDATE GreatPersonIndividuals SET EraType='ERA_6T_POST_CLASSICAL'	WHERE GreatPersonIndividualType='GREAT_PERSON_INDIVIDUAL_ARYABHATA';
UPDATE GreatPersonIndividuals SET EraType='ERA_6T_POST_CLASSICAL'	WHERE GreatPersonIndividualType='GREAT_PERSON_INDIVIDUAL_HYPATIA';
UPDATE GreatPersonIndividuals SET EraType='ERA_6T_POST_CLASSICAL'	WHERE GreatPersonIndividualType='GREAT_PERSON_INDIVIDUAL_ABU_AL_QASIM_AL_ZAHRAWI';
UPDATE GreatPersonIndividuals SET EraType='ERA_MEDIEVAL'			WHERE GreatPersonIndividualType='GREAT_PERSON_INDIVIDUAL_IBN_KHALDUN';

UPDATE GreatPersonIndividuals SET ActionEffectTextOverride='LOC_GREATPERSON_EUCLID_ACTIVE_JNR_6T'					WHERE GreatPersonIndividualType='GREAT_PERSON_INDIVIDUAL_EUCLID';
UPDATE GreatPersonIndividuals SET ActionEffectTextOverride='LOC_GREATPERSON_JANAKI_AMMAL_ACTIVE_JNR_EXPLORER_6T'	WHERE GreatPersonIndividualType='GREAT_PERSON_INDIVIDUAL_JANAKI_AMMAL' AND ActionEffectTextOverride='LOC_GREATPERSON_JANAKI_AMMAL_ACTIVE_JNR_EXPLORER';

INSERT OR IGNORE INTO GreatPersonIndividuals
		(GreatPersonIndividualType,					Name,												GreatPersonClassType,			EraType,					Gender,	ActionCharges,	ActionRequiresCompletedDistrictType,	ActionEffectTextOverride)
VALUES	('GREAT_PERSON_INDIVIDUAL_JNR_SUSHRUTA',	'LOC_GREAT_PERSON_INDIVIDUAL_JNR_SUSHRUTA_NAME',	'GREAT_PERSON_CLASS_SCIENTIST',	'ERA_CLASSICAL',			'M',	1,				'DISTRICT_CAMPUS',						'LOC_GREATPERSON_JNR_SUSHRUTA_ACTIVE');

-- Writers
UPDATE GreatPersonIndividuals SET EraType='ERA_6T_POST_CLASSICAL'	WHERE GreatPersonIndividualType='GREAT_PERSON_INDIVIDUAL_BHASA';
UPDATE GreatPersonIndividuals SET EraType='ERA_6T_POST_CLASSICAL'	WHERE GreatPersonIndividualType='GREAT_PERSON_INDIVIDUAL_LI_BAI';
UPDATE GreatPersonIndividuals SET EraType='ERA_6T_POST_CLASSICAL'	WHERE GreatPersonIndividualType='GREAT_PERSON_INDIVIDUAL_MURASAKI_SHIKIBU';
UPDATE GreatPersonIndividuals SET EraType='ERA_6T_POST_CLASSICAL'	WHERE GreatPersonIndividualType='GREAT_PERSON_INDIVIDUAL_PHANTA_LUO_BINWANG';
UPDATE GreatPersonIndividuals SET EraType='ERA_6T_POST_CLASSICAL'	WHERE GreatPersonIndividualType='GREAT_PERSON_INDIVIDUAL_PHANTA_LU_ZHAOLIN';
UPDATE GreatPersonIndividuals SET EraType='ERA_MEDIEVAL'			WHERE GreatPersonIndividualType='GREAT_PERSON_INDIVIDUAL_NICCOLO_MACHIAVELLI';
UPDATE GreatPersonIndividuals SET EraType='ERA_MEDIEVAL'			WHERE GreatPersonIndividualType='GREAT_PERSON_INDIVIDUAL_MIGUEL_DE_CERVANTES';
UPDATE GreatPersonIndividuals SET EraType='ERA_MEDIEVAL'			WHERE GreatPersonIndividualType='GREAT_PERSON_INDIVIDUAL_CWON_DANTE';
UPDATE GreatPersonIndividuals SET EraType='ERA_RENAISSANCE'			WHERE GreatPersonIndividualType='GREAT_PERSON_INDIVIDUAL_JOHANN_WOLFGANG_VON_GOETHE' AND NOT EXISTS (SELECT * FROM Buildings WHERE BuildingType='BUILDING_GLOBE_THEATRE');
UPDATE GreatPersonIndividuals SET EraType='ERA_ATOMIC'				WHERE GreatPersonIndividualType='GREAT_PERSON_INDIVIDUAL_JAMES_JOYCE';
UPDATE GreatPersonIndividuals SET EraType='ERA_ATOMIC'				WHERE GreatPersonIndividualType='GREAT_PERSON_INDIVIDUAL_F_SCOTT_FITZGERALD';
UPDATE GreatPersonIndividuals SET EraType='ERA_INFORMATION'			WHERE GreatPersonIndividualType='GREAT_PERSON_INDIVIDUAL_HG_WELLS';

-- Prophets
UPDATE GreatPersonIndividuals SET EraType='ERA_6T_POST_CLASSICAL'	WHERE GreatPersonIndividualType='GREAT_PERSON_INDIVIDUAL_BODHIDHARMA';
UPDATE GreatPersonIndividuals SET EraType='ERA_6T_POST_CLASSICAL'	WHERE GreatPersonIndividualType='GREAT_PERSON_INDIVIDUAL_ADI_SHANKARA';
UPDATE GreatPersonIndividuals SET EraType='ERA_6T_POST_CLASSICAL'	WHERE GreatPersonIndividualType='GREAT_PERSON_INDIVIDUAL_SONGTSAN_GAMPO';
UPDATE GreatPersonIndividuals SET EraType='ERA_6T_POST_CLASSICAL'	WHERE GreatPersonIndividualType='GREAT_PERSON_INDIVIDUAL_O_NO_YASUMARO';
UPDATE GreatPersonIndividuals SET EraType='ERA_6T_POST_CLASSICAL'	WHERE GreatPersonIndividualType='GREAT_PERSON_INDIVIDUAL_IRENAEUS';
UPDATE GreatPersonIndividuals SET EraType='ERA_MEDIEVAL'			WHERE GreatPersonIndividualType='GREAT_PERSON_INDIVIDUAL_FRANCIS_OF_ASSISI';
UPDATE GreatPersonIndividuals SET EraType='ERA_MEDIEVAL'			WHERE GreatPersonIndividualType='GREAT_PERSON_INDIVIDUAL_THOMAS_AQUINAS';
UPDATE GreatPersonIndividuals SET EraType='ERA_MEDIEVAL'			WHERE GreatPersonIndividualType='GREAT_PERSON_INDIVIDUAL_HAJI_HUUD';
UPDATE GreatPersonIndividuals SET EraType='ERA_RENAISSANCE'			WHERE GreatPersonIndividualType='GREAT_PERSON_INDIVIDUAL_JFD_SWAMINARAYAN';

-- Sovereigns
UPDATE GreatPersonIndividuals SET EraType='ERA_6T_POST_CLASSICAL'	WHERE GreatPersonIndividualType='GREAT_PERSON_INDIVIDUAL_PLATI_RBORGIA';
UPDATE GreatPersonIndividuals SET EraType='ERA_6T_POST_CLASSICAL'	WHERE GreatPersonIndividualType='GREAT_PERSON_INDIVIDUAL_PLATI_SEVENTH';
UPDATE GreatPersonIndividuals SET EraType='ERA_6T_POST_CLASSICAL'	WHERE GreatPersonIndividualType='GREAT_PERSON_INDIVIDUAL_PLATI_EIGHTH';
UPDATE GreatPersonIndividuals SET EraType='ERA_MEDIEVAL'			WHERE GreatPersonIndividualType='GREAT_PERSON_INDIVIDUAL_PLATI_BEG';
UPDATE GreatPersonIndividuals SET EraType='ERA_INDUSTRIAL'			WHERE GreatPersonIndividualType='GREAT_PERSON_INDIVIDUAL_PLATI_SOVEREIGN_FRIDRIK_GREAT';
UPDATE GreatPersonIndividuals SET EraType='ERA_MODERN'				WHERE GreatPersonIndividualType='GREAT_PERSON_INDIVIDUAL_PLATI_BISMARK';
UPDATE GreatPersonIndividuals SET EraType='ERA_MODERN'				WHERE GreatPersonIndividualType='GREAT_PERSON_INDIVIDUAL_PLATI_THIRTEENTH';
UPDATE GreatPersonIndividuals SET EraType='ERA_ATOMIC'				WHERE GreatPersonIndividualType='GREAT_PERSON_INDIVIDUAL_PLATI_FIFTEENTH';
--------------------------------------------------------------

-- Requirements
--------------------------------------------------------------
INSERT OR IGNORE INTO Requirements
		(RequirementId,									RequirementType)
VALUES	('AOE_REQUIRES_6T_POST_CLASSICAL_UNIT',			'REQUIREMENT_UNIT_ERA_TYPE_MATCHES'),
		('AOE_REQUIRES_6T_POST_CLASSICAL_REQUIREMENTS',	'REQUIREMENT_REQUIREMENTSET_IS_MET');
--------------------------------------------------------------

-- RequirementArguments
--------------------------------------------------------------
INSERT OR IGNORE INTO RequirementArguments
		(RequirementId,									Name,				Value)
VALUES	('AOE_REQUIRES_6T_POST_CLASSICAL_UNIT',			'EraType',			'ERA_6T_POST_CLASSICAL'),
		('AOE_REQUIRES_6T_POST_CLASSICAL_REQUIREMENTS',	'RequirementSetId',	'AOE_6T_POST_CLASSICAL_REQUIREMENTS');
		
UPDATE RequirementArguments SET Value='ERA_6T_POST_CLASSICAL' WHERE Name='LatestEra' AND RequirementId='REQUIRE_THIS_WONDER_IS_ANCIENT_OR_CLASSICAL';
UPDATE RequirementArguments SET Value='ERA_6T_POST_CLASSICAL' WHERE Name='LatestEra' AND RequirementId='REQUIRE_THIS_WONDER_IS_ANCIENT_OR_CLASSICAL_INVERSE';
--------------------------------------------------------------

-- RequirementSets
--------------------------------------------------------------
INSERT OR IGNORE INTO RequirementSets
		(RequirementSetId,							RequirementSetType)
VALUES	('AOE_6T_POST_CLASSICAL_REQUIREMENTS',		'REQUIREMENTSET_TEST_ANY'),
		('AOE_6T_POST_CLASSICAL_LAND_REQUIREMENTS',	'REQUIREMENTSET_TEST_ALL'),
		('AOE_6T_POST_CLASSICAL_SEA_REQUIREMENTS',	'REQUIREMENTSET_TEST_ALL');
--------------------------------------------------------------

-- RequirementSetRequirements
--------------------------------------------------------------
UPDATE RequirementSetRequirements SET RequirementId='AOE_REQUIRES_6T_POST_CLASSICAL_UNIT' WHERE RequirementSetId='AOE_CLASSICAL_REQUIREMENTS' AND RequirementId='AOE_REQUIRES_MEDIEVAL_UNIT';

INSERT OR IGNORE INTO RequirementSetRequirements
		(RequirementSetId,							RequirementId)
VALUES	('AOE_6T_POST_CLASSICAL_REQUIREMENTS',		'AOE_REQUIRES_6T_POST_CLASSICAL_UNIT'),
		('AOE_6T_POST_CLASSICAL_REQUIREMENTS',		'AOE_REQUIRES_MEDIEVAL_UNIT'),
		('AOE_6T_POST_CLASSICAL_LAND_REQUIREMENTS',	'AOE_REQUIRES_LAND_DOMAIN'),
		('AOE_6T_POST_CLASSICAL_LAND_REQUIREMENTS',	'AOE_REQUIRES_OWNER_ADJACENCY'),
		('AOE_6T_POST_CLASSICAL_LAND_REQUIREMENTS',	'AOE_REQUIRES_6T_POST_CLASSICAL_REQUIREMENTS'),
		('AOE_6T_POST_CLASSICAL_SEA_REQUIREMENTS',	'AOE_REQUIRES_SEA_DOMAIN'),
		('AOE_6T_POST_CLASSICAL_SEA_REQUIREMENTS',	'AOE_REQUIRES_OWNER_ADJACENCY'),
		('AOE_6T_POST_CLASSICAL_SEA_REQUIREMENTS',	'AOE_REQUIRES_6T_POST_CLASSICAL_REQUIREMENTS');
--------------------------------------------------------------

-- Modifiers
--------------------------------------------------------------
INSERT OR IGNORE INTO Modifiers
		(ModifierId,												ModifierType,											SubjectRequirementSetId,					RunOnce,	Permanent)
VALUES	('GREATPERSON_COMBAT_STRENGTH_AOE_6T_POST_CLASSICAL_LAND',	'MODIFIER_PLAYER_UNITS_GRANT_ABILITY',					'AOE_6T_POST_CLASSICAL_LAND_REQUIREMENTS',	0,			0),
		('GREATPERSON_COMBAT_STRENGTH_AOE_6T_POST_CLASSICAL_SEA',	'MODIFIER_PLAYER_UNITS_GRANT_ABILITY',					'AOE_6T_POST_CLASSICAL_SEA_REQUIREMENTS',	0,			0),
		('GREATPERSON_MOVEMENT_AOE_6T_POST_CLASSICAL_LAND',			'MODIFIER_PLAYER_UNITS_GRANT_ABILITY',					'AOE_6T_POST_CLASSICAL_LAND_REQUIREMENTS',	0,			0),
		('GREATPERSON_MOVEMENT_AOE_6T_POST_CLASSICAL_SEA',			'MODIFIER_PLAYER_UNITS_GRANT_ABILITY',					'AOE_6T_POST_CLASSICAL_SEA_REQUIREMENTS',	0,			0),
		
		('JNR_GREATPERSON_EUREKA_STRENGTH',							'MODIFIER_PLAYER_ADJUST_TECHNOLOGY_BOOST',				NULL,										1,			1),
		('JNR_GREATPERSON_DAM_UNLOCK_MATHEMATICS',					'MODIFIER_PLAYER_ADJUST_DISTRICT_UNLOCK',				NULL,										1,			1),
		('JNR_GREATPERSON_DAM_ADJACENCYPRODUCTION',					'MODIFIER_PLAYER_CITIES_DISTRICT_ADJACENCY',			NULL,										1,			1),
		('JNR_GREATPERSON_GREAT_WORK_WRITING_PRODUCTION',			'MODIFIER_SINGLE_CITY_ADJUST_GREATWORK_YIELD',			NULL,										1,			1),
		
		('JNR_GREATPERSON_1POSTLCASSICALTECHBOOST',					'MODIFIER_PLAYER_GRANT_RANDOM_TECHNOLOGY_BOOST_BY_ERA',	NULL,										1,			1),
		('JNR_GREATPERSON_1POSTLCASSICALCIVICSBOOST',				'MODIFIER_PLAYER_GRANT_RANDOM_CIVIC_BOOST_BY_ERA',		NULL,										1,			1),
		
		('GREAT_PERSON_JNR_BOOST_OR_GRANT_ECOLOGY',					'MODIFIER_PLAYER_GRANT_SPECIFIC_TECH_BOOST',			NULL,										1,			1),
		('GREAT_PERSON_JNR_BOOST_GENOMICS',							'MODIFIER_PLAYER_GRANT_SPECIFIC_TECH_BOOST',			NULL,										1,			1);
--------------------------------------------------------------

-- ModifierArguments
--------------------------------------------------------------
INSERT OR IGNORE INTO ModifierArguments
		(ModifierId,												Name,					Value)
VALUES	('GREATPERSON_COMBAT_STRENGTH_AOE_6T_POST_CLASSICAL_LAND',	'AbilityType',			'ABILITY_GREAT_GENERAL_STRENGTH'),
		('GREATPERSON_COMBAT_STRENGTH_AOE_6T_POST_CLASSICAL_SEA',	'AbilityType',			'ABILITY_GREAT_ADMIRAL_STRENGTH'),
		('GREATPERSON_MOVEMENT_AOE_6T_POST_CLASSICAL_LAND',			'AbilityType',			'ABILITY_GREAT_GENERAL_MOVEMENT'),
		('GREATPERSON_MOVEMENT_AOE_6T_POST_CLASSICAL_SEA',			'AbilityType',			'ABILITY_GREAT_ADMIRAL_MOVEMENT'),
		
		('JNR_GREATPERSON_EUREKA_STRENGTH',							'Amount',				5),
		('JNR_GREATPERSON_DAM_UNLOCK_MATHEMATICS',					'DistrictType',			'DISTRICT_DAM'),
		('JNR_GREATPERSON_DAM_UNLOCK_MATHEMATICS',					'TechType',				'TECH_MATHEMATICS'),
		('JNR_GREATPERSON_DAM_ADJACENCYPRODUCTION',					'DistrictType',			'DISTRICT_DAM'),
		('JNR_GREATPERSON_DAM_ADJACENCYPRODUCTION',					'YieldType',			'YIELD_PRODUCTION'),
		('JNR_GREATPERSON_DAM_ADJACENCYPRODUCTION',					'Amount',				1),
		('JNR_GREATPERSON_DAM_ADJACENCYPRODUCTION',					'Description',			'LOC_DISTRICT_DISTRICT_1_PRODUCTION'),
		('JNR_GREATPERSON_GREAT_WORK_WRITING_PRODUCTION',			'GreatWorkObjectType',	'GREATWORKOBJECT_WRITING'),
		('JNR_GREATPERSON_GREAT_WORK_WRITING_PRODUCTION',			'YieldType',			'YIELD_PRODUCTION'),
		('JNR_GREATPERSON_GREAT_WORK_WRITING_PRODUCTION',			'YieldChange',			4),
		
		('JNR_GREATPERSON_1POSTLCASSICALTECHBOOST',					'StartEraType',			'ERA_6T_POST_CLASSICAL'),
		('JNR_GREATPERSON_1POSTLCASSICALTECHBOOST',					'EndEraType',			'ERA_6T_POST_CLASSICAL'),
		('JNR_GREATPERSON_1POSTLCASSICALTECHBOOST',					'Amount',				1),
		('JNR_GREATPERSON_1POSTLCASSICALCIVICSBOOST',				'StartEraType',			'ERA_6T_POST_CLASSICAL'),
		('JNR_GREATPERSON_1POSTLCASSICALCIVICSBOOST',				'EndEraType',			'ERA_6T_POST_CLASSICAL'),
		('JNR_GREATPERSON_1POSTLCASSICALCIVICSBOOST',				'Amount',				1),
		
		('GREAT_PERSON_JNR_BOOST_OR_GRANT_ECOLOGY',					'TechType',				'TECH_6T_ECOLOGY'),
		('GREAT_PERSON_JNR_BOOST_OR_GRANT_ECOLOGY',					'GrantTechIfBoosted',	1),
		('GREAT_PERSON_JNR_BOOST_GENOMICS',							'TechType',				'TECH_6T_GENOMICS');

UPDATE ModifierArguments SET Value=250						WHERE Name='Amount'			AND ModifierId='GREAT_PERSON_INDIVIDUAL_IMHOTEP_PRODUCTION_ANCIENT_CLASSICAL';
UPDATE ModifierArguments SET Value=125						WHERE Name='Amount'			AND ModifierId='GREAT_PERSON_INDIVIDUAL_IMHOTEP_PRODUCTION_OTHER';

UPDATE ModifierArguments SET Value='ERA_6T_POST_CLASSICAL'	WHERE Name='StartEraType'	AND ModifierId='GREATPERSON_3CLASSICALMEDIEVALTECHBOOSTS';
--------------------------------------------------------------

-- ModifierStrings
--------------------------------------------------------------
INSERT OR IGNORE INTO ModifierStrings
		(ModifierId,												Context,	Text)
VALUES	('GREATPERSON_COMBAT_STRENGTH_AOE_6T_POST_CLASSICAL_LAND',	'Summary',	'LOC_GREATPERSON_COMBAT_STRENGTH_AOE_6T_POST_CLASSICAL_LAND'),
		('GREATPERSON_COMBAT_STRENGTH_AOE_6T_POST_CLASSICAL_SEA',	'Summary',	'LOC_GREATPERSON_COMBAT_STRENGTH_AOE_6T_POST_CLASSICAL_SEA'),
		
		('JNR_GREATPERSON_EUREKA_STRENGTH',							'Summary',	'LOC_JNR_GREATPERSON_EUREKA_STRENGTH'),
		('JNR_GREATPERSON_DAM_UNLOCK_MATHEMATICS',					'Summary',	'LOC_JNR_GREATPERSON_DAM_UNLOCK_MATHEMATICS'),
		('JNR_GREATPERSON_GREAT_WORK_WRITING_PRODUCTION',			'Summary',	'LOC_JNR_GREATPERSON_GREAT_WORK_WRITING_PRODUCTION'),
		
		('JNR_GREATPERSON_1POSTLCASSICALTECHBOOST',					'Summary',	'LOC_JNR_GREATPERSON_1POSTLCASSICALTECHBOOST'),
		('JNR_GREATPERSON_1POSTLCASSICALCIVICSBOOST',				'Summary',	'LOC_JNR_GREATPERSON_1POSTLCASSICALCIVICSBOOST');

UPDATE ModifierStrings SET Text='LOC_GREATPERSON_COMBAT_STRENGTH_AOE_CLASSICAL_6T_LAND'	WHERE ModifierId='GREATPERSON_COMBAT_STRENGTH_AOE_CLASSICAL_LAND';
UPDATE ModifierStrings SET Text='LOC_GREATPERSON_COMBAT_STRENGTH_AOE_CLASSICAL_6T_SEA'	WHERE ModifierId='GREATPERSON_COMBAT_STRENGTH_AOE_CLASSICAL_SEA';

UPDATE ModifierStrings SET Text='LOC_GREATPERSON_3CLASSICALMEDIEVALTECHBOOSTS_6T'		WHERE ModifierId='GREATPERSON_3CLASSICALMEDIEVALTECHBOOSTS';
--------------------------------------------------------------

-- GreatPersonIndividualBirthModifiers
--------------------------------------------------------------
UPDATE GreatPersonIndividualBirthModifiers SET ModifierId='GREATPERSON_COMBAT_STRENGTH_AOE_6T_POST_CLASSICAL_LAND'	WHERE GreatPersonIndividualType='GREAT_PERSON_INDIVIDUAL_BOUDICA'				AND ModifierId='GREATPERSON_COMBAT_STRENGTH_AOE_CLASSICAL_LAND';
UPDATE GreatPersonIndividualBirthModifiers SET ModifierId='GREATPERSON_MOVEMENT_AOE_6T_POST_CLASSICAL_LAND'			WHERE GreatPersonIndividualType='GREAT_PERSON_INDIVIDUAL_BOUDICA'				AND ModifierId='GREATPERSON_MOVEMENT_AOE_CLASSICAL_LAND';
UPDATE GreatPersonIndividualBirthModifiers SET ModifierId='GREATPERSON_COMBAT_STRENGTH_AOE_6T_POST_CLASSICAL_LAND'	WHERE GreatPersonIndividualType='GREAT_PERSON_INDIVIDUAL_AETHELFLAED'			AND ModifierId='GREATPERSON_COMBAT_STRENGTH_AOE_MEDIEVAL_LAND';
UPDATE GreatPersonIndividualBirthModifiers SET ModifierId='GREATPERSON_MOVEMENT_AOE_6T_POST_CLASSICAL_LAND'			WHERE GreatPersonIndividualType='GREAT_PERSON_INDIVIDUAL_AETHELFLAED'			AND ModifierId='GREATPERSON_MOVEMENT_AOE_MEDIEVAL_LAND';
UPDATE GreatPersonIndividualBirthModifiers SET ModifierId='GREATPERSON_COMBAT_STRENGTH_AOE_6T_POST_CLASSICAL_LAND'	WHERE GreatPersonIndividualType='GREAT_PERSON_INDIVIDUAL_EL_CID'				AND ModifierId='GREATPERSON_COMBAT_STRENGTH_AOE_MEDIEVAL_LAND';
UPDATE GreatPersonIndividualBirthModifiers SET ModifierId='GREATPERSON_MOVEMENT_AOE_6T_POST_CLASSICAL_LAND'			WHERE GreatPersonIndividualType='GREAT_PERSON_INDIVIDUAL_EL_CID'				AND ModifierId='GREATPERSON_MOVEMENT_AOE_MEDIEVAL_LAND';
UPDATE GreatPersonIndividualBirthModifiers SET ModifierId='GREATPERSON_COMBAT_STRENGTH_AOE_MEDIEVAL_LAND'			WHERE GreatPersonIndividualType='GREAT_PERSON_INDIVIDUAL_JOAN_OF_ARC'			AND ModifierId='GREATPERSON_COMBAT_STRENGTH_AOE_RENAISSANCE_LAND';
UPDATE GreatPersonIndividualBirthModifiers SET ModifierId='GREATPERSON_MOVEMENT_AOE_MEDIEVAL_LAND'					WHERE GreatPersonIndividualType='GREAT_PERSON_INDIVIDUAL_JOAN_OF_ARC'			AND ModifierId='GREATPERSON_MOVEMENT_AOE_RENAISSANCE_LAND';
UPDATE GreatPersonIndividualBirthModifiers SET ModifierId='GREATPERSON_COMBAT_STRENGTH_AOE_MEDIEVAL_LAND'			WHERE GreatPersonIndividualType='GREAT_PERSON_INDIVIDUAL_ANA_NZINGA'			AND ModifierId='GREATPERSON_COMBAT_STRENGTH_AOE_RENAISSANCE_LAND';
UPDATE GreatPersonIndividualBirthModifiers SET ModifierId='GREATPERSON_MOVEMENT_AOE_MEDIEVAL_LAND'					WHERE GreatPersonIndividualType='GREAT_PERSON_INDIVIDUAL_ANA_NZINGA'			AND ModifierId='GREATPERSON_MOVEMENT_AOE_RENAISSANCE_LAND';
UPDATE GreatPersonIndividualBirthModifiers SET ModifierId='GREATPERSON_COMBAT_STRENGTH_AOE_RENAISSANCE_LAND'		WHERE GreatPersonIndividualType='GREAT_PERSON_INDIVIDUAL_DANDARA'				AND ModifierId='GREATPERSON_COMBAT_STRENGTH_AOE_INDUSTRIAL_LAND';
UPDATE GreatPersonIndividualBirthModifiers SET ModifierId='GREATPERSON_MOVEMENT_AOE_RENAISSANCE_LAND'				WHERE GreatPersonIndividualType='GREAT_PERSON_INDIVIDUAL_DANDARA'				AND ModifierId='GREATPERSON_MOVEMENT_AOE_INDUSTRIAL_LAND';
UPDATE GreatPersonIndividualBirthModifiers SET ModifierId='GREATPERSON_COMBAT_STRENGTH_AOE_RENAISSANCE_LAND'		WHERE GreatPersonIndividualType='GREAT_PERSON_INDIVIDUAL_TUPAC_AMARU'			AND ModifierId='GREATPERSON_COMBAT_STRENGTH_AOE_MODERN_LAND';
UPDATE GreatPersonIndividualBirthModifiers SET ModifierId='GREATPERSON_MOVEMENT_AOE_RENAISSANCE_LAND'				WHERE GreatPersonIndividualType='GREAT_PERSON_INDIVIDUAL_TUPAC_AMARU'			AND ModifierId='GREATPERSON_MOVEMENT_AOE_MODERN_LAND';

UPDATE GreatPersonIndividualBirthModifiers SET ModifierId='GREATPERSON_COMBAT_STRENGTH_AOE_6T_POST_CLASSICAL_SEA'	WHERE GreatPersonIndividualType='GREAT_PERSON_INDIVIDUAL_GAIUS_DUILIUS'			AND ModifierId='GREATPERSON_COMBAT_STRENGTH_AOE_CLASSICAL_SEA';
UPDATE GreatPersonIndividualBirthModifiers SET ModifierId='GREATPERSON_MOVEMENT_AOE_6T_POST_CLASSICAL_SEA'			WHERE GreatPersonIndividualType='GREAT_PERSON_INDIVIDUAL_GAIUS_DUILIUS'			AND ModifierId='GREATPERSON_MOVEMENT_AOE_CLASSICAL_SEA';
UPDATE GreatPersonIndividualBirthModifiers SET ModifierId='GREATPERSON_COMBAT_STRENGTH_AOE_6T_POST_CLASSICAL_SEA'	WHERE GreatPersonIndividualType='GREAT_PERSON_INDIVIDUAL_LEIF_ERIKSON'			AND ModifierId='GREATPERSON_COMBAT_STRENGTH_AOE_MEDIEVAL_SEA';
UPDATE GreatPersonIndividualBirthModifiers SET ModifierId='GREATPERSON_MOVEMENT_AOE_6T_POST_CLASSICAL_SEA'			WHERE GreatPersonIndividualType='GREAT_PERSON_INDIVIDUAL_LEIF_ERIKSON'			AND ModifierId='GREATPERSON_MOVEMENT_AOE_MEDIEVAL_SEA';
UPDATE GreatPersonIndividualBirthModifiers SET ModifierId='GREATPERSON_COMBAT_STRENGTH_AOE_6T_POST_CLASSICAL_SEA'	WHERE GreatPersonIndividualType='GREAT_PERSON_INDIVIDUAL_HIMERIOS'				AND ModifierId='GREATPERSON_COMBAT_STRENGTH_AOE_MEDIEVAL_SEA';
UPDATE GreatPersonIndividualBirthModifiers SET ModifierId='GREATPERSON_MOVEMENT_AOE_6T_POST_CLASSICAL_SEA'			WHERE GreatPersonIndividualType='GREAT_PERSON_INDIVIDUAL_HIMERIOS'				AND ModifierId='GREATPERSON_MOVEMENT_AOE_MEDIEVAL_SEA';
UPDATE GreatPersonIndividualBirthModifiers SET ModifierId='GREATPERSON_COMBAT_STRENGTH_AOE_MEDIEVAL_SEA'			WHERE GreatPersonIndividualType='GREAT_PERSON_INDIVIDUAL_FERDINAND_MAGELLAN'	AND ModifierId='GREATPERSON_COMBAT_STRENGTH_AOE_RENAISSANCE_SEA';
UPDATE GreatPersonIndividualBirthModifiers SET ModifierId='GREATPERSON_MOVEMENT_AOE_MEDIEVAL_SEA'					WHERE GreatPersonIndividualType='GREAT_PERSON_INDIVIDUAL_FERDINAND_MAGELLAN'	AND ModifierId='GREATPERSON_MOVEMENT_AOE_RENAISSANCE_SEA';
--------------------------------------------------------------

-- GreatPersonIndividualActionModifiers
--------------------------------------------------------------
INSERT OR IGNORE INTO GreatPersonIndividualActionModifiers
		(GreatPersonIndividualType,					ModifierId,											AttachmentTargetType)
VALUES	('GREAT_PERSON_INDIVIDUAL_JNR_ARCHIMEDES',	'JNR_GREATPERSON_EUREKA_STRENGTH',					'GREAT_PERSON_ACTION_ATTACHMENT_TARGET_CITY'),
		('GREAT_PERSON_INDIVIDUAL_JNR_LI_BING',		'JNR_GREATPERSON_DAM_UNLOCK_MATHEMATICS',			'GREAT_PERSON_ACTION_ATTACHMENT_TARGET_CITY'),
		('GREAT_PERSON_INDIVIDUAL_JNR_LI_BING',		'JNR_GREATPERSON_DAM_ADJACENCYPRODUCTION',			'GREAT_PERSON_ACTION_ATTACHMENT_TARGET_CITY'),
		('GREAT_PERSON_INDIVIDUAL_JNR_MA_JUN',		'JNR_GREATPERSON_GREAT_WORK_WRITING_PRODUCTION',	'GREAT_PERSON_ACTION_ATTACHMENT_TARGET_CITY'),
		
		('GREAT_PERSON_INDIVIDUAL_JNR_SUSHRUTA',	'JNR_GREATPERSON_1POSTLCASSICALTECHBOOST',			'GREAT_PERSON_ACTION_ATTACHMENT_TARGET_DISTRICT_IN_TILE'),
		('GREAT_PERSON_INDIVIDUAL_JNR_SUSHRUTA',	'JNR_GREATPERSON_1POSTLCASSICALCIVICSBOOST',		'GREAT_PERSON_ACTION_ATTACHMENT_TARGET_DISTRICT_IN_TILE');
		
UPDATE GreatPersonIndividualActionModifiers SET ModifierId='JNR_GREATPERSON_1POSTLCASSICALTECHBOOST'	WHERE GreatPersonIndividualType='GREAT_PERSON_INDIVIDUAL_EUCLID'					AND ModifierId='GREATPERSON_1MEDIEVALTECHBOOST';
UPDATE GreatPersonIndividualActionModifiers SET ModifierId='GREATPERSON_1MEDIEVALTECHBOOST'				WHERE GreatPersonIndividualType='GREAT_PERSON_INDIVIDUAL_ABU_AL_QASIM_AL_ZAHRAWI'	AND ModifierId='GREATPERSON_1MEDIEVALRENAISSANCETECHBOOST';

UPDATE GreatPersonIndividualActionModifiers SET ModifierId='GREAT_PERSON_JNR_BOOST_OR_GRANT_ECOLOGY'	WHERE GreatPersonIndividualType='GREAT_PERSON_INDIVIDUAL_JANAKI_AMMAL'				AND ModifierId='GREAT_PERSON_JNR_BOOST_OFFWORLD_MISSION';
UPDATE GreatPersonIndividualActionModifiers SET ModifierId='GREAT_PERSON_JNR_BOOST_GENOMICS'			WHERE GreatPersonIndividualType='GREAT_PERSON_INDIVIDUAL_JANAKI_AMMAL'				AND ModifierId='GREATPERSON_JNR_1INFORMATIONTECHBOOST';
--------------------------------------------------------------