-- 6T_Unlock_Governance
-- Author: JNR
--------------------------------------------------------------

-- Governments
--------------------------------------------------------------
UPDATE Governments SET PrereqCivic='CIVIC_MILITARY_TRAINING'	WHERE GovernmentType='GOVERNMENT_OLIGARCHY';
UPDATE Governments SET PrereqCivic='CIVIC_POLITICAL_PHILOSOPHY'	WHERE GovernmentType='GOVERNMENT_CLASSICAL_REPUBLIC';
UPDATE Governments SET PrereqCivic='CIVIC_EARLY_EMPIRE'			WHERE GovernmentType='GOVERNMENT_AUTOCRACY';

UPDATE Governments SET PrereqCivic='CIVIC_6T_ESTATES'			WHERE GovernmentType='GOVERNMENT_MONARCHY';
UPDATE Governments SET PrereqCivic='CIVIC_6T_MERCHANT_LEAGUES'	WHERE GovernmentType='GOVERNMENT_MERCHANT_REPUBLIC';
UPDATE Governments SET PrereqCivic='CIVIC_DIVINE_RIGHT'			WHERE GovernmentType='GOVERNMENT_THEOCRACY';

UPDATE Governments SET PrereqCivic='CIVIC_SCORCHED_EARTH'		WHERE GovernmentType='GOVERNMENT_JFD_ABSOLUTE_MONARCHY';
UPDATE Governments SET PrereqCivic='CIVIC_6T_PARLIAMENTARISM'	WHERE GovernmentType='GOVERNMENT_JFD_NOBLE_REPUBLIC';
UPDATE Governments SET PrereqCivic='CIVIC_IDEOLOGY'				WHERE GovernmentType='GOVERNMENT_JFD_PARLIAMENTARY_DEMOCRACY';
--------------------------------------------------------------

-- Policies
--------------------------------------------------------------
-- Ancient
UPDATE Policies SET PrereqCivic='CIVIC_CODE_OF_LAWS'				WHERE PolicyType='POLICY_DISCIPLINE';
UPDATE Policies SET PrereqCivic='CIVIC_CODE_OF_LAWS'				WHERE PolicyType='POLICY_GOD_KING';
UPDATE Policies SET PrereqCivic='CIVIC_CODE_OF_LAWS'				WHERE PolicyType='POLICY_SURVEY';
UPDATE Policies SET PrereqCivic='CIVIC_CODE_OF_LAWS'				WHERE PolicyType='POLICY_URBAN_PLANNING';
UPDATE Policies SET PrereqCivic='CIVIC_6T_WARFARE'					WHERE PolicyType='POLICY_RAID';
UPDATE Policies SET PrereqCivic='CIVIC_FOREIGN_TRADE'				WHERE PolicyType='POLICY_CARAVANSARIES';
UPDATE Policies SET PrereqCivic='CIVIC_FOREIGN_TRADE'				WHERE PolicyType='POLICY_JNR_NATURAL_HARBORS';					-- PP Maritime
UPDATE Policies SET PrereqCivic='CIVIC_FOREIGN_TRADE'				WHERE PolicyType='POLICY_LEU_ORAL_TRADITION';					-- C&P (high LoadOrder unlock)
UPDATE Policies SET PrereqCivic='CIVIC_CRAFTSMANSHIP'				WHERE PolicyType='POLICY_ILKUM';
UPDATE Policies SET PrereqCivic='CIVIC_CRAFTSMANSHIP'				WHERE PolicyType='POLICY_MARITIME_INDUSTRIES';
UPDATE Policies SET PrereqCivic='CIVIC_CRAFTSMANSHIP'				WHERE PolicyType='POLICY_LEU_HERBAL_MEDICINE';					-- C&P (high LoadOrder unlock)
UPDATE Policies SET PrereqCivic='CIVIC_MYSTICISM'					WHERE PolicyType='POLICY_INSPIRATION';
UPDATE Policies SET PrereqCivic='CIVIC_MYSTICISM'					WHERE PolicyType='POLICY_REVELATION';
UPDATE Policies SET PrereqCivic='CIVIC_MYSTICISM'					WHERE PolicyType='POLICY_LEU_RITUAL_LIBATION';					-- C&P (high LoadOrder unlock)
UPDATE Policies SET PrereqCivic='CIVIC_MILITARY_TRADITION'			WHERE PolicyType='POLICY_AGOGE';
UPDATE Policies SET PrereqCivic='CIVIC_MILITARY_TRADITION'			WHERE PolicyType='POLICY_STRATEGOS';
UPDATE Policies SET PrereqCivic='CIVIC_6T_TERRITORY'				WHERE PolicyType='POLICY_COLONIZATION';
UPDATE Policies SET PrereqCivic='CIVIC_6T_TERRITORY'				WHERE PolicyType='POLICY_LIMITANEI';
UPDATE Policies SET PrereqCivic='CIVIC_STATE_WORKFORCE'				WHERE PolicyType='POLICY_CONSCRIPTION';
UPDATE Policies SET PrereqCivic='CIVIC_STATE_WORKFORCE'				WHERE PolicyType='POLICY_CORVEE';
UPDATE Policies SET PrereqCivic='CIVIC_STATE_WORKFORCE'				WHERE PolicyType='POLICY_LAND_SURVEYORS';
-- Classical
UPDATE Policies SET PrereqCivic='CIVIC_MILITARY_TRAINING'			WHERE PolicyType='POLICY_MANEUVER';
UPDATE Policies SET PrereqCivic='CIVIC_MILITARY_TRAINING'			WHERE PolicyType='POLICY_VETERANCY';
UPDATE Policies SET PrereqCivic='CIVIC_EARLY_EMPIRE'				WHERE PolicyType='POLICY_CHARISMATIC_LEADER';
UPDATE Policies SET PrereqCivic='CIVIC_POLITICAL_PHILOSOPHY'		WHERE PolicyType='POLICY_DIPLOMATIC_LEAGUE';
UPDATE Policies SET PrereqCivic='CIVIC_POLITICAL_PHILOSOPHY'		WHERE PolicyType='POLICY_SOVEREIGNS';							-- Great Sovereigns
UPDATE Policies SET PrereqCivic='CIVIC_DRAMA_POETRY'				WHERE PolicyType='POLICY_LITERARY_TRADITION';
UPDATE Policies SET PrereqCivic='CIVIC_DRAMA_POETRY'				WHERE PolicyType='POLICY_LEU_TRAVEL_LITERATURE';				-- C&P (high LoadOrder unlock)
UPDATE Policies SET PrereqCivic='CIVIC_GAMES_RECREATION'			WHERE PolicyType='POLICY_INSULAE';
UPDATE Policies SET PrereqCivic='CIVIC_GAMES_RECREATION'			WHERE PolicyType='POLICY_EQUESTRIAN_ORDERS';
UPDATE Policies SET PrereqCivic='CIVIC_RECORDED_HISTORY'			WHERE PolicyType='POLICY_NATURAL_PHILOSOPHY';
UPDATE Policies SET PrereqCivic='CIVIC_RECORDED_HISTORY'			WHERE PolicyType='POLICY_JNR_RESERVOIRS';						-- UC
UPDATE Policies SET PrereqCivic='CIVIC_RECORDED_HISTORY'			WHERE PolicyType='POLICY_JNR_CONTROLLED_BURNS';					-- PP Environment
UPDATE Policies SET PrereqCivic='CIVIC_RECORDED_HISTORY'			WHERE PolicyType='POLICY_LEU_PERIPLUS';							-- C&P (high LoadOrder unlock)
UPDATE Policies SET PrereqCivic='CIVIC_RECORDED_HISTORY'			WHERE PolicyType='POLICY_LEU_PAPER_MILLS';						-- C&P (high LoadOrder unlock)
UPDATE Policies SET PrereqCivic='CIVIC_THEOLOGY'					WHERE PolicyType='POLICY_SCRIPTURE';
UPDATE Policies SET PrereqCivic='CIVIC_THEOLOGY'					WHERE PolicyType='POLICY_LEU_VOTIVE_OFFERINGS';					-- C&P (high LoadOrder unlock)
-- Post-Classical
UPDATE Policies SET PrereqCivic='CIVIC_DEFENSIVE_TACTICS'			WHERE PolicyType='POLICY_BASTIONS';
UPDATE Policies SET PrereqCivic='CIVIC_DEFENSIVE_TACTICS'			WHERE PolicyType='POLICY_LIMES';
UPDATE Policies SET PrereqCivic='CIVIC_DEFENSIVE_TACTICS'			WHERE PolicyType='POLICY_JNR_SIEGECRAFT';						-- PP Recon & Siege
UPDATE Policies SET PrereqCivic='CIVIC_6T_CITIZENSHIP'				WHERE PolicyType='POLICY_PRAETORIUM';
UPDATE Policies SET PrereqCivic='CIVIC_6T_CITIZENSHIP'				WHERE PolicyType='POLICY_JNR_THALASSOCRACY';					-- PP Maritime
UPDATE Policies SET PrereqCivic='CIVIC_6T_CITIZENSHIP'				WHERE PolicyType='POLICY_LEU_LUXURY_FABRICS';					-- C&P (high LoadOrder unlock)
UPDATE Policies SET PrereqCivic='CIVIC_6T_CITIZENSHIP'				WHERE PolicyType='EPSTWEAK_SUPPORT_POLICY_CITIZEN_SOLDIERS';	-- EpsTweaks Support Units
UPDATE Policies SET PrereqCivic='CIVIC_6T_STATE_RELIGION'			WHERE PolicyType='POLICY_JNR_AHIMSA';							-- UC
UPDATE Policies SET PrereqCivic='CIVIC_NAVAL_TRADITION'				WHERE PolicyType='POLICY_NAVAL_INFRASTRUCTURE';
UPDATE Policies SET PrereqCivic='CIVIC_NAVAL_TRADITION'				WHERE PolicyType='POLICY_JNR_TIMBER_RAFTING';					-- PP 
UPDATE Policies SET PrereqCivic='CIVIC_NAVAL_TRADITION'				WHERE PolicyType='POLICY_LEU_MAPPA_MUNDI';						-- C&P (high LoadOrder unlock)
UPDATE Policies SET PrereqCivic='CIVIC_CIVIL_SERVICE'				WHERE PolicyType='POLICY_CIVIL_PRESTIGE';
UPDATE Policies SET PrereqCivic='CIVIC_CIVIL_SERVICE'				WHERE PolicyType='POLICY_MERITOCRACY';
UPDATE Policies SET PrereqCivic='CIVIC_CIVIL_SERVICE'				WHERE PolicyType='POLICY_RETAINERS';
UPDATE Policies SET PrereqCivic='CIVIC_CIVIL_SERVICE'				WHERE PolicyType='POLICY_GREAT_JD_SPY';							-- Great Spies
UPDATE Policies SET PrereqCivic='CIVIC_FEUDALISM'					WHERE PolicyType='POLICY_FEUDAL_CONTRACT';
UPDATE Policies SET PrereqCivic='CIVIC_FEUDALISM'					WHERE PolicyType='POLICY_SERFDOM';
UPDATE Policies SET PrereqCivic='CIVIC_6T_MONASTICISM'				WHERE PolicyType='POLICY_LEU_PILGRIMAGE_SITES';					-- C&P (high LoadOrder unlock)
-- Medieval
UPDATE Policies SET PrereqCivic='CIVIC_MEDIEVAL_FAIRES'				WHERE PolicyType='POLICY_JNR_HASTILUDE';
UPDATE Policies SET PrereqCivic='CIVIC_6T_MERCHANT_LEAGUES'			WHERE PolicyType='POLICY_MERCHANT_CONFEDERATION';
UPDATE Policies SET PrereqCivic='CIVIC_6T_MERCHANT_LEAGUES'			WHERE PolicyType='POLICY_TRADE_CONFEDERATION';
UPDATE Policies SET PrereqCivic='CIVIC_6T_ESTATES'					WHERE PolicyType='POLICY_CHIVALRY';
UPDATE Policies SET PrereqCivic='CIVIC_MERCENARIES'					WHERE PolicyType='POLICY_PROFESSIONAL_ARMY';
UPDATE Policies SET PrereqCivic='CIVIC_MERCENARIES'					WHERE PolicyType='POLICY_RETINUES';
UPDATE Policies SET PrereqCivic='CIVIC_MERCENARIES'					WHERE PolicyType='POLICY_SACK';
UPDATE Policies SET PrereqCivic='CIVIC_MERCENARIES'					WHERE PolicyType='POLICY_JNR_CAPITULACIONES';					-- Great Explorers
UPDATE Policies SET PrereqCivic='CIVIC_MEDIEVAL_FAIRES'				WHERE PolicyType='POLICY_MEDINA_QUARTER';
UPDATE Policies SET PrereqCivic='CIVIC_MEDIEVAL_FAIRES'				WHERE PolicyType='POLICY_TRAVELING_MERCHANTS';
UPDATE Policies SET PrereqCivic='CIVIC_MEDIEVAL_FAIRES'				WHERE PolicyType='POLICY_JNR_HASTILUDE';						-- UC
UPDATE Policies SET PrereqCivic='CIVIC_GUILDS'						WHERE PolicyType='POLICY_CRAFTSMEN';
UPDATE Policies SET PrereqCivic='CIVIC_GUILDS'						WHERE PolicyType='POLICY_NAVIGATION';
UPDATE Policies SET PrereqCivic='CIVIC_GUILDS'						WHERE PolicyType='POLICY_TOWN_CHARTERS';
UPDATE Policies SET PrereqCivic='CIVIC_6T_PATRONAGE'				WHERE PolicyType='POLICY_AESTHETICS';
UPDATE Policies SET PrereqCivic='CIVIC_6T_PATRONAGE'				WHERE PolicyType='POLICY_GOTHIC_ARCHITECTURE';
UPDATE Policies SET PrereqCivic='CIVIC_6T_PATRONAGE'				WHERE PolicyType='POLICY_FRESCOES';
-- Renaissance
UPDATE Policies SET PrereqCivic='CIVIC_EXPLORATION'					WHERE PolicyType='POLICY_COLONIAL_OFFICES';
UPDATE Policies SET PrereqCivic='CIVIC_EXPLORATION'					WHERE PolicyType='POLICY_PRESS_GANGS';
UPDATE Policies SET PrereqCivic='CIVIC_EXPLORATION'					WHERE PolicyType='POLICY_TRIANGULAR_TRADE';
UPDATE Policies SET PrereqCivic='CIVIC_EXPLORATION'					WHERE PolicyType='POLICY_LEU_OVERLAND_PORTAGE';					-- C&P (high LoadOrder unlock)
UPDATE Policies SET PrereqCivic='CIVIC_DIPLOMATIC_SERVICE'			WHERE PolicyType='POLICY_MACHIAVELLIANISM';
UPDATE Policies SET PrereqCivic='CIVIC_HUMANISM'					WHERE PolicyType='POLICY_INVENTION';
UPDATE Policies SET PrereqCivic='CIVIC_HUMANISM'					WHERE PolicyType='POLICY_LEU_GRAND_TOUR';						-- C&P (high LoadOrder unlock)
UPDATE Policies SET PrereqCivic='CIVIC_REFORMED_CHURCH'				WHERE PolicyType='POLICY_RELIGIOUS_ORDERS';
UPDATE Policies SET PrereqCivic='CIVIC_REFORMED_CHURCH'				WHERE PolicyType='POLICY_WARS_OF_RELIGION';
UPDATE Policies SET PrereqCivic='CIVIC_REFORMED_CHURCH'				WHERE PolicyType='POLICY_LEU_CATECHESIS';						-- C&P (high LoadOrder unlock)
UPDATE Policies SET PrereqCivic='CIVIC_MERCANTILISM'				WHERE PolicyType='POLICY_WISSELBANKEN';
UPDATE Policies SET PrereqCivic='CIVIC_MERCANTILISM'				WHERE PolicyType='POLICY_JNR_FIREWORKS';						-- PP Recon & Siege
UPDATE Policies SET PrereqCivic='CIVIC_THE_ENLIGHTENMENT'			WHERE PolicyType='POLICY_DRILL_MANUALS';
UPDATE Policies SET PrereqCivic='CIVIC_THE_ENLIGHTENMENT'			WHERE PolicyType='POLICY_LOGISTICS';
UPDATE Policies SET PrereqCivic='CIVIC_THE_ENLIGHTENMENT'			WHERE PolicyType='POLICY_RATIONALISM';
UPDATE Policies SET PrereqCivic='CIVIC_THE_ENLIGHTENMENT'			WHERE PolicyType='POLICY_LEU_MODERNIZATION';					-- C&P (high LoadOrder unlock)
UPDATE Policies SET PrereqCivic='CIVIC_6T_TOLERANCE'				WHERE PolicyType='POLICY_LIBERALISM';
UPDATE Policies SET PrereqCivic='CIVIC_6T_TOLERANCE'				WHERE PolicyType='POLICY_SIMULTANEUM';
UPDATE Policies SET PrereqCivic='CIVIC_6T_TOLERANCE'				WHERE PolicyType='POLICY_DIPLO_SOVER_POINTS';					-- Great Sovereigns
UPDATE Policies SET PrereqCivic='CIVIC_6T_TOLERANCE'				WHERE PolicyType='POLICY_LEU_RELIGIOUS_TOLERANCE';				-- C&P (high LoadOrder unlock)
-- Industrial
UPDATE Policies SET PrereqCivic='CIVIC_SCORCHED_EARTH'				WHERE PolicyType='POLICY_GRANDE_ARMEE';
UPDATE Policies SET PrereqCivic='CIVIC_6T_PARLIAMENTARISM'			WHERE PolicyType='POLICY_FREE_MARKET';
UPDATE Policies SET PrereqCivic='CIVIC_OPERA_BALLET'				WHERE PolicyType='POLICY_GRAND_OPERA';
UPDATE Policies SET PrereqCivic='CIVIC_OPERA_BALLET'				WHERE PolicyType='POLICY_SYMPHONIES';
UPDATE Policies SET PrereqCivic='CIVIC_COLONIALISM'					WHERE PolicyType='POLICY_JNR_ADMIRALITY_COURT';					-- UC
UPDATE Policies SET PrereqCivic='CIVIC_COLONIALISM'					WHERE PolicyType='POLICY_COLONIAL_TAXES';
UPDATE Policies SET PrereqCivic='CIVIC_COLONIALISM'					WHERE PolicyType='POLICY_NATIVE_CONQUEST';
UPDATE Policies SET PrereqCivic='CIVIC_COLONIALISM'					WHERE PolicyType='POLICY_RAJ';
UPDATE Policies SET PrereqCivic='CIVIC_COLONIALISM'					WHERE PolicyType='POLICY_JNR_CANAL_ZONE';						-- PP Maritime
UPDATE Policies SET PrereqCivic='CIVIC_COLONIALISM'					WHERE PolicyType='POLICY_JNR_EXPEDITIONS';						-- Great Explorers
UPDATE Policies SET PrereqCivic='CIVIC_COLONIALISM'					WHERE PolicyType='POLICY_LEU_TELEGRAPH_TROOPS';					-- C&P (high LoadOrder unlock)
UPDATE Policies SET PrereqCivic='CIVIC_IDEOLOGY'					WHERE PolicyType='POLICY_EXPROPRIATION';
UPDATE Policies SET PrereqCivic='CIVIC_IDEOLOGY'					WHERE PolicyType='EPSTWEAK_SUPPORT_POLICY_MM_SERVICE';			-- EpsTweaks Support Units
UPDATE Policies SET PrereqCivic='CIVIC_CIVIL_ENGINEERING'			WHERE PolicyType='POLICY_PUBLIC_WORKS';
UPDATE Policies SET PrereqCivic='CIVIC_CIVIL_ENGINEERING'			WHERE PolicyType='POLICY_JNR_STANDARDIZATION';					-- UC
UPDATE Policies SET PrereqCivic='CIVIC_CIVIL_ENGINEERING'			WHERE PolicyType='POLICY_JNR_WATER_TREATMENT';					-- UC
-- Modern
UPDATE Policies SET PrereqCivic='CIVIC_CAPITALISM'					WHERE PolicyType='POLICY_LAISSEZ_FAIRE';
UPDATE Policies SET PrereqCivic='CIVIC_CAPITALISM'					WHERE PolicyType='POLICY_MARKET_ECONOMY';
UPDATE Policies SET PrereqCivic='CIVIC_NATURAL_HISTORY'				WHERE PolicyType='POLICY_JNR_TAXONOMY';							-- Great Explorers
UPDATE Policies SET PrereqCivic='CIVIC_NATIONALISM'					WHERE PolicyType='POLICY_MILITARY_ORGANIZATION';
UPDATE Policies SET PrereqCivic='CIVIC_NATIONALISM'					WHERE PolicyType='POLICY_NATIONAL_IDENTITY';
UPDATE Policies SET PrereqCivic='CIVIC_URBANIZATION'				WHERE PolicyType='POLICY_FORCE_MODERNIZATION';
UPDATE Policies SET PrereqCivic='CIVIC_URBANIZATION'				WHERE PolicyType='POLICY_PUBLIC_TRANSPORT';
UPDATE Policies SET PrereqCivic='CIVIC_URBANIZATION'				WHERE PolicyType='POLICY_SKYSCRAPERS';
UPDATE Policies SET PrereqCivic='CIVIC_URBANIZATION'				WHERE PolicyType='POLICY_LEU_BEER_GARDENS';						-- C&P (high LoadOrder unlock)
UPDATE Policies SET PrereqCivic='CIVIC_MASS_MEDIA'					WHERE PolicyType='POLICY_PROPAGANDA';
UPDATE Policies SET PrereqCivic='CIVIC_MASS_MEDIA'					WHERE PolicyType='POLICY_LEU_TELEVANGELISM';					-- C&P (high LoadOrder unlock)
UPDATE Policies SET PrereqCivic='CIVIC_MOBILIZATION'				WHERE PolicyType='POLICY_GUNBOAT_DIPLOMACY';
UPDATE Policies SET PrereqCivic='CIVIC_MOBILIZATION'				WHERE PolicyType='POLICY_LEVEE_EN_MASSE';
UPDATE Policies SET PrereqCivic='CIVIC_MOBILIZATION'				WHERE PolicyType='POLICY_MILITARY_RESEARCH';
UPDATE Policies SET PrereqCivic='CIVIC_MOBILIZATION'				WHERE PolicyType='POLICY_TOTAL_WAR';
UPDATE Policies SET PrereqCivic='CIVIC_MOBILIZATION'				WHERE PolicyType='POLICY_LIGHTNING_WARFARE';
UPDATE Policies SET PrereqCivic='CIVIC_MOBILIZATION'				WHERE PolicyType='POLICY_JNR_PIONEERS';							-- PP Recon & Siege
UPDATE Policies SET PrereqCivic='CIVIC_CONSERVATION'				WHERE PolicyType='POLICY_RESOURCE_MANAGEMENT';
UPDATE Policies SET PrereqCivic='CIVIC_CONSERVATION'				WHERE PolicyType='POLICY_JNR_RED_LIST';							-- UC
UPDATE Policies SET PrereqCivic='CIVIC_CONSERVATION'				WHERE PolicyType='POLICY_JNR_ORGANIC_FARMING';					-- PP Environment
-- Atomic
UPDATE Policies SET PrereqCivic='CIVIC_SUFFRAGE'					WHERE PolicyType='POLICY_FINEST_HOUR';
UPDATE Policies SET PrereqCivic='CIVIC_SUFFRAGE'					WHERE PolicyType='POLICY_NEW_DEAL';
UPDATE Policies SET PrereqCivic='CIVIC_SUFFRAGE'					WHERE PolicyType='POLICY_JNR_GARDEN_CITIES';					-- UC
UPDATE Policies SET PrereqCivic='CIVIC_TOTALITARIANISM'				WHERE PolicyType='POLICY_MARTIAL_LAW';
UPDATE Policies SET PrereqCivic='CIVIC_TOTALITARIANISM'				WHERE PolicyType='POLICY_THIRD_ALTERNATIVE';
UPDATE Policies SET PrereqCivic='CIVIC_TOTALITARIANISM'				WHERE PolicyType='POLICY_MILITARY_FIRST';
UPDATE Policies SET PrereqCivic='CIVIC_TOTALITARIANISM'				WHERE PolicyType='POLICY_JNR_FORCED_LABOR';						-- PP Corporations
UPDATE Policies SET PrereqCivic='CIVIC_CLASS_STRUGGLE'				WHERE PolicyType='POLICY_COLLECTIVIZATION';
UPDATE Policies SET PrereqCivic='CIVIC_CLASS_STRUGGLE'				WHERE PolicyType='POLICY_DEFENSE_OF_MOTHERLAND';
UPDATE Policies SET PrereqCivic='CIVIC_CLASS_STRUGGLE'				WHERE PolicyType='POLICY_FIVE_YEAR_PLAN';
UPDATE Policies SET PrereqCivic='CIVIC_6T_CONSUMERISM'				WHERE PolicyType='POLICY_ECONOMIC_UNION';
UPDATE Policies SET PrereqCivic='CIVIC_6T_CONSUMERISM'				WHERE PolicyType='POLICY_JNR_STATE_FAIRS';						-- UC
UPDATE Policies SET PrereqCivic='CIVIC_CULTURAL_HERITAGE'			WHERE PolicyType='POLICY_HERITAGE_TOURISM';
UPDATE Policies SET PrereqCivic='CIVIC_CULTURAL_HERITAGE'			WHERE PolicyType='POLICY_JNR_ESOTERICS';						-- UC
UPDATE Policies SET PrereqCivic='CIVIC_CULTURAL_HERITAGE'			WHERE PolicyType='POLICY_JNR_GREEN_BUILDING';					-- PP Environment
UPDATE Policies SET PrereqCivic='CIVIC_PROFESSIONAL_SPORTS'			WHERE PolicyType='POLICY_SPORTS_MEDIA';
UPDATE Policies SET PrereqCivic='CIVIC_PROFESSIONAL_SPORTS'			WHERE PolicyType='POLICY_JNR_SCUBA_DIVING';						-- PP Maritime
UPDATE Policies SET PrereqCivic='CIVIC_PROFESSIONAL_SPORTS'			WHERE PolicyType='POLICY_JNR_ALPINISM';							-- Great Explorers
UPDATE Policies SET PrereqCivic='CIVIC_NUCLEAR_PROGRAM'				WHERE PolicyType='POLICY_NOBEL_PRIZE';
UPDATE Policies SET PrereqCivic='CIVIC_NUCLEAR_PROGRAM'				WHERE PolicyType='POLICY_NUCLEAR_ESPIONAGE';
UPDATE Policies SET PrereqCivic='CIVIC_NUCLEAR_PROGRAM'				WHERE PolicyType='POLICY_JNR_SMOG_FILTERS';						-- PP Environment UC
-- Information
UPDATE Policies SET PrereqCivic='CIVIC_COLD_WAR'					WHERE PolicyType='POLICY_CRYPTOGRAPHY';
UPDATE Policies SET PrereqCivic='CIVIC_COLD_WAR'					WHERE PolicyType='POLICY_SECOND_STRIKE_CAPABILITY';
UPDATE Policies SET PrereqCivic='CIVIC_COLD_WAR'					WHERE PolicyType='POLICY_JNR_DEREGULATION';						-- UC
UPDATE Policies SET PrereqCivic='CIVIC_COLD_WAR'					WHERE PolicyType='POLICY_JNR_SELF_MANAGEMENT';					-- PP Corporations
UPDATE Policies SET PrereqCivic='CIVIC_COLD_WAR'					WHERE PolicyType='POLICY_LEU_STRUCTURAL_ADJUSTMENT';			-- C&P (high LoadOrder unlock)
UPDATE Policies SET PrereqCivic='CIVIC_6T_POP_CULTURE'				WHERE PolicyType='POLICY_MUSIC_CENSORSHIP';
UPDATE Policies SET PrereqCivic='CIVIC_6T_POP_CULTURE'				WHERE PolicyType='POLICY_JNR_FUNDAMENTALISM';					-- UC
UPDATE Policies SET PrereqCivic='CIVIC_6T_POP_CULTURE'				WHERE PolicyType='POLICY_JNR_PHILANTHROPY';						-- PP Corporations
UPDATE Policies SET PrereqCivic='CIVIC_6T_POP_CULTURE'				WHERE PolicyType='POLICY_JNR_FLAGSHIP_STORES';					-- PP Corporations
UPDATE Policies SET PrereqCivic='CIVIC_RAPID_DEPLOYMENT'			WHERE PolicyType='POLICY_AFTER_ACTION_REPORTS';
UPDATE Policies SET PrereqCivic='CIVIC_RAPID_DEPLOYMENT'			WHERE PolicyType='POLICY_CONTAINMENT';
UPDATE Policies SET PrereqCivic='CIVIC_RAPID_DEPLOYMENT'			WHERE PolicyType='POLICY_STRATEGIC_AIR_FORCE';
UPDATE Policies SET PrereqCivic='CIVIC_RAPID_DEPLOYMENT'			WHERE PolicyType='POLICY_JNR_CONTAINERIZATION';					-- UC
UPDATE Policies SET PrereqCivic='CIVIC_RAPID_DEPLOYMENT'			WHERE PolicyType='POLICY_JNR_QFD';								-- PP Corporations
UPDATE Policies SET PrereqCivic='CIVIC_RAPID_DEPLOYMENT'			WHERE PolicyType='POLICY_LEU_FOOD_BANKS';						-- C&P (high LoadOrder unlock)
UPDATE Policies SET PrereqCivic='CIVIC_SPACE_RACE'					WHERE PolicyType='POLICY_INTEGRATED_SPACE_CELL';
UPDATE Policies SET PrereqCivic='CIVIC_SPACE_RACE'					WHERE PolicyType='POLICY_INTERNATIONAL_SPACE_AGENCY';
UPDATE Policies SET PrereqCivic='CIVIC_SPACE_RACE'					WHERE PolicyType='POLICY_SATELLITE_BROADCASTS';
UPDATE Policies SET PrereqCivic='CIVIC_SPACE_RACE'					WHERE PolicyType='POLICY_JNR_BIG_SCIENCE';						-- UC
UPDATE Policies SET PrereqCivic='CIVIC_SPACE_RACE'					WHERE PolicyType='POLICY_JNR_DUAL_USE_TECH';					-- PP Corporations
UPDATE Policies SET PrereqCivic='CIVIC_GLOBALIZATION'				WHERE PolicyType='POLICY_ECOMMERCE';
UPDATE Policies SET PrereqCivic='CIVIC_GLOBALIZATION'				WHERE PolicyType='POLICY_INTERNATIONAL_WATERS';
UPDATE Policies SET PrereqCivic='CIVIC_GLOBALIZATION'				WHERE PolicyType='POLICY_JNR_JUST_IN_TIME';						-- UC
UPDATE Policies SET PrereqCivic='CIVIC_GLOBALIZATION'				WHERE PolicyType='POLICY_JNR_JOINT_VENTURES';					-- PP Corporations
UPDATE Policies SET PrereqCivic='CIVIC_ENVIRONMENTALISM'			WHERE PolicyType='POLICY_JNR_TRIPLE_BOTTOM_LINE';				-- PP Corporations
UPDATE Policies SET PrereqCivic='CIVIC_ENVIRONMENTALISM'			WHERE PolicyType='POLICY_JNR_BIODIVERSITY';						-- PP Environment
UPDATE Policies SET PrereqCivic='CIVIC_ENVIRONMENTALISM'			WHERE PolicyType='POLICY_JNR_ECOTOURISM';						-- PP Environment
UPDATE Policies SET PrereqCivic='CIVIC_ENVIRONMENTALISM'			WHERE PolicyType='POLICY_JNR_FISHING_QUOTAS';					-- PP Environment
UPDATE Policies SET PrereqCivic='CIVIC_ENVIRONMENTALISM'			WHERE PolicyType='POLICY_JNR_VSR_ZONES';						-- PP Environment
UPDATE Policies SET PrereqCivic='CIVIC_SOCIAL_MEDIA'				WHERE PolicyType='POLICY_COLLECTIVE_ACTIVISM';
UPDATE Policies SET PrereqCivic='CIVIC_SOCIAL_MEDIA'				WHERE PolicyType='POLICY_COMMUNICATIONS_OFFICE';
UPDATE Policies SET PrereqCivic='CIVIC_SOCIAL_MEDIA'				WHERE PolicyType='POLICY_FUTURE_VICTORY_CULTURE';
UPDATE Policies SET PrereqCivic='CIVIC_SOCIAL_MEDIA'				WHERE PolicyType='POLICY_ONLINE_COMMUNITIES';
--UPDATE Policies SET PrereqCivic='CIVIC_SOCIAL_MEDIA'				WHERE PolicyType='POLICY_ECOMMERCE' -- reserve spot in case one is needed on Globalization
--												AND EXISTS (SELECT * FROM Policies WHERE PolicyType='POLICY_JNR_JOINT_VENTURES');	-- PP Corporations
UPDATE Policies SET PrereqCivic='CIVIC_SOCIAL_MEDIA'				WHERE PolicyType='POLICY_JNR_MEMES'; 							-- UC
-- Future
UPDATE Policies SET PrereqCivic='CIVIC_DIGITAL_DEMOCRACY'			WHERE PolicyType='POLICY_JNR_FEED_IN_TARIFFS';					-- PP Environment
UPDATE Policies SET PrereqCivic='CIVIC_DIGITAL_DEMOCRACY'			WHERE PolicyType='POLICY_JNR_VIRTUAL_BEACHES';					-- PP Maritime
UPDATE Policies SET PrereqCivic='CIVIC_CORPORATE_LIBERTARIANISM'	WHERE PolicyType='POLICY_JNR_CARBON_CERTIFICATES';				-- PP Environment
UPDATE Policies SET PrereqCivic='CIVIC_CORPORATE_LIBERTARIANISM'	WHERE PolicyType='POLICY_JNR_FLOATING_CITIES';					-- PP Maritime
UPDATE Policies SET PrereqCivic='CIVIC_SYNTHETIC_TECHNOCRACY'		WHERE PolicyType='POLICY_JNR_ENERGIEWENDE';						-- PP Environment
UPDATE Policies SET PrereqCivic='CIVIC_SYNTHETIC_TECHNOCRACY'		WHERE PolicyType='POLICY_JNR_OCEAN_CLEANUP';					-- PP Maritime
UPDATE Policies SET PrereqCivic='CIVIC_INFORMATION_WARFARE'			WHERE PolicyType='POLICY_FUTURE_COUNTER_DIPLOMATIC';
UPDATE Policies SET PrereqCivic='CIVIC_INFORMATION_WARFARE'			WHERE PolicyType='POLICY_FUTURE_COUNTER_SCIENCE';
UPDATE Policies SET PrereqCivic='CIVIC_INFORMATION_WARFARE'			WHERE PolicyType='POLICY_FUTURE_VICTORY_DOMINATION';
UPDATE Policies SET PrereqCivic='CIVIC_SMART_POWER_DOCTRINE'		WHERE PolicyType='POLICY_JNR_SHOOTER_GAMES';					-- Future Units Expansion
UPDATE Policies SET PrereqCivic='CIVIC_SMART_POWER_DOCTRINE'		WHERE PolicyType='POLICY_JNR_GIS_ARTA';							-- Future Units Expansion
UPDATE Policies SET PrereqCivic='CIVIC_SMART_POWER_DOCTRINE'		WHERE PolicyType='POLICY_FUTURE_COUNTER_DOMINATION';
UPDATE Policies SET PrereqCivic='CIVIC_SMART_POWER_DOCTRINE'		WHERE PolicyType='POLICY_FUTURE_VICTORY_DIPLOMATIC';
UPDATE Policies SET PrereqCivic='CIVIC_SMART_POWER_DOCTRINE'		WHERE PolicyType='POLICY_JNR_TRIPLE_BOTTOM_LINE'				-- PP Corporations
												AND EXISTS (SELECT * FROM Policies WHERE PolicyType='POLICY_JNR_BIODIVERSITY');		-- PP Environment
UPDATE Policies SET PrereqCivic='CIVIC_EXODUS_IMPERATIVE'			WHERE PolicyType='POLICY_FUTURE_COUNTER_CULTURE';
UPDATE Policies SET PrereqCivic='CIVIC_EXODUS_IMPERATIVE'			WHERE PolicyType='POLICY_FUTURE_VICTORY_SCIENCE';
UPDATE Policies SET PrereqCivic='CIVIC_EXODUS_IMPERATIVE'			WHERE PolicyType='POLICY_JNR_ARTIFICIAL_ISLANDS';				-- Future Units Expansion
UPDATE Policies SET PrereqCivic='CIVIC_EXODUS_IMPERATIVE'			WHERE PolicyType='POLICY_JNR_DRONE_STRIKES';					-- Future Units Expansion
UPDATE Policies SET PrereqCivic='CIVIC_EXODUS_IMPERATIVE'			WHERE PolicyType='POLICY_JNR_HYDROGEN_ENGINES';					-- PP Environment

--Deleted
--UPDATE Policies SET PrereqCivic=''	WHERE PolicyType='POLICY_POLICE_STATE';
--UPDATE Policies SET PrereqCivic=''	WHERE PolicyType='POLICY_PATRIOTIC_WAR';
--UPDATE Policies SET PrereqCivic=''	WHERE PolicyType='POLICY_ARSENAL_OF_DEMOCRACY';

--Dark Age Policies
--UPDATE Policies SET PrereqCivic=''    WHERE PolicyType='POLICY_MONASTICISM';
--UPDATE Policies SET PrereqCivic=''    WHERE PolicyType='POLICY_TWILIGHT_VALOR';
--UPDATE Policies SET PrereqCivic=''    WHERE PolicyType='POLICY_INQUISITION';
--UPDATE Policies SET PrereqCivic=''    WHERE PolicyType='POLICY_ISOLATIONISM';
--UPDATE Policies SET PrereqCivic=''    WHERE PolicyType='POLICY_LETTERS_OF_MARQUE';
--UPDATE Policies SET PrereqCivic=''    WHERE PolicyType='POLICY_ROBBER_BARONS';
--UPDATE Policies SET PrereqCivic=''    WHERE PolicyType='POLICY_ELITE_FORCES';
--UPDATE Policies SET PrereqCivic=''    WHERE PolicyType='POLICY_COLLECTIVISM';
--UPDATE Policies SET PrereqCivic=''    WHERE PolicyType='POLICY_ROGUE_STATE';
--UPDATE Policies SET PrereqCivic=''    WHERE PolicyType='POLICY_FLOWER_POWER';
--UPDATE Policies SET PrereqCivic=''    WHERE PolicyType='POLICY_CYBER_WARFARE';
--UPDATE Policies SET PrereqCivic=''    WHERE PolicyType='POLICY_AUTOMATED_WORKFORCE';
--UPDATE Policies SET PrereqCivic=''    WHERE PolicyType='POLICY_DISINFORMATION_CAMPAIGN';

-- City Lights
UPDATE Policies SET PrereqCivic='CIVIC_6T_ESTATES'		WHERE PolicyType='COREX_POLICY_1';
UPDATE Policies SET PrereqCivic='CIVIC_URBANIZATION'	WHERE PolicyType='COREX_POLICY_2';
UPDATE Policies SET PrereqCivic='CIVIC_6T_TOLERANCE'	WHERE PolicyType='COREX_POLICY_3';
UPDATE Policies SET PrereqCivic='CIVIC_6T_ROMANTICISM'	WHERE PolicyType='COREX_POLICY_4';
UPDATE Policies SET PrereqCivic='CIVIC_COLD_WAR'		WHERE PolicyType='COREX_POLICY_5';
UPDATE Policies SET PrereqCivic='CIVIC_6T_CONSUMERISM'	WHERE PolicyType='COREX_POLICY_6';

-- UC Text Adjustments
UPDATE Policies SET Name='LOC_POLICY_JNR_ESOTERICS_NAME_JNR_6T' WHERE PolicyType='POLICY_JNR_ESOTERICS';
--------------------------------------------------------------

-- CivicModifiers
--------------------------------------------------------------
UPDATE CivicModifiers SET CivicType='CIVIC_SOCIAL_MEDIA' WHERE ModifierId='ENVIRONMENTALISM_BOOST_ALL_TOURISM' AND EXISTS (SELECT * FROM Policies WHERE PolicyType='POLICY_JNR_BIODIVERSITY');

-- Types
--------------------------------------------------------------
INSERT OR IGNORE INTO Types
		(Type,					Kind)
VALUES	('POLICY_6T_DRESSAGE',	'KIND_POLICY'),
		('POLICY_6T_CLINKER',	'KIND_POLICY');
--------------------------------------------------------------

-- Policies
--------------------------------------------------------------
INSERT OR IGNORE INTO Policies
		(PolicyType,			GovernmentSlotType,	PrereqCivic,				Name,							Description)
VALUES	('POLICY_6T_DRESSAGE',	'SLOT_MILITARY',	'CIVIC_OPERA_BALLET',		'LOC_POLICY_6T_DRESSAGE_NAME',	'LOC_POLICY_6T_DRESSAGE_DESCRIPTION'),
		('POLICY_6T_CLINKER',	'SLOT_MILITARY',	'CIVIC_NAVAL_TRADITION',	'LOC_POLICY_6T_CLINKER_NAME',	'LOC_POLICY_6T_CLINKER_DESCRIPTION');
		
UPDATE Policies SET Description='LOC_POLICY_FEUDAL_CONTRACT_DESCRIPTION_6T'	WHERE PolicyType='POLICY_FEUDAL_CONTRACT';
UPDATE Policies SET Description='LOC_POLICY_GRANDE_ARMEE_DESCRIPTION_6T'	WHERE PolicyType='POLICY_GRANDE_ARMEE';
UPDATE Policies SET Description='LOC_POLICY_CHIVALRY_DESCRIPTION_6T'		WHERE PolicyType='POLICY_CHIVALRY';
UPDATE Policies SET Description='LOC_POLICY_PRESS_GANGS_DESCRIPTION_6T'		WHERE PolicyType='POLICY_PRESS_GANGS';

UPDATE Policies SET Description='LOC_POLICY_CORVEE_DESCRIPTION_6T'				WHERE PolicyType='POLICY_CORVEE';
UPDATE Policies SET Description='LOC_POLICY_GOTHIC_ARCHITECTURE_DESCRIPTION_6T'	WHERE PolicyType='POLICY_GOTHIC_ARCHITECTURE';
--------------------------------------------------------------

-- ObsoletePolicies
--------------------------------------------------------------
INSERT OR IGNORE INTO ObsoletePolicies
		(PolicyType,					ObsoletePolicy)
VALUES	('POLICY_MANEUVER',				'POLICY_6T_DRESSAGE'),
		('POLICY_CHIVALRY',				'POLICY_6T_DRESSAGE'),
		('POLICY_6T_DRESSAGE',			'POLICY_LIGHTNING_WARFARE'),
		('POLICY_MARITIME_INDUSTRIES',	'POLICY_6T_CLINKER'),
		('POLICY_6T_CLINKER',			'POLICY_PRESS_GANGS'),
		('POLICY_6T_CLINKER',			'POLICY_INTERNATIONAL_WATERS');	

DELETE FROM ObsoletePolicies WHERE PolicyType='POLICY_DISCIPLINE';
DELETE FROM ObsoletePolicies WHERE PolicyType='POLICY_SURVEY';
DELETE FROM ObsoletePolicies WHERE PolicyType='POLICY_URBAN_PLANNING';
DELETE FROM ObsoletePolicies WHERE PolicyType='POLICY_BASTIONS';
DELETE FROM ObsoletePolicies WHERE PolicyType='POLICY_RETAINERS';
--------------------------------------------------------------

-- Modifiers
--------------------------------------------------------------
INSERT OR IGNORE INTO Modifiers
		(ModifierId,													ModifierType)
VALUES	('FEUDALCONTRACT_6T_POST_CLASSICAL_MELEE_PRODUCTION',			'MODIFIER_PLAYER_CITIES_ADJUST_UNIT_TAG_ERA_PRODUCTION'),
		('FEUDALCONTRACT_6T_POST_CLASSICAL_ANTI_CAVALRY_PRODUCTION',	'MODIFIER_PLAYER_CITIES_ADJUST_UNIT_TAG_ERA_PRODUCTION'),
		('FEUDALCONTRACT_6T_POST_CLASSICAL_RANGED_PRODUCTION',			'MODIFIER_PLAYER_CITIES_ADJUST_UNIT_TAG_ERA_PRODUCTION'),
		('FEUDALCONTRACT_6T_POST_CLASSICAL_RECON_PRODUCTION',			'MODIFIER_PLAYER_CITIES_ADJUST_UNIT_TAG_ERA_PRODUCTION'),
		
		('JNR_SIEGECRAFT_6T_POST_CLASSICAL_SIEGE_PRODUCTION',			'MODIFIER_PLAYER_CITIES_ADJUST_UNIT_TAG_ERA_PRODUCTION'),
		('JNR_SIEGECRAFT_6T_POST_CLASSICAL_SUPPORT_PRODUCTION',			'MODIFIER_PLAYER_CITIES_ADJUST_UNIT_TAG_ERA_PRODUCTION'),
		('JNR_PIONEERS_6T_POST_CLASSICAL_SUPPORT_PRODUCTION',			'MODIFIER_PLAYER_CITIES_ADJUST_UNIT_TAG_ERA_PRODUCTION'),
		
		('CHIVALRY_6T_POST_CLASSICAL_HEAVY_CAVALRY_PRODUCTION',			'MODIFIER_PLAYER_CITIES_ADJUST_UNIT_TAG_ERA_PRODUCTION'),
		('CHIVALRY_6T_POST_CLASSICAL_LIGHT_CAVALRY_PRODUCTION',			'MODIFIER_PLAYER_CITIES_ADJUST_UNIT_TAG_ERA_PRODUCTION'),

		('PRESSGANGS_6T_POST_CLASSICAL_NAVAL_MELEE_PRODUCTION',			'MODIFIER_PLAYER_CITIES_ADJUST_UNIT_TAG_ERA_PRODUCTION'),
		('PRESSGANGS_6T_POST_CLASSICAL_NAVAL_RANGED_PRODUCTION',		'MODIFIER_PLAYER_CITIES_ADJUST_UNIT_TAG_ERA_PRODUCTION'),
		('PRESSGANGS_6T_POST_CLASSICAL_NAVAL_RAIDER_PRODUCTION',		'MODIFIER_PLAYER_CITIES_ADJUST_UNIT_TAG_ERA_PRODUCTION'),

		('LETTEROFMARQUE_6T_POST_CLASSICAL_NAVAL_RAIDER_PRODUCTION',	'MODIFIER_PLAYER_CITIES_ADJUST_UNIT_TAG_ERA_PRODUCTION');
--------------------------------------------------------------

-- ModifierArguments
--------------------------------------------------------------
INSERT OR IGNORE INTO ModifierArguments
		(ModifierId,													Name,					Value,								Extra)
VALUES	('FEUDALCONTRACT_6T_POST_CLASSICAL_MELEE_PRODUCTION',			'UnitPromotionClass',	'PROMOTION_CLASS_MELEE',			-1),
		('FEUDALCONTRACT_6T_POST_CLASSICAL_MELEE_PRODUCTION',			'EraType',				'ERA_6T_POST_CLASSICAL',			-1),
		('FEUDALCONTRACT_6T_POST_CLASSICAL_MELEE_PRODUCTION',			'Amount',				50,									-1),
		('FEUDALCONTRACT_6T_POST_CLASSICAL_ANTI_CAVALRY_PRODUCTION',	'UnitPromotionClass',	'PROMOTION_CLASS_ANTI_CAVALRY',		-1),
		('FEUDALCONTRACT_6T_POST_CLASSICAL_ANTI_CAVALRY_PRODUCTION',	'EraType',				'ERA_6T_POST_CLASSICAL',			-1),
		('FEUDALCONTRACT_6T_POST_CLASSICAL_ANTI_CAVALRY_PRODUCTION',	'Amount',				50,									-1),
		('FEUDALCONTRACT_6T_POST_CLASSICAL_RANGED_PRODUCTION',			'UnitPromotionClass',	'PROMOTION_CLASS_RANGED',			-1),
		('FEUDALCONTRACT_6T_POST_CLASSICAL_RANGED_PRODUCTION',			'EraType',				'ERA_6T_POST_CLASSICAL',			-1),
		('FEUDALCONTRACT_6T_POST_CLASSICAL_RANGED_PRODUCTION',			'Amount',				50,									-1),
		('FEUDALCONTRACT_6T_POST_CLASSICAL_RECON_PRODUCTION',			'UnitPromotionClass',	'PROMOTION_CLASS_RECON',			-1),
		('FEUDALCONTRACT_6T_POST_CLASSICAL_RECON_PRODUCTION',			'EraType',				'ERA_6T_POST_CLASSICAL',			-1),
		('FEUDALCONTRACT_6T_POST_CLASSICAL_RECON_PRODUCTION',			'Amount',				50,									-1),
		
		('JNR_SIEGECRAFT_6T_POST_CLASSICAL_SIEGE_PRODUCTION',			'UnitPromotionClass',	'PROMOTION_CLASS_SIEGE',			-1),
		('JNR_SIEGECRAFT_6T_POST_CLASSICAL_SIEGE_PRODUCTION',			'EraType',				'ERA_6T_POST_CLASSICAL',			-1),
		('JNR_SIEGECRAFT_6T_POST_CLASSICAL_SIEGE_PRODUCTION',			'Amount',				50,									-1),
		('JNR_SIEGECRAFT_6T_POST_CLASSICAL_SUPPORT_PRODUCTION',			'UnitPromotionClass',	'PROMOTION_CLASS_SUPPORT',			-1),
		('JNR_SIEGECRAFT_6T_POST_CLASSICAL_SUPPORT_PRODUCTION',			'EraType',				'ERA_6T_POST_CLASSICAL',			-1),
		('JNR_SIEGECRAFT_6T_POST_CLASSICAL_SUPPORT_PRODUCTION',			'Amount',				50,									-1),
		('JNR_PIONEERS_6T_POST_CLASSICAL_SUPPORT_PRODUCTION',			'UnitPromotionClass',	'PROMOTION_CLASS_SUPPORT',			-1),
		('JNR_PIONEERS_6T_POST_CLASSICAL_SUPPORT_PRODUCTION',			'EraType',				'ERA_6T_POST_CLASSICAL',			-1),
		('JNR_PIONEERS_6T_POST_CLASSICAL_SUPPORT_PRODUCTION',			'Amount',				100,								-1),

		('CHIVALRY_6T_POST_CLASSICAL_HEAVY_CAVALRY_PRODUCTION',			'UnitPromotionClass',	'PROMOTION_CLASS_HEAVY_CAVALRY',	-1),
		('CHIVALRY_6T_POST_CLASSICAL_HEAVY_CAVALRY_PRODUCTION',			'EraType',				'ERA_6T_POST_CLASSICAL',			-1),
		('CHIVALRY_6T_POST_CLASSICAL_HEAVY_CAVALRY_PRODUCTION',			'Amount',				50,									-1),
		('CHIVALRY_6T_POST_CLASSICAL_LIGHT_CAVALRY_PRODUCTION',			'UnitPromotionClass',	'PROMOTION_CLASS_LIGHT_CAVALRY',	-1),
		('CHIVALRY_6T_POST_CLASSICAL_LIGHT_CAVALRY_PRODUCTION',			'EraType',				'ERA_6T_POST_CLASSICAL',			-1),
		('CHIVALRY_6T_POST_CLASSICAL_LIGHT_CAVALRY_PRODUCTION',			'Amount',				50,									-1),

		('PRESSGANGS_6T_POST_CLASSICAL_NAVAL_MELEE_PRODUCTION',			'UnitPromotionClass',	'PROMOTION_CLASS_NAVAL_MELEE',		-1),
		('PRESSGANGS_6T_POST_CLASSICAL_NAVAL_MELEE_PRODUCTION',			'EraType',				'ERA_6T_POST_CLASSICAL',			-1),
		('PRESSGANGS_6T_POST_CLASSICAL_NAVAL_MELEE_PRODUCTION',			'Amount',				100,								-1),
		('PRESSGANGS_6T_POST_CLASSICAL_NAVAL_RANGED_PRODUCTION',		'UnitPromotionClass',	'PROMOTION_CLASS_NAVAL_RANGED',		-1),
		('PRESSGANGS_6T_POST_CLASSICAL_NAVAL_RANGED_PRODUCTION',		'EraType',				'ERA_6T_POST_CLASSICAL',			-1),
		('PRESSGANGS_6T_POST_CLASSICAL_NAVAL_RANGED_PRODUCTION',		'Amount',				100,								-1),
		('PRESSGANGS_6T_POST_CLASSICAL_NAVAL_RAIDER_PRODUCTION',		'UnitPromotionClass',	'PROMOTION_CLASS_NAVAL_RAIDER',		-1),
		('PRESSGANGS_6T_POST_CLASSICAL_NAVAL_RAIDER_PRODUCTION',		'EraType',				'ERA_6T_POST_CLASSICAL',			-1),
		('PRESSGANGS_6T_POST_CLASSICAL_NAVAL_RAIDER_PRODUCTION',		'Amount',				100,								-1);

INSERT OR IGNORE INTO ModifierArguments
		(ModifierId,													Name,					Value)
VALUES	('LETTEROFMARQUE_6T_POST_CLASSICAL_NAVAL_RAIDER_PRODUCTION',	'UnitPromotionClass',	'PROMOTION_CLASS_NAVAL_RAIDER'),
		('LETTEROFMARQUE_6T_POST_CLASSICAL_NAVAL_RAIDER_PRODUCTION',	'EraType',				'ERA_6T_POST_CLASSICAL'),
		('LETTEROFMARQUE_6T_POST_CLASSICAL_NAVAL_RAIDER_PRODUCTION',	'Amount',				100);

UPDATE ModifierArguments SET Value='ERA_6T_POST_CLASSICAL'	WHERE Name='EndEra' AND ModifierId='CORVEE_ANCIENTCLASSICALWONDER';
UPDATE ModifierArguments SET Value='ERA_INDUSTRIAL'			WHERE Name='EndEra' AND ModifierId='GOTHICARCHITECTURE_MEDIEVALRENAISSANCEWONDER';
--------------------------------------------------------------

-- PolicyModifiers
--------------------------------------------------------------
DELETE FROM PolicyModifiers WHERE PolicyType='POLICY_FEUDAL_CONTRACT'	AND ModifierId='FEUDALCONTRACT_RENAISSANCE_MELEE_PRODUCTION';
DELETE FROM PolicyModifiers WHERE PolicyType='POLICY_FEUDAL_CONTRACT'	AND ModifierId='FEUDALCONTRACT_RENAISSANCE_ANTI_CAVALRY_PRODUCTION';
DELETE FROM PolicyModifiers WHERE PolicyType='POLICY_FEUDAL_CONTRACT'	AND ModifierId='FEUDALCONTRACT_RENAISSANCE_RANGED_PRODUCTION';
DELETE FROM PolicyModifiers WHERE PolicyType='POLICY_FEUDAL_CONTRACT'	AND ModifierId='FEUDALCONTRACT_RENAISSANCE_RECON_PRODUCTION';

DELETE FROM PolicyModifiers WHERE PolicyType='POLICY_GRANDE_ARMEE'		AND ModifierId='GRANDEARMEE_MODERN_MELEE_PRODUCTION';
DELETE FROM PolicyModifiers WHERE PolicyType='POLICY_GRANDE_ARMEE'		AND ModifierId='GRANDEARMEE_MODERN_ANTI_CAVALRY_PRODUCTION';
DELETE FROM PolicyModifiers WHERE PolicyType='POLICY_GRANDE_ARMEE'		AND ModifierId='GRANDEARMEE_MODERN_RANGED_PRODUCTION';
DELETE FROM PolicyModifiers WHERE PolicyType='POLICY_GRANDE_ARMEE'		AND ModifierId='GRANDEARMEE_MODERN_RECON_PRODUCTION';

DELETE FROM PolicyModifiers WHERE PolicyType='POLICY_CHIVALRY'			AND ModifierId='CHIVALRY_RENAISSANCE_HEAVY_CAVALRY_PRODUCTION';
DELETE FROM PolicyModifiers WHERE PolicyType='POLICY_CHIVALRY'			AND ModifierId='CHIVALRY_INDUSTRIAL_HEAVY_CAVALRY_PRODUCTION';
DELETE FROM PolicyModifiers WHERE PolicyType='POLICY_CHIVALRY'			AND ModifierId='CHIVALRY_RENAISSANCE_LIGHT_CAVALRY_PRODUCTION';
DELETE FROM PolicyModifiers WHERE PolicyType='POLICY_CHIVALRY'			AND ModifierId='CHIVALRY_INDUSTRIAL_LIGHT_CAVALRY_PRODUCTION';

INSERT OR IGNORE INTO PolicyModifiers
		(PolicyType,					ModifierId)
VALUES	('POLICY_FEUDAL_CONTRACT',		'FEUDALCONTRACT_6T_POST_CLASSICAL_MELEE_PRODUCTION'),
		('POLICY_FEUDAL_CONTRACT',		'FEUDALCONTRACT_6T_POST_CLASSICAL_ANTI_CAVALRY_PRODUCTION'),
		('POLICY_FEUDAL_CONTRACT',		'FEUDALCONTRACT_6T_POST_CLASSICAL_RANGED_PRODUCTION'),

		('POLICY_GRANDE_ARMEE',			'FEUDALCONTRACT_6T_POST_CLASSICAL_MELEE_PRODUCTION'),
		('POLICY_GRANDE_ARMEE',			'FEUDALCONTRACT_6T_POST_CLASSICAL_ANTI_CAVALRY_PRODUCTION'),
		('POLICY_GRANDE_ARMEE',			'FEUDALCONTRACT_6T_POST_CLASSICAL_RANGED_PRODUCTION'),

		('POLICY_MILITARY_FIRST',		'FEUDALCONTRACT_6T_POST_CLASSICAL_MELEE_PRODUCTION'),
		('POLICY_MILITARY_FIRST',		'FEUDALCONTRACT_6T_POST_CLASSICAL_ANTI_CAVALRY_PRODUCTION'),
		('POLICY_MILITARY_FIRST',		'FEUDALCONTRACT_6T_POST_CLASSICAL_RANGED_PRODUCTION'),

		('POLICY_CHIVALRY',				'CHIVALRY_6T_POST_CLASSICAL_HEAVY_CAVALRY_PRODUCTION'),
		('POLICY_CHIVALRY',				'CHIVALRY_6T_POST_CLASSICAL_LIGHT_CAVALRY_PRODUCTION'),

		('POLICY_6T_DRESSAGE',			'MANEUVER_ANCIENT_HEAVY_CAVALRY_PRODUCTION'),
		('POLICY_6T_DRESSAGE',			'MANEUVER_ANCIENT_LIGHT_CAVALRY_PRODUCTION'),
		('POLICY_6T_DRESSAGE',			'MANEUVER_CLASSICAL_HEAVY_CAVALRY_PRODUCTION'),
		('POLICY_6T_DRESSAGE',			'MANEUVER_CLASSICAL_LIGHT_CAVALRY_PRODUCTION'),
		('POLICY_6T_DRESSAGE',			'CHIVALRY_6T_POST_CLASSICAL_HEAVY_CAVALRY_PRODUCTION'),
		('POLICY_6T_DRESSAGE',			'CHIVALRY_6T_POST_CLASSICAL_LIGHT_CAVALRY_PRODUCTION'),
		('POLICY_6T_DRESSAGE',			'CHIVALRY_MEDIEVAL_HEAVY_CAVALRY_PRODUCTION'),
		('POLICY_6T_DRESSAGE',			'CHIVALRY_MEDIEVAL_LIGHT_CAVALRY_PRODUCTION'),
		('POLICY_6T_DRESSAGE',			'CHIVALRY_RENAISSANCE_HEAVY_CAVALRY_PRODUCTION'),
		('POLICY_6T_DRESSAGE',			'CHIVALRY_RENAISSANCE_LIGHT_CAVALRY_PRODUCTION'),
		('POLICY_6T_DRESSAGE',			'CHIVALRY_INDUSTRIAL_HEAVY_CAVALRY_PRODUCTION'),
		('POLICY_6T_DRESSAGE',			'CHIVALRY_INDUSTRIAL_LIGHT_CAVALRY_PRODUCTION'),

		('POLICY_LIGHTNING_WARFARE',	'CHIVALRY_6T_POST_CLASSICAL_HEAVY_CAVALRY_PRODUCTION'),
		('POLICY_LIGHTNING_WARFARE',	'CHIVALRY_6T_POST_CLASSICAL_LIGHT_CAVALRY_PRODUCTION'),

		('POLICY_6T_CLINKER',			'MARITIMIEINDUSTRIES_ANCIENT_NAVAL_MELEE_PRODUCTION'),
		('POLICY_6T_CLINKER',			'MARITIMIEINDUSTRIES_ANCIENT_NAVAL_RANGED_PRODUCTION'),
		('POLICY_6T_CLINKER',			'MARITIMIEINDUSTRIES_ANCIENT_NAVAL_RAIDER_PRODUCTION'),
		('POLICY_6T_CLINKER',			'MARITIMIEINDUSTRIES_CLASSICAL_NAVAL_MELEE_PRODUCTION'),
		('POLICY_6T_CLINKER',			'MARITIMIEINDUSTRIES_CLASSICAL_NAVAL_RANGED_PRODUCTION'),
		('POLICY_6T_CLINKER',			'MARITIMIEINDUSTRIES_CLASSICAL_NAVAL_RAIDER_PRODUCTION'),
		('POLICY_6T_CLINKER',			'PRESSGANGS_6T_POST_CLASSICAL_NAVAL_MELEE_PRODUCTION'),
		('POLICY_6T_CLINKER',			'PRESSGANGS_6T_POST_CLASSICAL_NAVAL_RANGED_PRODUCTION'),
		('POLICY_6T_CLINKER',			'PRESSGANGS_6T_POST_CLASSICAL_NAVAL_RAIDER_PRODUCTION'),
		('POLICY_6T_CLINKER',			'PRESSGANGS_MEDIEVAL_NAVAL_MELEE_PRODUCTION'),
		('POLICY_6T_CLINKER',			'PRESSGANGS_MEDIEVAL_NAVAL_RANGED_PRODUCTION'),
		('POLICY_6T_CLINKER',			'PRESSGANGS_MEDIEVAL_NAVAL_RAIDER_PRODUCTION'),
		
		('POLICY_PRESS_GANGS',			'PRESSGANGS_6T_POST_CLASSICAL_NAVAL_MELEE_PRODUCTION'),
		('POLICY_PRESS_GANGS',			'PRESSGANGS_6T_POST_CLASSICAL_NAVAL_RANGED_PRODUCTION'),
		('POLICY_PRESS_GANGS',			'PRESSGANGS_6T_POST_CLASSICAL_NAVAL_RAIDER_PRODUCTION'),

		('POLICY_INTERNATIONAL_WATERS',	'PRESSGANGS_6T_POST_CLASSICAL_NAVAL_MELEE_PRODUCTION'),
		('POLICY_INTERNATIONAL_WATERS',	'PRESSGANGS_6T_POST_CLASSICAL_NAVAL_RANGED_PRODUCTION'),
		('POLICY_INTERNATIONAL_WATERS',	'PRESSGANGS_6T_POST_CLASSICAL_NAVAL_RAIDER_PRODUCTION');

INSERT OR IGNORE INTO PolicyModifiers
		(PolicyType,					ModifierId)
SELECT	'POLICY_FEUDAL_CONTRACT',		'FEUDALCONTRACT_6T_POST_CLASSICAL_RECON_PRODUCTION'
FROM	Policies
WHERE	PolicyType='POLICY_JNR_SIEGECRAFT';

INSERT OR IGNORE INTO PolicyModifiers
		(PolicyType,					ModifierId)
SELECT	'POLICY_GRANDE_ARMEE',			'FEUDALCONTRACT_6T_POST_CLASSICAL_RECON_PRODUCTION'
FROM	Policies
WHERE	PolicyType='POLICY_JNR_SIEGECRAFT';

INSERT OR IGNORE INTO PolicyModifiers
		(PolicyType,					ModifierId)
SELECT	'POLICY_MILITARY_FIRST',		'FEUDALCONTRACT_6T_POST_CLASSICAL_RECON_PRODUCTION'
FROM	Policies
WHERE	PolicyType='POLICY_JNR_SIEGECRAFT';

INSERT OR IGNORE INTO PolicyModifiers
		(PolicyType,					ModifierId)
SELECT	'POLICY_JNR_SIEGECRAFT',		'JNR_SIEGECRAFT_6T_POST_CLASSICAL_SIEGE_PRODUCTION'
FROM	Policies
WHERE	PolicyType='POLICY_JNR_SIEGECRAFT';

INSERT OR IGNORE INTO PolicyModifiers
		(PolicyType,					ModifierId)
SELECT	'POLICY_JNR_FIREWORKS',			'JNR_SIEGECRAFT_6T_POST_CLASSICAL_SIEGE_PRODUCTION'
FROM	Policies
WHERE	PolicyType='POLICY_JNR_SIEGECRAFT';

INSERT OR IGNORE INTO PolicyModifiers
		(PolicyType,					ModifierId)
SELECT	'POLICY_LIGHTNING_WARFARE',		'JNR_SIEGECRAFT_6T_POST_CLASSICAL_SIEGE_PRODUCTION'
FROM	Policies
WHERE	PolicyType='POLICY_JNR_SIEGECRAFT';

INSERT OR IGNORE INTO PolicyModifiers
		(PolicyType,					ModifierId)
SELECT	'POLICY_JNR_SIEGECRAFT',		'JNR_SIEGECRAFT_6T_POST_CLASSICAL_SUPPORT_PRODUCTION'
FROM	Policies
WHERE	PolicyType='POLICY_JNR_SIEGECRAFT';

INSERT OR IGNORE INTO PolicyModifiers
		(PolicyType,					ModifierId)
SELECT	'POLICY_JNR_FIREWORKS',			'JNR_SIEGECRAFT_6T_POST_CLASSICAL_SUPPORT_PRODUCTION'
FROM	Policies
WHERE	PolicyType='POLICY_JNR_SIEGECRAFT';

INSERT OR IGNORE INTO PolicyModifiers
		(PolicyType,					ModifierId)
SELECT	'POLICY_JNR_PIONEERS',			'JNR_PIONEERS_6T_POST_CLASSICAL_SUPPORT_PRODUCTION'
FROM	Policies
WHERE	PolicyType='POLICY_JNR_SIEGECRAFT';

INSERT OR IGNORE INTO PolicyModifiers
		(PolicyType,					ModifierId)
SELECT	PolicyType,						'LETTEROFMARQUE_6T_POST_CLASSICAL_NAVAL_RAIDER_PRODUCTION'
FROM	Policies
WHERE	PolicyType='POLICY_LETTERS_OF_MARQUE';
--------------------------------------------------------------

-- Dark & Golden Age Policies duplication for Post-Classical Era
-- OBSOLETE due to Era index reordering udpate.
--------------------------------------------------------------
-- INSERT OR IGNORE INTO Types
		-- (Type,								Kind)
-- SELECT	PolicyType || '_6T_POST_CLASSICAL',	'KIND_POLICY'
-- FROM	Policies_XP1
-- WHERE	MinimumGameEra='ERA_CLASSICAL';

-- INSERT OR IGNORE INTO Policies
		-- (PolicyType,							Name,	Description,	GovernmentSlotType)
-- SELECT	a.PolicyType || '_6T_POST_CLASSICAL',	b.Name,	b.Description,	b.GovernmentSlotType
-- FROM	Policies_XP1 a, Policies b
-- WHERE	a.MinimumGameEra='ERA_CLASSICAL'
		-- AND b.PolicyType=a.PolicyType;

-- INSERT OR IGNORE INTO Policies_XP1
		-- (PolicyType,						MinimumGameEra,				MaximumGameEra,				RequiresDarkAge, RequiresGoldenAge)
-- SELECT	PolicyType || '_6T_POST_CLASSICAL',	'ERA_6T_POST_CLASSICAL',	'ERA_6T_POST_CLASSICAL',	RequiresDarkAge, RequiresGoldenAge
-- FROM	Policies_XP1
-- WHERE	MinimumGameEra='ERA_CLASSICAL';

-- INSERT OR IGNORE INTO PolicyModifiers
		-- (PolicyType,							ModifierId)
-- SELECT	a.PolicyType || '_6T_POST_CLASSICAL',	b.ModifierId
-- FROM	Policies_XP1 a, PolicyModifiers b
-- WHERE	a.MinimumGameEra='ERA_CLASSICAL'
		-- AND b.PolicyType=a.PolicyType;
--------------------------------------------------------------