-- UC_COM_CSE_Ethiopia_Maritime
-- Author: JNR
--------------------------------------------------------------

-- Modifiers
--------------------------------------------------------------
INSERT OR IGNORE INTO Modifiers
		(ModifierId,														ModifierType,												SubjectRequirementSetId)
VALUES	('MODIFIER_CSE_MARITIME_CAPITAL_GOLD',								'MODIFIER_ALL_PLAYERS_ATTACH_MODIFIER',						'PLAYER_HAS_SMALL_INFLUENCE'),
		('MODIFIER_CSE_MARITIME_CAPITAL_GOLD_MOD',							'MODIFIER_PLAYER_CAPITAL_CITY_ADJUST_CITY_YIELD_CHANGE',	NULL),
		('MODIFIER_CSE_MARITIME_LIGHTHOUSE_GOLD',							'MODIFIER_ALL_PLAYERS_ATTACH_MODIFIER',						'PLAYER_HAS_SMALL_INFLUENCE'),
		('MODIFIER_CSE_MARITIME_LIGHTHOUSE_GOLD_MOD',						'MODIFIER_PLAYER_CITIES_ADJUST_BUILDING_YIELD_CHANGE',		NULL),
		('MODIFIER_CSE_MARITIME_LIGHTHOUSE_FISHING_GOLD',					'MODIFIER_ALL_PLAYERS_ATTACH_MODIFIER',						'PLAYER_HAS_SMALL_INFLUENCE'),
		('MODIFIER_CSE_MARITIME_LIGHTHOUSE_FISHING_GOLD_MOD',				'MODIFIER_PLAYER_CITIES_ADJUST_BUILDING_YIELD_CHANGE',		NULL),
		('MODIFIER_CSE_MARITIME_AERODROME_FOOD_ETHIOPIA',					'MODIFIER_ALL_PLAYERS_ATTACH_MODIFIER',						'PLAYER_HAS_LARGEST_INFLUENCE'),
		('MODIFIER_CSE_MARITIME_AERODROME_FOOD_ETHIOPIA_MOD',				'MODIFIER_PLAYER_DISTRICTS_ADJUST_YIELD_CHANGE',			'DISTRICT_IS_AERODROME_JNR'),
		('MODIFIER_CSE_MARITIME_AERODROME_PRODUCTION_ETHIOPIA',				'MODIFIER_ALL_PLAYERS_ATTACH_MODIFIER',						'PLAYER_HAS_LARGEST_INFLUENCE'),
		('MODIFIER_CSE_MARITIME_AERODROME_PRODUCTION_ETHIOPIA_MOD',			'MODIFIER_PLAYER_DISTRICTS_ADJUST_YIELD_CHANGE',			'DISTRICT_IS_AERODROME_JNR'),
		('MODIFIER_CSE_MARITIME_CHANCERY_PRODUCTION_ETHIOPIA_LARGEST',		'MODIFIER_ALL_PLAYERS_ATTACH_MODIFIER',						'PLAYER_HAS_LARGEST_INFLUENCE'),
		('MODIFIER_CSE_MARITIME_CHANCERY_PRODUCTION_ETHIOPIA_LARGEST_MOD',	'MODIFIER_PLAYER_DISTRICTS_ADJUST_YIELD_CHANGE',			NULL);

UPDATE	Modifiers SET SubjectRequirementSetId='PLAYER_HAS_MEDIUM_INFLUENCE'	WHERE ModifierId='MODIFIER_CSE_MARITIME_FISH_MARKET_FOOD';
UPDATE	Modifiers SET SubjectRequirementSetId='PLAYER_HAS_MEDIUM_INFLUENCE'	WHERE ModifierId='MODIFIER_CSE_MARITIME_FISH_MARKET_PRODUCTION';
UPDATE	Modifiers SET SubjectRequirementSetId='PLAYER_HAS_MEDIUM_INFLUENCE'	WHERE ModifierId='MODIFIER_CSE_MARITIME_ENTREPOT_FOOD';
UPDATE	Modifiers SET SubjectRequirementSetId='PLAYER_HAS_MEDIUM_INFLUENCE'	WHERE ModifierId='MODIFIER_CSE_MARITIME_ENTREPOT_PRODUCTION';
UPDATE	Modifiers SET SubjectRequirementSetId='PLAYER_HAS_LARGE_INFLUENCE'	WHERE ModifierId='MODIFIER_CSE_MARITIME_OFFSHORE_TERMINAL_FOOD';
UPDATE	Modifiers SET SubjectRequirementSetId='PLAYER_HAS_LARGE_INFLUENCE'	WHERE ModifierId='MODIFIER_CSE_MARITIME_OFFSHORE_TERMINAL_PRODUCTION';
UPDATE	Modifiers SET SubjectRequirementSetId='PLAYER_HAS_LARGE_INFLUENCE'	WHERE ModifierId='MODIFIER_CSE_MARITIME_OFFSHORE_TERMINAL_GOLD';
--------------------------------------------------------------

-- ModifierArguments
--------------------------------------------------------------
INSERT OR IGNORE INTO ModifierArguments
		(ModifierId,														Name,				Value																)
VALUES	('MODIFIER_CSE_MARITIME_CAPITAL_GOLD',								'ModifierId',		'MODIFIER_CSE_MARITIME_CAPITAL_GOLD_MOD'							),
		('MODIFIER_CSE_MARITIME_CAPITAL_GOLD_MOD',							'YieldType',		'YIELD_GOLD'														),
		('MODIFIER_CSE_MARITIME_CAPITAL_GOLD_MOD',							'Amount',			2																	),

		('MODIFIER_CSE_MARITIME_LIGHTHOUSE_GOLD',							'ModifierId',		'MODIFIER_CSE_MARITIME_LIGHTHOUSE_GOLD_MOD'							),
		('MODIFIER_CSE_MARITIME_LIGHTHOUSE_GOLD_MOD',						'BuildingType',		'BUILDING_LIGHTHOUSE'												),
		('MODIFIER_CSE_MARITIME_LIGHTHOUSE_GOLD_MOD',						'YieldType',		'YIELD_GOLD'														),
		('MODIFIER_CSE_MARITIME_LIGHTHOUSE_GOLD_MOD',						'Amount',			2																	),
		('MODIFIER_CSE_MARITIME_LIGHTHOUSE_GOLD_MOD',						'CityStatesOnly',	1																	),

		('MODIFIER_CSE_MARITIME_LIGHTHOUSE_FISHING_GOLD',					'ModifierId',		'MODIFIER_CSE_MARITIME_LIGHTHOUSE_FISHING_GOLD_MOD'					),
		('MODIFIER_CSE_MARITIME_LIGHTHOUSE_FISHING_GOLD_MOD',				'BuildingType',		'BUILDING_JNR_LIGHTHOUSE_FISHING'									),
		('MODIFIER_CSE_MARITIME_LIGHTHOUSE_FISHING_GOLD_MOD',				'YieldType',		'YIELD_GOLD'														),
		('MODIFIER_CSE_MARITIME_LIGHTHOUSE_FISHING_GOLD_MOD',				'Amount',			2																	),
		('MODIFIER_CSE_MARITIME_LIGHTHOUSE_FISHING_GOLD_MOD',				'CityStatesOnly',	1																	),

		('MODIFIER_CSE_MARITIME_AERODROME_FOOD_ETHIOPIA',					'ModifierId',		'MODIFIER_CSE_MARITIME_AERODROME_FOOD_ETHIOPIA_MOD'					),
		('MODIFIER_CSE_MARITIME_AERODROME_FOOD_ETHIOPIA_MOD',				'YieldType',		'YIELD_FOOD'														),
		('MODIFIER_CSE_MARITIME_AERODROME_FOOD_ETHIOPIA_MOD',				'Amount',			2																	),

		('MODIFIER_CSE_MARITIME_AERODROME_PRODUCTION_ETHIOPIA',				'ModifierId',		'MODIFIER_CSE_MARITIME_AERODROME_PRODUCTION_ETHIOPIA_MOD'			),
		('MODIFIER_CSE_MARITIME_AERODROME_PRODUCTION_ETHIOPIA_MOD',			'YieldType',		'YIELD_PRODUCTION'													),
		('MODIFIER_CSE_MARITIME_AERODROME_PRODUCTION_ETHIOPIA_MOD',			'Amount',			2																	),

		('MODIFIER_CSE_MARITIME_CHANCERY_PRODUCTION_ETHIOPIA_LARGEST',		'ModifierId',		'MODIFIER_CSE_MARITIME_CHANCERY_PRODUCTION_ETHIOPIA_LARGEST_MOD'	),
		('MODIFIER_CSE_MARITIME_CHANCERY_PRODUCTION_ETHIOPIA_LARGEST_MOD',	'BuildingType',		'BUILDING_CHANCERY'													),
		('MODIFIER_CSE_MARITIME_CHANCERY_PRODUCTION_ETHIOPIA_LARGEST_MOD',	'YieldType',		'YIELD_PRODUCTION'													),
		('MODIFIER_CSE_MARITIME_CHANCERY_PRODUCTION_ETHIOPIA_LARGEST_MOD',	'Amount',			2																	),
		('MODIFIER_CSE_MARITIME_CHANCERY_PRODUCTION_ETHIOPIA_LARGEST_MOD',	'CityStatesOnly',	1																	);

-- UPDATE	ModifierArguments SET Value = 1 WHERE Name = 'Amount' AND ModifierId = 'MODIFIER_CSE_MARITIME_CONSULATE_FOOD_MOD_ETHIOPIA';
-- UPDATE	ModifierArguments SET Value = 1 WHERE Name = 'Amount' AND ModifierId = 'MODIFIER_CSE_MARITIME_CHANCERY_FOOD_MOD_ETHIOPIA';
UPDATE	ModifierArguments SET Value = 2 WHERE Name = 'Amount' AND ModifierId = 'MODIFIER_CSE_MARITIME_CHANCERY_FOOD_MOD_ETHIOPIA_LARGEST';
--------------------------------------------------------------

-- TraitModifiers
--------------------------------------------------------------
INSERT OR IGNORE INTO TraitModifiers 
		(TraitType, 						ModifierId														)
VALUES	('MINOR_CIV_CSE_MARITIME_TRAIT',	'MODIFIER_CSE_MARITIME_CAPITAL_GOLD'							),
		('MINOR_CIV_CSE_MARITIME_TRAIT',	'MODIFIER_CSE_MARITIME_LIGHTHOUSE_GOLD'							),
		('MINOR_CIV_CSE_MARITIME_TRAIT',	'MODIFIER_CSE_MARITIME_LIGHTHOUSE_FISHING_GOLD'					),
		('MINOR_CIV_CSE_MARITIME_TRAIT',	'MODIFIER_CSE_MARITIME_OFFSHORE_TERMINAL_GOLD'					),
		('MINOR_CIV_CSE_MARITIME_TRAIT',	'MODIFIER_CSE_MARITIME_AERODROME_FOOD_ETHIOPIA'					),
		('MINOR_CIV_CSE_MARITIME_TRAIT',	'MODIFIER_CSE_MARITIME_AERODROME_PRODUCTION_ETHIOPIA'			),
		('MINOR_CIV_CSE_MARITIME_TRAIT',	'MODIFIER_CSE_MARITIME_CHANCERY_PRODUCTION_ETHIOPIA_LARGEST'	);

DELETE FROM TraitModifiers WHERE TraitType='MINOR_CIV_CSE_MARITIME_TRAIT' AND ModifierId='MODIFIER_CSE_MARITIME_CAPITAL_FOOD';
DELETE FROM TraitModifiers WHERE TraitType='MINOR_CIV_CSE_MARITIME_TRAIT' AND ModifierId='MODIFIER_CSE_MARITIME_CAPITAL_PRODUCTION'; -- redundant
DELETE FROM TraitModifiers WHERE TraitType='MINOR_CIV_CSE_MARITIME_TRAIT' AND ModifierId='MODIFIER_CSE_MARITIME_LIGHTHOUSE_FOOD';
DELETE FROM TraitModifiers WHERE TraitType='MINOR_CIV_CSE_MARITIME_TRAIT' AND ModifierId='MODIFIER_CSE_MARITIME_LIGHTHOUSE_PRODUCTION'; -- redundant
DELETE FROM TraitModifiers WHERE TraitType='MINOR_CIV_CSE_MARITIME_TRAIT' AND ModifierId='MODIFIER_CSE_MARITIME_LIGHTHOUSE_FISHING_FOOD';
DELETE FROM TraitModifiers WHERE TraitType='MINOR_CIV_CSE_MARITIME_TRAIT' AND ModifierId='MODIFIER_CSE_MARITIME_LIGHTHOUSE_FISHING_PRODUCTION';
DELETE FROM TraitModifiers WHERE TraitType='MINOR_CIV_CSE_MARITIME_TRAIT' AND ModifierId='MODIFIER_CSE_MARITIME_LIGHTHOUSE_FOOD_ETHIOPIA';
DELETE FROM TraitModifiers WHERE TraitType='MINOR_CIV_CSE_MARITIME_TRAIT' AND ModifierId='MODIFIER_CSE_MARITIME_SHIPYARD_FOOD_ETHIOPIA';
DELETE FROM TraitModifiers WHERE TraitType='MINOR_CIV_CSE_MARITIME_TRAIT' AND ModifierId='MODIFIER_CSE_MARITIME_SEAPORT_FOOD_ETHIOPIA';
DELETE FROM TraitModifiers WHERE TraitType='MINOR_CIV_CSE_MARITIME_TRAIT' AND ModifierId='MODIFIER_CSE_MARITIME_NAVAL_BASE_FOOD_ETHIOPIA';
DELETE FROM TraitModifiers WHERE TraitType='MINOR_CIV_CSE_MARITIME_TRAIT' AND ModifierId='MODIFIER_CSE_MARITIME_CONSULATE_FOOD_ETHIOPIA_LARGEST';
--------------------------------------------------------------