-- UC_COM_CSE
-- Author: JNR
--------------------------------------------------------------

-- Modifiers
--------------------------------------------------------------
INSERT OR IGNORE INTO Modifiers
		(ModifierId,										ModifierType,											SubjectRequirementSetId)
VALUES	('MODIFIER_CSE_TRADE_MINT_GOLD',					'MODIFIER_ALL_PLAYERS_ATTACH_MODIFIER',					'PLAYER_HAS_MEDIUM_INFLUENCE'),
		('MODIFIER_CSE_TRADE_MINT_GOLD_MOD',				'MODIFIER_PLAYER_CITIES_ADJUST_BUILDING_YIELD_CHANGE',	NULL),
		('MODIFIER_CSE_TRADE_WAYSTATION_GOLD',				'MODIFIER_ALL_PLAYERS_ATTACH_MODIFIER',					'PLAYER_HAS_MEDIUM_INFLUENCE'),
		('MODIFIER_CSE_TRADE_WAYSTATION_GOLD_MOD',			'MODIFIER_PLAYER_CITIES_ADJUST_BUILDING_YIELD_CHANGE',	NULL),
		('MODIFIER_CSE_TRADE_GUILDHALL_GOLD',				'MODIFIER_ALL_PLAYERS_ATTACH_MODIFIER',					'PLAYER_HAS_LARGE_INFLUENCE'),
		('MODIFIER_CSE_TRADE_GUILDHALL_GOLD_MOD',			'MODIFIER_PLAYER_CITIES_ADJUST_BUILDING_YIELD_CHANGE',	NULL),
		('MODIFIER_CSE_TRADE_MERCHANT_QUARTER_GOLD',		'MODIFIER_ALL_PLAYERS_ATTACH_MODIFIER',					'PLAYER_HAS_LARGEST_INFLUENCE'),
		('MODIFIER_CSE_TRADE_MERCHANT_QUARTER_GOLD_MOD',	'MODIFIER_PLAYER_CITIES_ADJUST_BUILDING_YIELD_CHANGE',	NULL),
		('MODIFIER_CSE_TRADE_COMMODITY_EXCHANGE_GOLD',		'MODIFIER_ALL_PLAYERS_ATTACH_MODIFIER',					'PLAYER_HAS_LARGEST_INFLUENCE'),
		('MODIFIER_CSE_TRADE_COMMODITY_EXCHANGE_GOLD_MOD',	'MODIFIER_PLAYER_CITIES_ADJUST_BUILDING_YIELD_CHANGE',	NULL),
		('MODIFIER_CSE_TRADE_MARKETING_AGENCY_GOLD',		'MODIFIER_ALL_PLAYERS_ATTACH_MODIFIER',					'PLAYER_HAS_LARGEST_INFLUENCE'),
		('MODIFIER_CSE_TRADE_MARKETING_AGENCY_GOLD_MOD',	'MODIFIER_PLAYER_CITIES_ADJUST_BUILDING_YIELD_CHANGE',	NULL),
		('MODIFIER_CSE_TRADE_LIGHTHOUSE_FISHING_GOLD',		'MODIFIER_ALL_PLAYERS_ATTACH_MODIFIER',					'PLAYER_HAS_MEDIUM_INFLUENCE'),
		('MODIFIER_CSE_TRADE_LIGHTHOUSE_FISHING_GOLD_MOD',	'MODIFIER_PLAYER_CITIES_ADJUST_BUILDING_YIELD_CHANGE',	NULL),
		('MODIFIER_CSE_TRADE_FISH_MARKET_GOLD',				'MODIFIER_ALL_PLAYERS_ATTACH_MODIFIER',					'PLAYER_HAS_LARGE_INFLUENCE'),
		('MODIFIER_CSE_TRADE_FISH_MARKET_GOLD_MOD',			'MODIFIER_PLAYER_CITIES_ADJUST_BUILDING_YIELD_CHANGE',	NULL),
		('MODIFIER_CSE_TRADE_ENTREPOT_GOLD',				'MODIFIER_ALL_PLAYERS_ATTACH_MODIFIER',					'PLAYER_HAS_LARGE_INFLUENCE'),
		('MODIFIER_CSE_TRADE_ENTREPOT_GOLD_MOD',			'MODIFIER_PLAYER_CITIES_ADJUST_BUILDING_YIELD_CHANGE',	NULL),
		('MODIFIER_CSE_TRADE_OFFSHORE_TERMINAL_GOLD',		'MODIFIER_ALL_PLAYERS_ATTACH_MODIFIER',					'PLAYER_HAS_LARGEST_INFLUENCE'),
		('MODIFIER_CSE_TRADE_OFFSHORE_TERMINAL_GOLD_MOD',	'MODIFIER_PLAYER_CITIES_ADJUST_BUILDING_YIELD_CHANGE',	NULL);
--------------------------------------------------------------

-- ModifierArguments
--------------------------------------------------------------
INSERT OR IGNORE INTO ModifierArguments
		(ModifierId,										Name,				Value												)
VALUES	('MODIFIER_CSE_TRADE_MINT_GOLD',					'ModifierId',		'MODIFIER_CSE_TRADE_MINT_GOLD_MOD'					),
		('MODIFIER_CSE_TRADE_MINT_GOLD_MOD',				'BuildingType',		'BUILDING_JNR_MINT'									),
		('MODIFIER_CSE_TRADE_MINT_GOLD_MOD',				'YieldType',		'YIELD_GOLD'										),
		('MODIFIER_CSE_TRADE_MINT_GOLD_MOD',				'CityStatesOnly',	1													),

		('MODIFIER_CSE_TRADE_WAYSTATION_GOLD',				'ModifierId',		'MODIFIER_CSE_TRADE_WAYSTATION_GOLD_MOD'			),
		('MODIFIER_CSE_TRADE_WAYSTATION_GOLD_MOD',			'BuildingType',		'BUILDING_JNR_WAYSTATION'							),
		('MODIFIER_CSE_TRADE_WAYSTATION_GOLD_MOD',			'YieldType',		'YIELD_GOLD'										),
		('MODIFIER_CSE_TRADE_WAYSTATION_GOLD_MOD',			'CityStatesOnly',	1													),

		('MODIFIER_CSE_TRADE_GUILDHALL_GOLD',				'ModifierId',		'MODIFIER_CSE_TRADE_GUILDHALL_GOLD_MOD'				),
		('MODIFIER_CSE_TRADE_GUILDHALL_GOLD_MOD',			'BuildingType',		'BUILDING_JNR_GUILDHALL'							),
		('MODIFIER_CSE_TRADE_GUILDHALL_GOLD_MOD',			'YieldType',		'YIELD_GOLD'										),
		('MODIFIER_CSE_TRADE_GUILDHALL_GOLD_MOD',			'Amount',			4													),
		('MODIFIER_CSE_TRADE_GUILDHALL_GOLD_MOD',			'CityStatesOnly',	1													),

		('MODIFIER_CSE_TRADE_MERCHANT_QUARTER_GOLD',		'ModifierId',		'MODIFIER_CSE_TRADE_MERCHANT_QUARTER_GOLD_MOD'		),
		('MODIFIER_CSE_TRADE_MERCHANT_QUARTER_GOLD_MOD',	'BuildingType',		'BUILDING_JNR_MERCHANT_QUARTER'						),
		('MODIFIER_CSE_TRADE_MERCHANT_QUARTER_GOLD_MOD',	'YieldType',		'YIELD_GOLD'										),
		('MODIFIER_CSE_TRADE_MERCHANT_QUARTER_GOLD_MOD',	'Amount',			4													),
		('MODIFIER_CSE_TRADE_MERCHANT_QUARTER_GOLD_MOD',	'CityStatesOnly',	1													),

		('MODIFIER_CSE_TRADE_COMMODITY_EXCHANGE_GOLD',		'ModifierId',		'MODIFIER_CSE_TRADE_COMMODITY_EXCHANGE_GOLD_MOD'	),
		('MODIFIER_CSE_TRADE_COMMODITY_EXCHANGE_GOLD_MOD',	'BuildingType',		'BUILDING_JNR_COMMODITY_EXCHANGE'					),
		('MODIFIER_CSE_TRADE_COMMODITY_EXCHANGE_GOLD_MOD',	'YieldType',		'YIELD_GOLD'										),
		('MODIFIER_CSE_TRADE_COMMODITY_EXCHANGE_GOLD_MOD',	'CityStatesOnly',	1													),

		('MODIFIER_CSE_TRADE_MARKETING_AGENCY_GOLD',		'ModifierId',		'MODIFIER_CSE_TRADE_MARKETING_AGENCY_GOLD_MOD'		),
		('MODIFIER_CSE_TRADE_MARKETING_AGENCY_GOLD_MOD',	'BuildingType',		'BUILDING_JNR_MARKETING_AGENCY'						),
		('MODIFIER_CSE_TRADE_MARKETING_AGENCY_GOLD_MOD',	'YieldType',		'YIELD_GOLD'										),
		('MODIFIER_CSE_TRADE_MARKETING_AGENCY_GOLD_MOD',	'CityStatesOnly',	1													),
		
		('MODIFIER_CSE_TRADE_LIGHTHOUSE_FISHING_GOLD',		'ModifierId',		'MODIFIER_CSE_TRADE_LIGHTHOUSE_FISHING_GOLD_MOD'	),
		('MODIFIER_CSE_TRADE_LIGHTHOUSE_FISHING_GOLD_MOD',	'BuildingType',		'BUILDING_JNR_LIGHTHOUSE_FISHING'					),
		('MODIFIER_CSE_TRADE_LIGHTHOUSE_FISHING_GOLD_MOD',	'YieldType',		'YIELD_GOLD'										),
		('MODIFIER_CSE_TRADE_LIGHTHOUSE_FISHING_GOLD_MOD',	'CityStatesOnly',	1													),

		('MODIFIER_CSE_TRADE_FISH_MARKET_GOLD',				'ModifierId',		'MODIFIER_CSE_TRADE_FISH_MARKET_GOLD_MOD'			),
		('MODIFIER_CSE_TRADE_FISH_MARKET_GOLD_MOD',			'BuildingType',		'BUILDING_JNR_FISH_MARKET'							),
		('MODIFIER_CSE_TRADE_FISH_MARKET_GOLD_MOD',			'YieldType',		'YIELD_GOLD'										),
		('MODIFIER_CSE_TRADE_FISH_MARKET_GOLD_MOD',			'Amount',			4													),
		('MODIFIER_CSE_TRADE_FISH_MARKET_GOLD_MOD',			'CityStatesOnly',	1													),

		('MODIFIER_CSE_TRADE_ENTREPOT_GOLD',				'ModifierId',		'MODIFIER_CSE_TRADE_ENTREPOT_GOLD_MOD'				),
		('MODIFIER_CSE_TRADE_ENTREPOT_GOLD_MOD',			'BuildingType',		'BUILDING_JNR_ENTREPOT'								),
		('MODIFIER_CSE_TRADE_ENTREPOT_GOLD_MOD',			'YieldType',		'YIELD_GOLD'										),
		('MODIFIER_CSE_TRADE_ENTREPOT_GOLD_MOD',			'Amount',			4													),
		('MODIFIER_CSE_TRADE_ENTREPOT_GOLD_MOD',			'CityStatesOnly',	1													),

		('MODIFIER_CSE_TRADE_OFFSHORE_TERMINAL_GOLD',		'ModifierId',		'MODIFIER_CSE_TRADE_OFFSHORE_TERMINAL_GOLD_MOD'		),
		('MODIFIER_CSE_TRADE_OFFSHORE_TERMINAL_GOLD_MOD',	'BuildingType',		'BUILDING_JNR_OFFSHORE_TERMINAL'					),
		('MODIFIER_CSE_TRADE_OFFSHORE_TERMINAL_GOLD_MOD',	'YieldType',		'YIELD_GOLD'										),
		('MODIFIER_CSE_TRADE_OFFSHORE_TERMINAL_GOLD_MOD',	'CityStatesOnly',	1													);
		
INSERT OR IGNORE INTO ModifierArguments
		(ModifierId,										Name,				Value												)
SELECT	'MODIFIER_CSE_TRADE_MINT_GOLD_MOD',					'Amount',			Value
FROM	ModifierArguments
WHERE	Name='Amount' AND ModifierId='MODIFIER_CSE_TRADE_MARKET_GOLD_MOD';

INSERT OR IGNORE INTO ModifierArguments
		(ModifierId,										Name,				Value												)
SELECT	'MODIFIER_CSE_TRADE_WAYSTATION_GOLD_MOD',			'Amount',			Value
FROM	ModifierArguments
WHERE	Name='Amount' AND ModifierId='MODIFIER_CSE_TRADE_MARKET_GOLD_MOD';

INSERT OR IGNORE INTO ModifierArguments
		(ModifierId,										Name,				Value												)
SELECT	'MODIFIER_CSE_TRADE_COMMODITY_EXCHANGE_GOLD_MOD',	'Amount',			Value
FROM	ModifierArguments
WHERE	Name='Amount' AND ModifierId='MODIFIER_CSE_TRADE_STOCK_EXCHANGE_GOLD_MOD';

INSERT OR IGNORE INTO ModifierArguments
		(ModifierId,										Name,				Value												)
SELECT	'MODIFIER_CSE_TRADE_MARKETING_AGENCY_GOLD_MOD',		'Amount',			Value
FROM	ModifierArguments
WHERE	Name='Amount' AND ModifierId='MODIFIER_CSE_TRADE_STOCK_EXCHANGE_GOLD_MOD';

INSERT OR IGNORE INTO ModifierArguments
		(ModifierId,										Name,				Value												)
SELECT	'MODIFIER_CSE_TRADE_LIGHTHOUSE_FISHING_GOLD_MOD',	'Amount',			Value
FROM	ModifierArguments
WHERE	Name='Amount' AND ModifierId='MODIFIER_CSE_TRADE_LIGHTHOUSE_GOLD_MOD';

INSERT OR IGNORE INTO ModifierArguments
		(ModifierId,										Name,				Value												)
SELECT	'MODIFIER_CSE_TRADE_OFFSHORE_TERMINAL_GOLD_MOD',	'Amount',			Value
FROM	ModifierArguments
WHERE	Name='Amount' AND ModifierId='MODIFIER_CSE_TRADE_SEAPORT_GOLD_MOD';
--------------------------------------------------------------

-- TraitModifiers
--------------------------------------------------------------
INSERT OR IGNORE INTO TraitModifiers 
		(TraitType, 				ModifierId										)
VALUES	('MINOR_CIV_TRADE_TRAIT',	'MODIFIER_CSE_TRADE_MINT_GOLD'					),
		('MINOR_CIV_TRADE_TRAIT',	'MODIFIER_CSE_TRADE_WAYSTATION_GOLD'			),
		('MINOR_CIV_TRADE_TRAIT',	'MODIFIER_CSE_TRADE_GUILDHALL_GOLD'				),
		('MINOR_CIV_TRADE_TRAIT',	'MODIFIER_CSE_TRADE_MERCHANT_QUARTER_GOLD'		),
		('MINOR_CIV_TRADE_TRAIT',	'MODIFIER_CSE_TRADE_COMMODITY_EXCHANGE_GOLD'	),
		('MINOR_CIV_TRADE_TRAIT',	'MODIFIER_CSE_TRADE_MARKETING_AGENCY_GOLD'		);

INSERT OR IGNORE INTO TraitModifiers
		(TraitType,					ModifierId)
SELECT	'MINOR_CIV_TRADE_TRAIT',	'MODIFIER_CSE_TRADE_LIGHTHOUSE_FISHING_GOLD'
WHERE	NOT EXISTS (SELECT * FROM ModValidation WHERE Version = 'CSE_MARITIME');

INSERT OR IGNORE INTO TraitModifiers
		(TraitType,					ModifierId)
SELECT	'MINOR_CIV_TRADE_TRAIT',	'MODIFIER_CSE_TRADE_FISH_MARKET_GOLD'
WHERE	NOT EXISTS (SELECT * FROM ModValidation WHERE Version = 'CSE_MARITIME');

INSERT OR IGNORE INTO TraitModifiers
		(TraitType,					ModifierId)
SELECT	'MINOR_CIV_TRADE_TRAIT',	'MODIFIER_CSE_TRADE_ENTREPOT_GOLD'
WHERE	NOT EXISTS (SELECT * FROM ModValidation WHERE Version = 'CSE_MARITIME');

INSERT OR IGNORE INTO TraitModifiers
		(TraitType,					ModifierId)
SELECT	'MINOR_CIV_TRADE_TRAIT',	'MODIFIER_CSE_TRADE_OFFSHORE_TERMINAL_GOLD'
WHERE	NOT EXISTS (SELECT * FROM ModValidation WHERE Version = 'CSE_MARITIME');
--------------------------------------------------------------