-- UC_COM_RwF
-- Author: JNR
--------------------------------------------------------------

-- Germany - Hanseatic League
--------------------------------------------------------------
UPDATE	Modifiers SET SubjectRequirementSetId='BUILDING_IS_COMMERCIAL_TIER2_JNR' WHERE ModifierId='P0K_TRAIT_BANK_AMENITY';
UPDATE	Modifiers SET SubjectRequirementSetId='BUILDING_IS_COMMERCIAL_TIER2_JNR' WHERE ModifierId='P0K_TRAIT_BANK_GOLD_BOOST';

INSERT OR IGNORE INTO Modifiers
		(ModifierId,											ModifierType)
VALUES	('P0K_TRAIT_GUILDHALL_ADJUST_PRODUCTION_JNR_UC',		'MODIFIER_PLAYER_CITIES_ADJUST_BUILDING_PRODUCTION'),
		('P0K_TRAIT_MERCHANT_QUARTER_ADJUST_PRODUCTION_JNR_UC',	'MODIFIER_PLAYER_CITIES_ADJUST_BUILDING_PRODUCTION');

UPDATE ModifierArguments SET Value=4	WHERE Name='Amount'	AND	ModifierId='P0K_TRAIT_UNIVERSITY_SCIENCE_BOOST';
UPDATE ModifierArguments SET Value=4	WHERE Name='Amount'	AND	ModifierId='P0K_TRAIT_FACTORY_PRODUCTION_BOOST';
UPDATE ModifierArguments SET Value=4	WHERE Name='Amount'	AND	ModifierId='P0K_TRAIT_BANK_GOLD_BOOST';

INSERT OR IGNORE INTO ModifierArguments
		(ModifierId,											Name,			Value)
VALUES	('P0K_TRAIT_GUILDHALL_ADJUST_PRODUCTION_JNR_UC',		'BuildingType',	'BUILDING_JNR_GUILDHALL'),
		('P0K_TRAIT_GUILDHALL_ADJUST_PRODUCTION_JNR_UC',		'Amount',		25),
		('P0K_TRAIT_MERCHANT_QUARTER_ADJUST_PRODUCTION_JNR_UC',	'BuildingType',	'BUILDING_JNR_MERCHANT_QUARTER'),
		('P0K_TRAIT_MERCHANT_QUARTER_ADJUST_PRODUCTION_JNR_UC',	'Amount',		25);

INSERT OR IGNORE INTO TraitModifiers
		(TraitType,									ModifierId)
VALUES	('TRAIT_CIVILIZATION_IMPERIAL_FREE_CITIES',	'P0K_TRAIT_GUILDHALL_ADJUST_PRODUCTION_JNR_UC'),
		('TRAIT_CIVILIZATION_IMPERIAL_FREE_CITIES',	'P0K_TRAIT_MERCHANT_QUARTER_ADJUST_PRODUCTION_JNR_UC');
--------------------------------------------------------------

-- Greece - Surrounded by Glory
--------------------------------------------------------------
INSERT OR IGNORE INTO Modifiers
		(ModifierId,														ModifierType)
VALUES	('P0K_DELIAN_LEAGUE_LIGHTHOUSE_FISHING_FOOD_JNR_UC',				'MODIFIER_PLAYER_CITIES_ATTACH_MODIFIER'),
		('P0K_DELIAN_LEAGUE_LIGHTHOUSE_FOOD_MODIFIER_JNR_UC',				'MODIFIER_BUILDING_YIELD_CHANGE'),
		('P0K_DELIAN_LEAGUE_LIGHTHOUSE_PRODUCTION_JNR_UC',					'MODIFIER_PLAYER_CITIES_ATTACH_MODIFIER'),
		('P0K_DELIAN_LEAGUE_LIGHTHOUSE_PRODUCTION_MODIFIER_JNR_UC',			'MODIFIER_BUILDING_YIELD_CHANGE'),
		('P0K_DELIAN_LEAGUE_FISH_MARKET_FOOD_JNR_UC',						'MODIFIER_PLAYER_CITIES_ATTACH_MODIFIER'),
		('P0K_DELIAN_LEAGUE_FISH_MARKET_FOOD_MODIFIER_JNR_UC',				'MODIFIER_BUILDING_YIELD_CHANGE'),
		('P0K_DELIAN_LEAGUE_FISH_MARKET_PRODUCTION_JNR_UC',					'MODIFIER_PLAYER_CITIES_ATTACH_MODIFIER'),
		('P0K_DELIAN_LEAGUE_FISH_MARKET_PRODUCTION_MODIFIER_JNR_UC',		'MODIFIER_BUILDING_YIELD_CHANGE'),
		('P0K_DELIAN_LEAGUE_ENTREPOT_FOOD_JNR_UC',							'MODIFIER_PLAYER_CITIES_ATTACH_MODIFIER'),
		('P0K_DELIAN_LEAGUE_ENTREPOT_FOOD_MODIFIER_JNR_UC',					'MODIFIER_BUILDING_YIELD_CHANGE'),
		('P0K_DELIAN_LEAGUE_ENTREPOT_PRODUCTION_JNR_UC',					'MODIFIER_PLAYER_CITIES_ATTACH_MODIFIER'),
		('P0K_DELIAN_LEAGUE_ENTREPOT_PRODUCTION_MODIFIER_JNR_UC',			'MODIFIER_BUILDING_YIELD_CHANGE'),
		('P0K_DELIAN_LEAGUE_OFFSHORE_TERMINAL_FOOD_JNR_UC',					'MODIFIER_PLAYER_CITIES_ATTACH_MODIFIER'),
		('P0K_DELIAN_LEAGUE_OFFSHORE_TERMINAL_FOOD_MODIFIER_JNR_UC',		'MODIFIER_BUILDING_YIELD_CHANGE'),
		('P0K_DELIAN_LEAGUE_OFFSHORE_TERMINAL_PRODUCTION_JNR_UC',			'MODIFIER_PLAYER_CITIES_ATTACH_MODIFIER'),
		('P0K_DELIAN_LEAGUE_OFFSHORE_TERMINAL_PRODUCTION_MODIFIER_JNR_UC',	'MODIFIER_BUILDING_YIELD_CHANGE');

INSERT INTO ModifierArguments	
		(ModifierId,														Name,			Value)	
VALUES	('P0K_DELIAN_LEAGUE_LIGHTHOUSE_FISHING_FOOD_JNR_UC',				'ModifierId',	'P0K_DELIAN_LEAGUE_LIGHTHOUSE_FOOD_MODIFIER_JNR_UC'),
		('P0K_DELIAN_LEAGUE_LIGHTHOUSE_FOOD_MODIFIER_JNR_UC',				'BuildingType',	'BUILDING_JNR_LIGHTHOUSE_FISHING'),
		('P0K_DELIAN_LEAGUE_LIGHTHOUSE_FOOD_MODIFIER_JNR_UC',				'YieldType',	'YIELD_FOOD'),
		('P0K_DELIAN_LEAGUE_LIGHTHOUSE_FOOD_MODIFIER_JNR_UC',				'Amount',		1),
		('P0K_DELIAN_LEAGUE_LIGHTHOUSE_PRODUCTION_JNR_UC',					'ModifierId',	'P0K_DELIAN_LEAGUE_LIGHTHOUSE_PRODUCTION_MODIFIER_JNR_UC'),
		('P0K_DELIAN_LEAGUE_LIGHTHOUSE_PRODUCTION_MODIFIER_JNR_UC',			'BuildingType',	'BUILDING_JNR_LIGHTHOUSE_FISHING'),
		('P0K_DELIAN_LEAGUE_LIGHTHOUSE_PRODUCTION_MODIFIER_JNR_UC',			'YieldType',	'YIELD_PRODUCTION'),
		('P0K_DELIAN_LEAGUE_LIGHTHOUSE_PRODUCTION_MODIFIER_JNR_UC',			'Amount',		1),
		('P0K_DELIAN_LEAGUE_FISH_MARKET_FOOD_JNR_UC',						'ModifierId',	'P0K_DELIAN_LEAGUE_FISH_MARKET_FOOD_MODIFIER_JNR_UC'),
		('P0K_DELIAN_LEAGUE_FISH_MARKET_FOOD_MODIFIER_JNR_UC',				'BuildingType',	'BUILDING_JNR_FISH_MARKET'),
		('P0K_DELIAN_LEAGUE_FISH_MARKET_FOOD_MODIFIER_JNR_UC',				'YieldType',	'YIELD_FOOD'),
		('P0K_DELIAN_LEAGUE_FISH_MARKET_FOOD_MODIFIER_JNR_UC',				'Amount',		1),
		('P0K_DELIAN_LEAGUE_FISH_MARKET_PRODUCTION_JNR_UC',					'ModifierId',	'P0K_DELIAN_LEAGUE_FISH_MARKET_PRODUCTION_MODIFIER_JNR_UC'),
		('P0K_DELIAN_LEAGUE_FISH_MARKET_PRODUCTION_MODIFIER_JNR_UC',		'BuildingType',	'BUILDING_JNR_FISH_MARKET'),
		('P0K_DELIAN_LEAGUE_FISH_MARKET_PRODUCTION_MODIFIER_JNR_UC',		'YieldType',	'YIELD_PRODUCTION'),
		('P0K_DELIAN_LEAGUE_FISH_MARKET_PRODUCTION_MODIFIER_JNR_UC',		'Amount',		1),
		('P0K_DELIAN_LEAGUE_ENTREPOT_FOOD_JNR_UC',							'ModifierId',	'P0K_DELIAN_LEAGUE_ENTREPOT_FOOD_MODIFIER_JNR_UC'),
		('P0K_DELIAN_LEAGUE_ENTREPOT_FOOD_MODIFIER_JNR_UC',					'BuildingType',	'BUILDING_JNR_ENTREPOT'),
		('P0K_DELIAN_LEAGUE_ENTREPOT_FOOD_MODIFIER_JNR_UC',					'YieldType',	'YIELD_FOOD'),
		('P0K_DELIAN_LEAGUE_ENTREPOT_FOOD_MODIFIER_JNR_UC',					'Amount',		1),
		('P0K_DELIAN_LEAGUE_ENTREPOT_PRODUCTION_JNR_UC',					'ModifierId',	'P0K_DELIAN_LEAGUE_ENTREPOT_PRODUCTION_MODIFIER_JNR_UC'),
		('P0K_DELIAN_LEAGUE_ENTREPOT_PRODUCTION_MODIFIER_JNR_UC',			'BuildingType',	'BUILDING_JNR_ENTREPOT'),
		('P0K_DELIAN_LEAGUE_ENTREPOT_PRODUCTION_MODIFIER_JNR_UC',			'YieldType',	'YIELD_PRODUCTION'),
		('P0K_DELIAN_LEAGUE_ENTREPOT_PRODUCTION_MODIFIER_JNR_UC',			'Amount',		1),
		('P0K_DELIAN_LEAGUE_OFFSHORE_TERMINAL_FOOD_JNR_UC',					'ModifierId',	'P0K_DELIAN_LEAGUE_OFFSHORE_TERMINAL_FOOD_MODIFIER_JNR_UC'),
		('P0K_DELIAN_LEAGUE_OFFSHORE_TERMINAL_FOOD_MODIFIER_JNR_UC',		'BuildingType',	'BUILDING_JNR_OFFSHORE_TERMINAL'),
		('P0K_DELIAN_LEAGUE_OFFSHORE_TERMINAL_FOOD_MODIFIER_JNR_UC',		'YieldType',	'YIELD_FOOD'),
		('P0K_DELIAN_LEAGUE_OFFSHORE_TERMINAL_FOOD_MODIFIER_JNR_UC',		'Amount',		1),
		('P0K_DELIAN_LEAGUE_OFFSHORE_TERMINAL_PRODUCTION_JNR_UC',			'ModifierId',	'P0K_DELIAN_LEAGUE_OFFSHORE_TERMINAL_PRODUCTION_MODIFIER_JNR_UC'),
		('P0K_DELIAN_LEAGUE_OFFSHORE_TERMINAL_PRODUCTION_MODIFIER_JNR_UC',	'BuildingType',	'BUILDING_JNR_OFFSHORE_TERMINAL'),
		('P0K_DELIAN_LEAGUE_OFFSHORE_TERMINAL_PRODUCTION_MODIFIER_JNR_UC',	'YieldType',	'YIELD_PRODUCTION'),
		('P0K_DELIAN_LEAGUE_OFFSHORE_TERMINAL_PRODUCTION_MODIFIER_JNR_UC',	'Amount',		1);

INSERT INTO TraitModifiers
		(TraitType,								ModifierId)
VALUES	('TRAIT_LEADER_SURROUNDED_BY_GLORY',	'P0K_DELIAN_LEAGUE_LIGHTHOUSE_FISHING_FOOD_JNR_UC'),
		('TRAIT_LEADER_SURROUNDED_BY_GLORY',	'P0K_DELIAN_LEAGUE_LIGHTHOUSE_PRODUCTION_JNR_UC'),
		('TRAIT_LEADER_SURROUNDED_BY_GLORY',	'P0K_DELIAN_LEAGUE_FISH_MARKET_FOOD_JNR_UC'),
		('TRAIT_LEADER_SURROUNDED_BY_GLORY',	'P0K_DELIAN_LEAGUE_FISH_MARKET_PRODUCTION_JNR_UC'),
		('TRAIT_LEADER_SURROUNDED_BY_GLORY',	'P0K_DELIAN_LEAGUE_ENTREPOT_FOOD_JNR_UC'),
		('TRAIT_LEADER_SURROUNDED_BY_GLORY',	'P0K_DELIAN_LEAGUE_ENTREPOT_PRODUCTION_JNR_UC'),
		('TRAIT_LEADER_SURROUNDED_BY_GLORY',	'P0K_DELIAN_LEAGUE_OFFSHORE_TERMINAL_FOOD_JNR_UC'),
		('TRAIT_LEADER_SURROUNDED_BY_GLORY',	'P0K_DELIAN_LEAGUE_OFFSHORE_TERMINAL_PRODUCTION_JNR_UC');
--------------------------------------------------------------

-- India - Gospel of the Charkha
--------------------------------------------------------------
INSERT OR IGNORE INTO Modifiers
		(ModifierId,													ModifierType)
VALUES	('P0K_TRAIT_FAITH_PURCHASE_BUILDING_JNR_MINT',					'MODIFIER_PLAYER_CITIES_ENABLE_SPECIFIC_BUILDING_FAITH_PURCHASE'),
		('P0K_TRAIT_FAITH_PURCHASE_BUILDING_JNR_WAYSTATION',			'MODIFIER_PLAYER_CITIES_ENABLE_SPECIFIC_BUILDING_FAITH_PURCHASE'),
		('P0K_TRAIT_FAITH_PURCHASE_BUILDING_JNR_LIGHTHOUSE_FISHING',	'MODIFIER_PLAYER_CITIES_ENABLE_SPECIFIC_BUILDING_FAITH_PURCHASE');

INSERT OR IGNORE INTO ModifierArguments
		(ModifierId,													Name,			Value)
VALUES	('P0K_TRAIT_FAITH_PURCHASE_BUILDING_JNR_MINT',					'BuildingType',	'BUILDING_JNR_MINT'),
		('P0K_TRAIT_FAITH_PURCHASE_BUILDING_JNR_WAYSTATION',			'BuildingType',	'BUILDING_JNR_WAYSTATION'),
		('P0K_TRAIT_FAITH_PURCHASE_BUILDING_JNR_LIGHTHOUSE_FISHING',	'BuildingType',	'BUILDING_JNR_LIGHTHOUSE_FISHING');

INSERT OR IGNORE INTO TraitModifiers 
		(TraitType, 				ModifierId)
VALUES	('TRAIT_LEADER_SATYAGRAHA',	'P0K_TRAIT_FAITH_PURCHASE_BUILDING_JNR_MINT'),
		('TRAIT_LEADER_SATYAGRAHA',	'P0K_TRAIT_FAITH_PURCHASE_BUILDING_JNR_WAYSTATION'),
		('TRAIT_LEADER_SATYAGRAHA',	'P0K_TRAIT_FAITH_PURCHASE_BUILDING_JNR_LIGHTHOUSE_FISHING');
--------------------------------------------------------------

-- Georgia - Epoch of Glory
--------------------------------------------------------------
INSERT OR IGNORE INTO Requirements
				(RequirementId,										RequirementType)
SELECT DISTINCT	'P0K_GEORGIA_REQUIRES_PLAYER_HAS_' ||BuildingType,	'REQUIREMENT_PLAYER_HAS_BUILDING'
FROM Building_GreatPersonPoints WHERE BuildingType IN (SELECT BuildingType FROM Buildings WHERE TraitType IS NULL AND IsWonder = 0);

INSERT OR IGNORE INTO RequirementArguments
				(RequirementId,										Name,			Value)
SELECT DISTINCT	'P0K_GEORGIA_REQUIRES_PLAYER_HAS_' ||BuildingType,	'BuildingType',	BuildingType
FROM Building_GreatPersonPoints WHERE BuildingType IN (SELECT BuildingType FROM Buildings WHERE TraitType IS NULL AND IsWonder = 0);

INSERT OR IGNORE INTO RequirementSets
				(RequirementSetId,							RequirementSetType)
SELECT DISTINCT	'P0K_GEORGIA_PLAYER_HAS_' ||BuildingType,	'REQUIREMENTSET_TEST_ALL'
FROM Building_GreatPersonPoints WHERE BuildingType IN (SELECT BuildingType FROM Buildings WHERE TraitType IS NULL AND IsWonder = 0);

INSERT OR IGNORE INTO RequirementSetRequirements
				(RequirementSetId,							RequirementId)
SELECT DISTINCT	'P0K_GEORGIA_PLAYER_HAS_' ||BuildingType,	'P0K_GEORGIA_REQUIRES_PLAYER_HAS_' ||BuildingType
FROM Building_GreatPersonPoints WHERE BuildingType IN (SELECT BuildingType FROM Buildings WHERE TraitType IS NULL AND IsWonder = 0);

INSERT OR IGNORE INTO Modifiers
				(ModifierId,															ModifierType,							OwnerRequirementSetId,						SubjectRequirementSetId)
SELECT DISTINCT	'P0K_TRAIT_' ||BuildingType|| '_' ||GreatPersonClassType,				'MODIFIER_ALL_PLAYERS_ATTACH_MODIFIER',	'P0K_GEORGIA_PLAYER_HAS_' ||BuildingType,	'P0K_GEORGIA_TAMAR_IS_SUZERAIN'
FROM Building_GreatPersonPoints WHERE BuildingType IN (SELECT BuildingType FROM Buildings WHERE TraitType IS NULL AND IsWonder = 0);

INSERT OR IGNORE INTO Modifiers
				(ModifierId,															ModifierType)
SELECT DISTINCT	'P0K_TRAIT_' ||BuildingType|| '_' ||GreatPersonClassType|| '_MODIFIER',	'MODIFIER_PLAYER_ADJUST_GREAT_PERSON_POINTS'
FROM Building_GreatPersonPoints WHERE BuildingType IN (SELECT BuildingType FROM Buildings WHERE TraitType IS NULL AND IsWonder = 0);

INSERT OR IGNORE INTO ModifierArguments
				(ModifierId,															Name,			Value)
SELECT DISTINCT	'P0K_TRAIT_' ||BuildingType|| '_' ||GreatPersonClassType,				'ModifierId',	'P0K_TRAIT_' ||BuildingType|| '_' ||GreatPersonClassType|| '_MODIFIER'
FROM Building_GreatPersonPoints WHERE BuildingType IN (SELECT BuildingType FROM Buildings WHERE TraitType IS NULL AND IsWonder = 0);

INSERT OR IGNORE INTO ModifierArguments
				(ModifierId,															Name,					Value)
SELECT DISTINCT	'P0K_TRAIT_' ||BuildingType|| '_' ||GreatPersonClassType|| '_MODIFIER',	'GreatPersonClassType',	GreatPersonClassType
FROM Building_GreatPersonPoints WHERE BuildingType IN (SELECT BuildingType FROM Buildings WHERE TraitType IS NULL AND IsWonder = 0);

INSERT OR IGNORE INTO ModifierArguments
				(ModifierId,															Name,					Value)
SELECT DISTINCT	'P0K_TRAIT_' ||BuildingType|| '_' ||GreatPersonClassType|| '_MODIFIER',	'Amount',				PointsPerTurn
FROM Building_GreatPersonPoints WHERE BuildingType IN (SELECT BuildingType FROM Buildings WHERE TraitType IS NULL AND IsWonder = 0);

DELETE FROM TraitModifiers WHERE TraitType='MINOR_CIV_DEFAULT_TRAIT' AND ModifierId LIKE 'P0K_TRAIT_BUILDING_%GREAT_PERSON_CLASS_%';

INSERT OR IGNORE INTO TraitModifiers
				(TraitType,					ModifierId)
SELECT DISTINCT	'MINOR_CIV_DEFAULT_TRAIT',	'P0K_TRAIT_' ||BuildingType|| '_' ||GreatPersonClassType
FROM Building_GreatPersonPoints WHERE BuildingType IN (SELECT BuildingType FROM Buildings WHERE TraitType IS NULL AND IsWonder = 0);
--------------------------------------------------------------

-- Ottomans - Grand Bazaar
--------------------------------------------------------------
UPDATE Building_GreatPersonPoints SET PointsPerTurn=3 WHERE BuildingType='BUILDING_GRAND_BAZAAR' AND GreatPersonClassType='GREAT_PERSON_CLASS_MERCHANT';
--------------------------------------------------------------

-- Sweden - Minerva of the North
--------------------------------------------------------------
INSERT OR IGNORE INTO Modifiers
		(ModifierId,														ModifierType,											SubjectRequirementSetId)
VALUES	('P0K_TRAIT_MINERVA_BUILDING_JNR_MINT',								'MODIFIER_PLAYER_CITIES_ADJUST_BUILDING_PRODUCTION',	NULL),
		('P0K_TRAIT_MINERVA_BUILDING_JNR_WAYSTATION',						'MODIFIER_PLAYER_CITIES_ADJUST_BUILDING_PRODUCTION',	NULL),
		('P0K_TRAIT_MINERVA_BUILDING_JNR_LIGHTHOUSE_FISHING',				'MODIFIER_PLAYER_CITIES_ADJUST_BUILDING_PRODUCTION',	NULL),
		('P0K_TRAIT_MINERVA_BUILDING_JNR_MINT_YIELD_GOLD',					'MODIFIER_PLAYER_CITIES_ADJUST_CITY_YIELD_CHANGE',		'BUILDING_IS_MINT_JNR'),
		('P0K_TRAIT_MINERVA_BUILDING_JNR_WAYSTATION_YIELD_GOLD',			'MODIFIER_PLAYER_CITIES_ADJUST_CITY_YIELD_CHANGE',		'BUILDING_IS_WAYSTATION_JNR'),
		('P0K_TRAIT_MINERVA_BUILDING_JNR_LIGHTHOUSE_FISHING_YIELD_FOOD',	'MODIFIER_PLAYER_CITIES_ADJUST_CITY_YIELD_CHANGE',		'BUILDING_IS_LIGHTHOUSE_FISHING_JNR');

INSERT OR IGNORE INTO ModifierArguments
		(ModifierId,														Name,			Value)
VALUES	('P0K_TRAIT_MINERVA_BUILDING_JNR_MINT',								'BuildingType',	'BUILDING_JNR_MINT'),
		('P0K_TRAIT_MINERVA_BUILDING_JNR_MINT',								'Amount',		50),
		('P0K_TRAIT_MINERVA_BUILDING_JNR_WAYSTATION',						'BuildingType',	'BUILDING_JNR_WAYSTATION'),
		('P0K_TRAIT_MINERVA_BUILDING_JNR_WAYSTATION',						'Amount',		50),
		('P0K_TRAIT_MINERVA_BUILDING_JNR_LIGHTHOUSE_FISHING',				'BuildingType',	'BUILDING_JNR_LIGHTHOUSE_FISHING'),
		('P0K_TRAIT_MINERVA_BUILDING_JNR_LIGHTHOUSE_FISHING',				'Amount',		50),
		('P0K_TRAIT_MINERVA_BUILDING_JNR_MINT_YIELD_GOLD',					'YieldType',	'YIELD_GOLD'),
		('P0K_TRAIT_MINERVA_BUILDING_JNR_MINT_YIELD_GOLD',					'Amount',		2),
		('P0K_TRAIT_MINERVA_BUILDING_JNR_WAYSTATION_YIELD_GOLD',			'YieldType',	'YIELD_GOLD'),
		('P0K_TRAIT_MINERVA_BUILDING_JNR_WAYSTATION_YIELD_GOLD',			'Amount',		2),
		('P0K_TRAIT_MINERVA_BUILDING_JNR_LIGHTHOUSE_FISHING_YIELD_FOOD',	'YieldType',	'YIELD_FOOD'),
		('P0K_TRAIT_MINERVA_BUILDING_JNR_LIGHTHOUSE_FISHING_YIELD_FOOD',	'Amount',		2);

UPDATE ModifierArguments SET Value=2	WHERE Name='Amount' AND	ModifierId LIKE 'P0K_TRAIT_MINERVA_%';

INSERT OR IGNORE INTO TraitModifiers 
		(TraitType, 							ModifierId)
VALUES	('TRAIT_LEADER_KRISTINA_AUTO_THEME',	'P0K_TRAIT_MINERVA_BUILDING_JNR_MINT'),
		('TRAIT_LEADER_KRISTINA_AUTO_THEME',	'P0K_TRAIT_MINERVA_BUILDING_JNR_WAYSTATION'),
		('TRAIT_LEADER_KRISTINA_AUTO_THEME',	'P0K_TRAIT_MINERVA_BUILDING_JNR_LIGHTHOUSE_FISHING'),
		('TRAIT_LEADER_KRISTINA_AUTO_THEME',	'P0K_TRAIT_MINERVA_BUILDING_JNR_MINT_YIELD_GOLD'),
		('TRAIT_LEADER_KRISTINA_AUTO_THEME',	'P0K_TRAIT_MINERVA_BUILDING_JNR_WAYSTATION_YIELD_GOLD'),
		('TRAIT_LEADER_KRISTINA_AUTO_THEME',	'P0K_TRAIT_MINERVA_BUILDING_JNR_LIGHTHOUSE_FISHING_YIELD_FOOD');
--------------------------------------------------------------