-- UC_COM_CSE_Maritime
-- Author: JNR
--------------------------------------------------------------

-- Modifiers
--------------------------------------------------------------
INSERT OR IGNORE INTO Modifiers
		(ModifierId,												ModifierType,											SubjectRequirementSetId)
VALUES	('MODIFIER_CSE_MARITIME_LIGHTHOUSE_FISHING_FOOD',			'MODIFIER_ALL_PLAYERS_ATTACH_MODIFIER',					'PLAYER_HAS_MEDIUM_INFLUENCE'),
		('MODIFIER_CSE_MARITIME_LIGHTHOUSE_FISHING_FOOD_MOD',		'MODIFIER_PLAYER_CITIES_ADJUST_BUILDING_YIELD_CHANGE',	NULL),
		('MODIFIER_CSE_MARITIME_LIGHTHOUSE_FISHING_PRODUCTION',		'MODIFIER_ALL_PLAYERS_ATTACH_MODIFIER',					'PLAYER_HAS_MEDIUM_INFLUENCE'),
		('MODIFIER_CSE_MARITIME_LIGHTHOUSE_FISHING_PRODUCTION_MOD',	'MODIFIER_PLAYER_CITIES_ADJUST_BUILDING_YIELD_CHANGE',	NULL),
		('MODIFIER_CSE_MARITIME_FISH_MARKET_FOOD',					'MODIFIER_ALL_PLAYERS_ATTACH_MODIFIER',					'PLAYER_HAS_LARGE_INFLUENCE'),
		('MODIFIER_CSE_MARITIME_FISH_MARKET_FOOD_MOD',				'MODIFIER_PLAYER_CITIES_ADJUST_BUILDING_YIELD_CHANGE',	NULL),
		('MODIFIER_CSE_MARITIME_FISH_MARKET_PRODUCTION',			'MODIFIER_ALL_PLAYERS_ATTACH_MODIFIER',					'PLAYER_HAS_LARGE_INFLUENCE'),
		('MODIFIER_CSE_MARITIME_FISH_MARKET_PRODUCTION_MOD',		'MODIFIER_PLAYER_CITIES_ADJUST_BUILDING_YIELD_CHANGE',	NULL),
		('MODIFIER_CSE_MARITIME_ENTREPOT_FOOD',						'MODIFIER_ALL_PLAYERS_ATTACH_MODIFIER',					'PLAYER_HAS_LARGE_INFLUENCE'),
		('MODIFIER_CSE_MARITIME_ENTREPOT_FOOD_MOD',					'MODIFIER_PLAYER_CITIES_ADJUST_BUILDING_YIELD_CHANGE',	NULL),
		('MODIFIER_CSE_MARITIME_ENTREPOT_PRODUCTION',				'MODIFIER_ALL_PLAYERS_ATTACH_MODIFIER',					'PLAYER_HAS_LARGE_INFLUENCE'),
		('MODIFIER_CSE_MARITIME_ENTREPOT_PRODUCTION_MOD',			'MODIFIER_PLAYER_CITIES_ADJUST_BUILDING_YIELD_CHANGE',	NULL),
		('MODIFIER_CSE_MARITIME_OFFSHORE_TERMINAL_FOOD',			'MODIFIER_ALL_PLAYERS_ATTACH_MODIFIER',					'PLAYER_HAS_LARGEST_INFLUENCE'),
		('MODIFIER_CSE_MARITIME_OFFSHORE_TERMINAL_FOOD_MOD',		'MODIFIER_PLAYER_CITIES_ADJUST_BUILDING_YIELD_CHANGE',	NULL),
		('MODIFIER_CSE_MARITIME_OFFSHORE_TERMINAL_PRODUCTION',		'MODIFIER_ALL_PLAYERS_ATTACH_MODIFIER',					'PLAYER_HAS_LARGEST_INFLUENCE'),
		('MODIFIER_CSE_MARITIME_OFFSHORE_TERMINAL_PRODUCTION_MOD',	'MODIFIER_PLAYER_CITIES_ADJUST_BUILDING_YIELD_CHANGE',	NULL),
		('MODIFIER_CSE_MARITIME_OFFSHORE_TERMINAL_GOLD',			'MODIFIER_ALL_PLAYERS_ATTACH_MODIFIER',					'PLAYER_HAS_LARGEST_INFLUENCE'),
		('MODIFIER_CSE_MARITIME_OFFSHORE_TERMINAL_GOLD_MOD',		'MODIFIER_PLAYER_CITIES_ADJUST_BUILDING_YIELD_CHANGE',	NULL);
--------------------------------------------------------------

-- ModifierArguments
--------------------------------------------------------------
INSERT OR IGNORE INTO ModifierArguments
		(ModifierId,												Name,				Value														)
VALUES	('MODIFIER_CSE_MARITIME_LIGHTHOUSE_FISHING_FOOD',			'ModifierId',		'MODIFIER_CSE_MARITIME_LIGHTHOUSE_FISHING_FOOD_MOD'			),
		('MODIFIER_CSE_MARITIME_LIGHTHOUSE_FISHING_FOOD_MOD',		'BuildingType',		'BUILDING_JNR_LIGHTHOUSE_FISHING'							),
		('MODIFIER_CSE_MARITIME_LIGHTHOUSE_FISHING_FOOD_MOD',		'YieldType',		'YIELD_FOOD'												),
		('MODIFIER_CSE_MARITIME_LIGHTHOUSE_FISHING_FOOD_MOD',		'Amount',			1															),
		('MODIFIER_CSE_MARITIME_LIGHTHOUSE_FISHING_FOOD_MOD',		'CityStatesOnly',	1															),

		('MODIFIER_CSE_MARITIME_LIGHTHOUSE_FISHING_PRODUCTION',		'ModifierId',		'MODIFIER_CSE_MARITIME_LIGHTHOUSE_FISHING_PRODUCTION_MOD'	),
		('MODIFIER_CSE_MARITIME_LIGHTHOUSE_FISHING_PRODUCTION_MOD',	'BuildingType',		'BUILDING_JNR_LIGHTHOUSE_FISHING'							),
		('MODIFIER_CSE_MARITIME_LIGHTHOUSE_FISHING_PRODUCTION_MOD',	'YieldType',		'YIELD_PRODUCTION'											),
		('MODIFIER_CSE_MARITIME_LIGHTHOUSE_FISHING_PRODUCTION_MOD',	'Amount',			1															),
		('MODIFIER_CSE_MARITIME_LIGHTHOUSE_FISHING_PRODUCTION_MOD',	'CityStatesOnly',	1															),

		('MODIFIER_CSE_MARITIME_FISH_MARKET_FOOD',					'ModifierId',		'MODIFIER_CSE_MARITIME_FISH_MARKET_FOOD_MOD'				),
		('MODIFIER_CSE_MARITIME_FISH_MARKET_FOOD_MOD',				'BuildingType',		'BUILDING_JNR_FISH_MARKET'									),
		('MODIFIER_CSE_MARITIME_FISH_MARKET_FOOD_MOD',				'YieldType',		'YIELD_FOOD'												),
		('MODIFIER_CSE_MARITIME_FISH_MARKET_FOOD_MOD',				'Amount',			1															),
		('MODIFIER_CSE_MARITIME_FISH_MARKET_FOOD_MOD',				'CityStatesOnly',	1															),

		('MODIFIER_CSE_MARITIME_FISH_MARKET_PRODUCTION',			'ModifierId',		'MODIFIER_CSE_MARITIME_FISH_MARKET_PRODUCTION_MOD'			),
		('MODIFIER_CSE_MARITIME_FISH_MARKET_PRODUCTION_MOD',		'BuildingType',		'BUILDING_JNR_FISH_MARKET'									),
		('MODIFIER_CSE_MARITIME_FISH_MARKET_PRODUCTION_MOD',		'YieldType',		'YIELD_PRODUCTION'											),
		('MODIFIER_CSE_MARITIME_FISH_MARKET_PRODUCTION_MOD',		'Amount',			1															),
		('MODIFIER_CSE_MARITIME_FISH_MARKET_PRODUCTION_MOD',		'CityStatesOnly',	1															),

		('MODIFIER_CSE_MARITIME_ENTREPOT_FOOD',						'ModifierId',		'MODIFIER_CSE_MARITIME_ENTREPOT_FOOD_MOD'					),
		('MODIFIER_CSE_MARITIME_ENTREPOT_FOOD_MOD',					'BuildingType',		'BUILDING_JNR_ENTREPOT'										),
		('MODIFIER_CSE_MARITIME_ENTREPOT_FOOD_MOD',					'YieldType',		'YIELD_FOOD'												),
		('MODIFIER_CSE_MARITIME_ENTREPOT_FOOD_MOD',					'Amount',			1															),
		('MODIFIER_CSE_MARITIME_ENTREPOT_FOOD_MOD',					'CityStatesOnly',	1															),

		('MODIFIER_CSE_MARITIME_ENTREPOT_PRODUCTION',				'ModifierId',		'MODIFIER_CSE_MARITIME_ENTREPOT_PRODUCTION_MOD'				),
		('MODIFIER_CSE_MARITIME_ENTREPOT_PRODUCTION_MOD',			'BuildingType',		'BUILDING_JNR_ENTREPOT'										),
		('MODIFIER_CSE_MARITIME_ENTREPOT_PRODUCTION_MOD',			'YieldType',		'YIELD_PRODUCTION'											),
		('MODIFIER_CSE_MARITIME_ENTREPOT_PRODUCTION_MOD',			'Amount',			1															),
		('MODIFIER_CSE_MARITIME_ENTREPOT_PRODUCTION_MOD',			'CityStatesOnly',	1															),

		('MODIFIER_CSE_MARITIME_OFFSHORE_TERMINAL_FOOD',			'ModifierId',		'MODIFIER_CSE_MARITIME_OFFSHORE_TERMINAL_FOOD_MOD'			),
		('MODIFIER_CSE_MARITIME_OFFSHORE_TERMINAL_FOOD_MOD',		'BuildingType',		'BUILDING_JNR_OFFSHORE_TERMINAL'							),
		('MODIFIER_CSE_MARITIME_OFFSHORE_TERMINAL_FOOD_MOD',		'YieldType',		'YIELD_FOOD'												),
		('MODIFIER_CSE_MARITIME_OFFSHORE_TERMINAL_FOOD_MOD',		'Amount',			1															),
		('MODIFIER_CSE_MARITIME_OFFSHORE_TERMINAL_FOOD_MOD',		'CityStatesOnly',	1															),

		('MODIFIER_CSE_MARITIME_OFFSHORE_TERMINAL_PRODUCTION',		'ModifierId',		'MODIFIER_CSE_MARITIME_OFFSHORE_TERMINAL_PRODUCTION_MOD'	),
		('MODIFIER_CSE_MARITIME_OFFSHORE_TERMINAL_PRODUCTION_MOD',	'BuildingType',		'BUILDING_JNR_OFFSHORE_TERMINAL'							),
		('MODIFIER_CSE_MARITIME_OFFSHORE_TERMINAL_PRODUCTION_MOD',	'YieldType',		'YIELD_PRODUCTION'											),
		('MODIFIER_CSE_MARITIME_OFFSHORE_TERMINAL_PRODUCTION_MOD',	'Amount',			1															),
		('MODIFIER_CSE_MARITIME_OFFSHORE_TERMINAL_PRODUCTION_MOD',	'CityStatesOnly',	1															),

		('MODIFIER_CSE_MARITIME_OFFSHORE_TERMINAL_GOLD',			'ModifierId',		'MODIFIER_CSE_MARITIME_OFFSHORE_TERMINAL_GOLD_MOD'			),
		('MODIFIER_CSE_MARITIME_OFFSHORE_TERMINAL_GOLD_MOD',		'BuildingType',		'BUILDING_JNR_OFFSHORE_TERMINAL'							),
		('MODIFIER_CSE_MARITIME_OFFSHORE_TERMINAL_GOLD_MOD',		'YieldType',		'YIELD_GOLD'												),
		('MODIFIER_CSE_MARITIME_OFFSHORE_TERMINAL_GOLD_MOD',		'Amount',			2															),
		('MODIFIER_CSE_MARITIME_OFFSHORE_TERMINAL_GOLD_MOD',		'CityStatesOnly',	1															);
--------------------------------------------------------------

-- TraitModifiers
--------------------------------------------------------------
INSERT OR IGNORE INTO TraitModifiers
		(TraitType, 						ModifierId												)
VALUES	('MINOR_CIV_CSE_MARITIME_TRAIT',	'MODIFIER_CSE_MARITIME_LIGHTHOUSE_FISHING_FOOD'			),
		('MINOR_CIV_CSE_MARITIME_TRAIT',	'MODIFIER_CSE_MARITIME_FISH_MARKET_FOOD'				),
		('MINOR_CIV_CSE_MARITIME_TRAIT',	'MODIFIER_CSE_MARITIME_FISH_MARKET_PRODUCTION'			),
		('MINOR_CIV_CSE_MARITIME_TRAIT',	'MODIFIER_CSE_MARITIME_ENTREPOT_FOOD'					),
		('MINOR_CIV_CSE_MARITIME_TRAIT',	'MODIFIER_CSE_MARITIME_ENTREPOT_PRODUCTION'				),
		('MINOR_CIV_CSE_MARITIME_TRAIT',	'MODIFIER_CSE_MARITIME_OFFSHORE_TERMINAL_FOOD'			),
		('MINOR_CIV_CSE_MARITIME_TRAIT',	'MODIFIER_CSE_MARITIME_OFFSHORE_TERMINAL_PRODUCTION'	);

INSERT OR IGNORE INTO TraitModifiers
		(TraitType,							ModifierId)
SELECT	'MINOR_CIV_CSE_MARITIME_TRAIT',		'MODIFIER_CSE_MARITIME_LIGHTHOUSE_FISHING_PRODUCTION'
FROM	TraitModifiers
WHERE	TraitType='MINOR_CIV_CSE_MARITIME_TRAIT' AND ModifierId='MODIFIER_CSE_MARITIME_LIGHTHOUSE_PRODUCTION';

INSERT OR IGNORE INTO TraitModifiers
		(TraitType,							ModifierId)
SELECT	'MINOR_CIV_CSE_MARITIME_TRAIT',		'MODIFIER_CSE_MARITIME_OFFSHORE_TERMINAL_GOLD'
FROM	TraitModifiers
WHERE	TraitType='MINOR_CIV_CSE_MARITIME_TRAIT' AND ModifierId='MODIFIER_CSE_MARITIME_SEAPORT_GOLD';
--------------------------------------------------------------