-- LHM_Modifier
-- Author: Ithildin
-- DateCreated: 2/24/2024 12:38:34 AM
--------------------------------------------------------------
INSERT OR REPLACE INTO BuildingModifiers (BuildingType, ModifierId)
VALUES	('BUILDING_TAIPEI101',								'MODFEAT_101_TRADE_ROUTE_CAPACITY'),
		('BUILDING_TAIPEI101',								'MODFEAT_101_FREE_TRADER_UNIT'),
		('BUILDING_TAIPEI101',								'MODFEAT_101_TRADE_ROUTE_CULTURE_DOMESTIC'),
		('BUILDING_TAIPEI101',								'MODFEAT_101_TRADE_ROUTE_CULTURE_INTERNATIONAL'),
		('BUILDING_TAIPEI101',								'MODFEAT_101_TRADE_ROUTE_GAIN_GOLD'),
		('BUILDING_TAIPEI101',								'MODFEAT_101_TRADE_ROUTE_OFFER_GOLD'),
		('BUILDING_TAIPEI101',								'MODFEAT_101_TRADE_ROUTE_DOMESTIC_GOLD'),
		('BUILDING_TAIPEI101',								'MODFEAT_101_UNITS_BONUS_SIGHT'),
		('BUILDING_TAIPEI101',								'MODFEAT_101_UNITS_SEE_THROUGH_TERRAIN'),
		('BUILDING_TAIPEI101',								'MODFEAT_101_UNITS_SEE_THROUGH_FEATURES');

INSERT OR REPLACE INTO Modifiers (ModifierId, ModifierType, SubjectRequirementSetId)
VALUES	('MODFEAT_101_TRADE_ROUTE_CAPACITY',				'MODIFIER_PLAYER_CITIES_ATTACH_MODIFIER',							'CITY_HAS_COMMERCIAL_HUB'),
		('MODFEAT_101_TRADE_ROUTE_CAPACITY_M',				'MODIFIER_PLAYER_ADJUST_TRADE_ROUTE_CAPACITY',						NULL),
		('MODFEAT_101_FREE_TRADER_UNIT',					'MODIFIER_PLAYER_CITIES_ATTACH_MODIFIER',							'CITY_HAS_COMMERCIAL_HUB'),
		('MODFEAT_101_FREE_TRADER_UNIT_M',					'MODIFIER_SINGLE_CITY_GRANT_UNIT_IN_CITY',							NULL),
		('MODFEAT_101_TRADE_ROUTE_CULTURE_DOMESTIC',		'MODIFIER_SINGLE_CITY_ADJUST_TRADE_ROUTE_YIELD_FOR_DOMESTIC',		NULL),
		('MODFEAT_101_TRADE_ROUTE_CULTURE_INTERNATIONAL',	'MODIFIER_SINGLE_CITY_ADJUST_TRADE_ROUTE_YIELD_FOR_INTERNATIONAL',	NULL),
		('MODFEAT_101_TRADE_ROUTE_GAIN_GOLD',				'MODIFIER_SINGLE_CITY_ADJUST_TRADE_ROUTE_YIELD_FROM_OTHERS',		NULL),
		('MODFEAT_101_TRADE_ROUTE_OFFER_GOLD',				'MODIFIER_SINGLE_CITY_ADJUST_TRADE_ROUTE_YIELD_TO_OTHERS',			NULL),
		('MODFEAT_101_TRADE_ROUTE_DOMESTIC_GOLD',			'MODIFIER_SINGLE_CITY_ADJUST_TRADE_ROUTE_YIELD_TO_OTHERS',			NULL),
		('MODFEAT_101_UNITS_BONUS_SIGHT',					'MODIFIER_PLAYER_UNITS_ATTACH_MODIFIER',							'REQSET_101_UNIT_STAY_ON_101'),
		('MODFEAT_101_UNITS_BONUS_SIGHT_M',					'MODIFIER_PLAYER_UNIT_ADJUST_SIGHT',								NULL),
		('MODFEAT_101_UNITS_SEE_THROUGH_TERRAIN',			'MODIFIER_PLAYER_UNITS_ATTACH_MODIFIER',							'REQSET_101_UNIT_STAY_ON_101'),
		('MODFEAT_101_UNITS_SEE_THROUGH_TERRAIN_M',			'MODIFIER_PLAYER_UNIT_ADJUST_SEE_THROUGH_TERRAIN',					NULL),
		('MODFEAT_101_UNITS_SEE_THROUGH_FEATURES',			'MODIFIER_PLAYER_UNITS_ATTACH_MODIFIER',							'REQSET_101_UNIT_STAY_ON_101'),
		('MODFEAT_101_UNITS_SEE_THROUGH_FEATURES_M',		'MODIFIER_PLAYER_UNIT_ADJUST_SEE_THROUGH_FEATURES',					NULL);

INSERT OR REPLACE INTO ModifierArguments (ModifierId, Name, Value)
VALUES	('MODFEAT_101_TRADE_ROUTE_CAPACITY',				'ModifierId',	'MODFEAT_101_TRADE_ROUTE_CAPACITY_M'),
		('MODFEAT_101_TRADE_ROUTE_CAPACITY_M',				'Amount',		1),
		('MODFEAT_101_FREE_TRADER_UNIT',					'ModifierId',	'MODFEAT_101_FREE_TRADER_UNIT_M'),
		('MODFEAT_101_FREE_TRADER_UNIT_M',					'UnitType',		'UNIT_TRADER'),
		('MODFEAT_101_FREE_TRADER_UNIT_M',					'Amount',		1),
		('MODFEAT_101_TRADE_ROUTE_CULTURE_DOMESTIC',		'Amount',		5),
		('MODFEAT_101_TRADE_ROUTE_CULTURE_DOMESTIC',		'YieldType',	'YIELD_CULTURE'),
		('MODFEAT_101_TRADE_ROUTE_CULTURE_INTERNATIONAL',	'Amount',		5),
		('MODFEAT_101_TRADE_ROUTE_CULTURE_INTERNATIONAL',	'YieldType',	'YIELD_CULTURE'),
		('MODFEAT_101_TRADE_ROUTE_GAIN_GOLD',				'Amount',		10),
		('MODFEAT_101_TRADE_ROUTE_GAIN_GOLD',				'YieldType',	'YIELD_GOLD'),
		('MODFEAT_101_TRADE_ROUTE_GAIN_GOLD',				'Domestic',		0),
		('MODFEAT_101_TRADE_ROUTE_OFFER_GOLD',				'Amount',		5),
		('MODFEAT_101_TRADE_ROUTE_OFFER_GOLD',				'YieldType',	'YIELD_GOLD'),
		('MODFEAT_101_TRADE_ROUTE_OFFER_GOLD',				'Domestic',		0),
		('MODFEAT_101_TRADE_ROUTE_DOMESTIC_GOLD',			'Amount',		5),
		('MODFEAT_101_TRADE_ROUTE_DOMESTIC_GOLD',			'YieldType',	'YIELD_GOLD'),
		('MODFEAT_101_TRADE_ROUTE_DOMESTIC_GOLD',			'Domestic',		1),
		('MODFEAT_101_UNITS_BONUS_SIGHT',					'ModifierId',	'MODFEAT_101_UNITS_BONUS_SIGHT_M'),
		('MODFEAT_101_UNITS_BONUS_SIGHT_M',					'Amount',		11),
		('MODFEAT_101_UNITS_SEE_THROUGH_TERRAIN',			'ModifierId',	'MODFEAT_101_UNITS_SEE_THROUGH_TERRAIN_M'),
		('MODFEAT_101_UNITS_SEE_THROUGH_TERRAIN_M',			'CanSee',		1),
		('MODFEAT_101_UNITS_SEE_THROUGH_FEATURES',			'ModifierId',	'MODFEAT_101_UNITS_SEE_THROUGH_FEATURES_M'),
		('MODFEAT_101_UNITS_SEE_THROUGH_FEATURES_M',		'CanSee',		1);

INSERT OR REPLACE INTO RequirementSets (RequirementSetId, RequirementSetType)
VALUES	('REQSET_101_UNIT_STAY_ON_101',						'REQUIREMENTSET_TEST_ALL');

INSERT OR REPLACE INTO RequirementSetRequirements (RequirementSetId, RequirementId)
VALUES	('REQSET_101_UNIT_STAY_ON_101',						'REQ_101_UNIT_STAY_ON_101');

INSERT OR REPLACE INTO Requirements (RequirementId, RequirementType)
VALUES	('REQ_101_UNIT_STAY_ON_101',						'REQUIREMENT_PLOT_ADJACENT_TO_OWNER');

INSERT OR REPLACE INTO RequirementArguments (RequirementId, Name, Value)
VALUES	('REQ_101_UNIT_STAY_ON_101',						'MaxDistance', 0), 
		('REQ_101_UNIT_STAY_ON_101',						'MinDistance', 0);