-- LHM_Modifier
-- Author: Ithildin
-- DateCreated: 2/24/2024 12:38:34 AM
--------------------------------------------------------------
INSERT OR REPLACE INTO BuildingModifiers (BuildingType, ModifierId)
VALUES	('BUILDING_HUBBLE_SPACE_TELESCOPE',			'MODFEAT_HUBBLE_GRANT_SCIENTIST'),
		('BUILDING_HUBBLE_SPACE_TELESCOPE',			'MODFEAT_HUBBLE_SPACE_RACE_PRODUCTION'),
		('BUILDING_HUBBLE_SPACE_TELESCOPE',			'MODFEAT_HUBBLE_SPACE_RACE_PRODUCTION_S'),
		('BUILDING_HUBBLE_SPACE_TELESCOPE',			'MODFEAT_HUBBLE_ASTRONAUTS_PRODUCTION'),
		('BUILDING_HUBBLE_SPACE_TELESCOPE',			'MODFEAT_HUBBLE_ASTRONAUTS_PRODUCTION_S');

INSERT OR REPLACE INTO Modifiers (ModifierId, ModifierType, RunOnce, Permanent)
VALUES	('MODFEAT_HUBBLE_GRANT_SCIENTIST',			'MODIFIER_SINGLE_CITY_GRANT_GREAT_PERSON_CLASS_IN_CITY',		1, 1),
		('MODFEAT_HUBBLE_SPACE_RACE_PRODUCTION',	'MODIFIER_PLAYER_CITIES_ADJUST_SPACE_RACE_PROJECTS_PRODUCTION',	1, 1),
		('MODFEAT_HUBBLE_SPACE_RACE_PRODUCTION_S',	'MODIFIER_SINGLE_CITY_ADJUST_SPACE_RACE_PROJECTS_PRODUCTION',	1, 1),
		('MODFEAT_HUBBLE_ASTRONAUTS_PRODUCTION',	'MODIFIER_PLAYER_CITIES_ADJUST_PROJECT_PRODUCTION',				1, 1),
		('MODFEAT_HUBBLE_ASTRONAUTS_PRODUCTION_S',	'MODIFIER_SINGLE_CITY_ADJUST_PROJECT_PRODUCTION',				1, 1);

INSERT OR REPLACE INTO ModifierArguments (ModifierId, Name, Value)
VALUES	('MODFEAT_HUBBLE_GRANT_SCIENTIST',			'GreatPersonClassType',	'GREAT_PERSON_CLASS_SCIENTIST'),
		('MODFEAT_HUBBLE_GRANT_SCIENTIST',			'Amount',				2),
		('MODFEAT_HUBBLE_SPACE_RACE_PRODUCTION',	'Amount',				25),
		('MODFEAT_HUBBLE_SPACE_RACE_PRODUCTION_S',	'Amount',				50),
		('MODFEAT_HUBBLE_ASTRONAUTS_PRODUCTION',	'ProjectType',			'PROJECT_TRAIN_ASTRONAUTS'),
		('MODFEAT_HUBBLE_ASTRONAUTS_PRODUCTION',	'Amount',				25),
		('MODFEAT_HUBBLE_ASTRONAUTS_PRODUCTION_S',	'ProjectType',			'PROJECT_TRAIN_ASTRONAUTS'),
		('MODFEAT_HUBBLE_ASTRONAUTS_PRODUCTION_S',	'Amount',				50);