/*
	Main Civilization Configuration
	Author: iPLayGamesITA
	Original template by: MC
	Thanks to everyone in the Civ VI Modding Helpline Discord Server!
*/
-----------------------------------------------
-- Types
-----------------------------------------------
INSERT INTO	Types
			(Type,								Kind					)
VALUES		('CIVILIZATION_IPG_SKELLIGE',		'KIND_CIVILIZATION'		),
			('CIVILIZATION_IPG_CINTRA_MINOR',	'KIND_CIVILIZATION'		),
			('CIVILIZATION_IPG_KERACK_MINOR',	'KIND_CIVILIZATION'		),
			('CIVILIZATION_IPG_BREMERVOORD_MINOR',	'KIND_CIVILIZATION'	),
			('RELIGION_IPG_FREYA',				'KIND_RELIGION'			),
			('RELIGION_IPG_SVALBLOD',			'KIND_RELIGION'			);

INSERT INTO TypeProperties
			(Type,								Name,					Value)
VALUES		('CIVILIZATION_IPG_CINTRA_MINOR',	'CityStateCategory',	'CULTURAL'),
			('CIVILIZATION_IPG_KERACK_MINOR',	'CityStateCategory',	'TRADE'),
			('CIVILIZATION_IPG_BREMERVOORD_MINOR',	'CityStateCategory',	'INDUSTRIAL');
-----------------------------------------------
-- Civilizations
-----------------------------------------------
INSERT INTO	Civilizations
			(
			CivilizationType,
			Name,
			Description,
			Adjective,
			StartingCivilizationLevelType,
			RandomCityNameDepth,
			Ethnicity
			)

VALUES		(
			'CIVILIZATION_IPG_SKELLIGE',
			'LOC_CIVILIZATION_IPG_SKELLIGE_NAME',
			'LOC_CIVILIZATION_IPG_SKELLIGE_DESCRIPTION',
			'LOC_CIVILIZATION_IPG_SKELLIGE_ADJECTIVE',
			'CIVILIZATION_LEVEL_FULL_CIV',
			7,
			'ETHNICITY_EURO'
			),
			----------
			(
			'CIVILIZATION_IPG_CINTRA_MINOR',
			'LOC_CIVILIZATION_IPG_CINTRA_MINOR_NAME',
			'LOC_CIVILIZATION_IPG_CINTRA_MINOR_DESCRIPTION',
			'LOC_CIVILIZATION_IPG_CINTRA_MINOR_ADJECTIVE',
			'CIVILIZATION_LEVEL_CITY_STATE',
			1,
			'ETHNICITY_EURO'
			),
			----------
			(
			'CIVILIZATION_IPG_KERACK_MINOR',
			'LOC_CIVILIZATION_IPG_KERACK_MINOR_NAME',
			'LOC_CIVILIZATION_IPG_KERACK_MINOR_DESCRIPTION',
			'LOC_CIVILIZATION_IPG_KERACK_MINOR_ADJECTIVE',
			'CIVILIZATION_LEVEL_CITY_STATE',
			1,
			'ETHNICITY_EURO'
			),
			----------
			(
			'CIVILIZATION_IPG_BREMERVOORD_MINOR',
			'LOC_CIVILIZATION_IPG_BREMERVOORD_MINOR_NAME',
			'LOC_CIVILIZATION_IPG_BREMERVOORD_MINOR_DESCRIPTION',
			'LOC_CIVILIZATION_IPG_BREMERVOORD_MINOR_ADJECTIVE',
			'CIVILIZATION_LEVEL_CITY_STATE',
			1,
			'ETHNICITY_EURO'
			);
-----------------------------------------------
-- NamedMountains
-----------------------------------------------
INSERT OR REPLACE INTO NamedMountains
		(NamedMountainType,					Name								)
VALUES	('NAMED_MOUNTAIN_KAER_TROLDE',		'LOC_NAMED_MOUNTAIN_KAER_TROLDE'	);
-----------------------------------------------
-- NamedMountainCivilizations
-----------------------------------------------
INSERT INTO NamedMountainCivilizations
		(CivilizationType,					NamedMountainType				)
VALUES	('CIVILIZATION_IPG_SKELLIGE',		'NAMED_MOUNTAIN_KAER_TROLDE'	);
-----------------------------------------------
-- NamedRivers
-----------------------------------------------
INSERT OR REPLACE INTO NamedRivers
		(NamedRiverType,					Name							)
VALUES	('NAMED_RIVER_YARUGA',				'LOC_NAMED_RIVER_YARUGA'		);
-----------------------------------------------
-- NamedRiverCivilizations
-----------------------------------------------
INSERT INTO NamedRiverCivilizations
		(CivilizationType,						NamedRiverType			)
VALUES	('CIVILIZATION_IPG_CINTRA_MINOR',		'NAMED_RIVER_YARUGA'	);
-----------------------------------------------
-- CityNames
-----------------------------------------------
INSERT INTO	CityNames
		(CivilizationType,					CityName							)
VALUES	('CIVILIZATION_IPG_SKELLIGE',		'LOC_CITY_NAME_IPG_SKELLIGE_1'		),
		('CIVILIZATION_IPG_SKELLIGE',		'LOC_CITY_NAME_IPG_SKELLIGE_2'		),
		('CIVILIZATION_IPG_SKELLIGE',		'LOC_CITY_NAME_IPG_SKELLIGE_3'		),
		('CIVILIZATION_IPG_SKELLIGE',		'LOC_CITY_NAME_IPG_SKELLIGE_4'		),
		('CIVILIZATION_IPG_SKELLIGE',		'LOC_CITY_NAME_IPG_SKELLIGE_5'		),
		('CIVILIZATION_IPG_SKELLIGE',		'LOC_CITY_NAME_IPG_SKELLIGE_6'		),
		('CIVILIZATION_IPG_SKELLIGE',		'LOC_CITY_NAME_IPG_SKELLIGE_7'		),
		('CIVILIZATION_IPG_SKELLIGE',		'LOC_CITY_NAME_IPG_SKELLIGE_8'		),
		('CIVILIZATION_IPG_SKELLIGE',		'LOC_CITY_NAME_IPG_SKELLIGE_9'		),
		('CIVILIZATION_IPG_SKELLIGE',		'LOC_CITY_NAME_IPG_SKELLIGE_10'		),
		('CIVILIZATION_IPG_SKELLIGE',		'LOC_CITY_NAME_IPG_SKELLIGE_11'		),
		('CIVILIZATION_IPG_SKELLIGE',		'LOC_CITY_NAME_IPG_SKELLIGE_12'		),
		('CIVILIZATION_IPG_SKELLIGE',		'LOC_CITY_NAME_IPG_SKELLIGE_13'		),
		('CIVILIZATION_IPG_SKELLIGE',		'LOC_CITY_NAME_IPG_SKELLIGE_14'		),
		('CIVILIZATION_IPG_SKELLIGE',		'LOC_CITY_NAME_IPG_SKELLIGE_15'		),
		('CIVILIZATION_IPG_SKELLIGE',		'LOC_CITY_NAME_IPG_SKELLIGE_16'		),
		('CIVILIZATION_IPG_SKELLIGE',		'LOC_CITY_NAME_IPG_SKELLIGE_17'		),
		('CIVILIZATION_IPG_SKELLIGE',		'LOC_CITY_NAME_IPG_SKELLIGE_18'		),
		('CIVILIZATION_IPG_SKELLIGE',		'LOC_CITY_NAME_IPG_SKELLIGE_19'		),
		('CIVILIZATION_IPG_SKELLIGE',		'LOC_CITY_NAME_IPG_SKELLIGE_20'		),
		('CIVILIZATION_IPG_SKELLIGE',		'LOC_CITY_NAME_IPG_SKELLIGE_21'		),
		('CIVILIZATION_IPG_SKELLIGE',		'LOC_CITY_NAME_IPG_SKELLIGE_22'		),
		('CIVILIZATION_IPG_SKELLIGE',		'LOC_CITY_NAME_IPG_SKELLIGE_23'		),
		('CIVILIZATION_IPG_SKELLIGE',		'LOC_CITY_NAME_IPG_SKELLIGE_24'		),
		('CIVILIZATION_IPG_CINTRA_MINOR',	'LOC_CITY_NAME_IPG_CINTRA_MINOR'	),
		('CIVILIZATION_IPG_KERACK_MINOR',	'LOC_CITY_NAME_IPG_KERACK_MINOR'	),
		('CIVILIZATION_IPG_BREMERVOORD_MINOR',	'LOC_CITY_NAME_IPG_BREMERVOORD_MINOR'	);
-----------------------------------------------
-- CivilizationCitizenNames
-----------------------------------------------
INSERT INTO	CivilizationCitizenNames
		(CivilizationType,				CitizenName,							Female	)
VALUES	('CIVILIZATION_IPG_SKELLIGE',	'LOC_CITIZEN_IPG_SKELLIGE_MALE_1',		0 		),
		('CIVILIZATION_IPG_SKELLIGE',	'LOC_CITIZEN_IPG_SKELLIGE_MALE_2',		0 		),
		('CIVILIZATION_IPG_SKELLIGE',	'LOC_CITIZEN_IPG_SKELLIGE_MALE_3',		0 		),
		('CIVILIZATION_IPG_SKELLIGE',	'LOC_CITIZEN_IPG_SKELLIGE_MALE_4',		0 		),
		('CIVILIZATION_IPG_SKELLIGE',	'LOC_CITIZEN_IPG_SKELLIGE_MALE_5',		0 		),
		('CIVILIZATION_IPG_SKELLIGE',	'LOC_CITIZEN_IPG_SKELLIGE_MALE_6',		0 		),
		('CIVILIZATION_IPG_SKELLIGE',	'LOC_CITIZEN_IPG_SKELLIGE_MALE_7',		0 		),
		('CIVILIZATION_IPG_SKELLIGE',	'LOC_CITIZEN_IPG_SKELLIGE_MALE_8',		0 		),
		('CIVILIZATION_IPG_SKELLIGE',	'LOC_CITIZEN_IPG_SKELLIGE_MALE_9',		0 		),
		('CIVILIZATION_IPG_SKELLIGE',	'LOC_CITIZEN_IPG_SKELLIGE_MALE_10',		0 		),
		('CIVILIZATION_IPG_SKELLIGE',	'LOC_CITIZEN_IPG_SKELLIGE_FEMALE_1',	1 		),
		('CIVILIZATION_IPG_SKELLIGE',	'LOC_CITIZEN_IPG_SKELLIGE_FEMALE_2',	1 		),
		('CIVILIZATION_IPG_SKELLIGE',	'LOC_CITIZEN_IPG_SKELLIGE_FEMALE_3',	1 		),
		('CIVILIZATION_IPG_SKELLIGE',	'LOC_CITIZEN_IPG_SKELLIGE_FEMALE_4',	1 		),
		('CIVILIZATION_IPG_SKELLIGE',	'LOC_CITIZEN_IPG_SKELLIGE_FEMALE_5',	1 		),
		('CIVILIZATION_IPG_SKELLIGE',	'LOC_CITIZEN_IPG_SKELLIGE_FEMALE_6',	1 		),
		('CIVILIZATION_IPG_SKELLIGE',	'LOC_CITIZEN_IPG_SKELLIGE_FEMALE_7',	1 		),
		('CIVILIZATION_IPG_SKELLIGE',	'LOC_CITIZEN_IPG_SKELLIGE_FEMALE_8',	1 		),
		('CIVILIZATION_IPG_SKELLIGE',	'LOC_CITIZEN_IPG_SKELLIGE_FEMALE_9',	1 		),
		('CIVILIZATION_IPG_SKELLIGE',	'LOC_CITIZEN_IPG_SKELLIGE_FEMALE_10',	1 		);
-----------------------------------------------
-- CivilizationInfo
-----------------------------------------------
INSERT INTO	CivilizationInfo
		(CivilizationType,				Header,						Caption,									SortIndex	)
VALUES	('CIVILIZATION_IPG_SKELLIGE',	'LOC_CIVINFO_LOCATION',		'LOC_CIVINFO_IPG_SKELLIGE_LOCATION',		10			),
		('CIVILIZATION_IPG_SKELLIGE',	'LOC_CIVINFO_SIZE',			'LOC_CIVINFO_IPG_SKELLIGE_SIZE',			20			),
		('CIVILIZATION_IPG_SKELLIGE',	'LOC_CIVINFO_POPULATION',	'LOC_CIVINFO_IPG_SKELLIGE_POPULATION',		30			),
		('CIVILIZATION_IPG_SKELLIGE',	'LOC_CIVINFO_CAPITAL',		'LOC_CIVINFO_IPG_SKELLIGE_CAPITAL',			40			);
-----------------------------------------------
-- Start Bias
-----------------------------------------------
--INSERT INTO	StartBiasFeatures
--		(CivilizationType,				FeatureType,		Tier	)
--VALUES	('CIVILIZATION_IPG_SKELLIGE',	'FEATURE_FOREST',	2		),
--		('CIVILIZATION_IPG_SKELLIGE',	'FEATURE_JUNGLE',	2		);

INSERT INTO	StartBiasRivers
		(CivilizationType,					Tier	)
VALUES	('CIVILIZATION_IPG_CINTRA_MINOR',	2		);

INSERT INTO StartBiasTerrains
		(CivilizationType,					TerrainType,		Tier	)
VALUES	('CIVILIZATION_IPG_SKELLIGE',		'TERRAIN_COAST',	1		),
		('CIVILIZATION_IPG_CINTRA_MINOR',	'TERRAIN_COAST',	2		),
		('CIVILIZATION_IPG_KERACK_MINOR',	'TERRAIN_COAST',	1		),
		('CIVILIZATION_IPG_BREMERVOORD_MINOR',	'TERRAIN_COAST',	1	);
-----------------------------------------------
-- Religions
-----------------------------------------------
INSERT INTO Religions
		(ReligionType,				Name,							IconString,		Pantheon,	RequiresCustomName,	Color							)
VALUES	('RELIGION_IPG_FREYA',		'LOC_RELIGION_IPG_FREYA',		'Fr',			0,			0,					'COLOR_RELIGION_IPG_FREYA'		),
		('RELIGION_IPG_SVALBLOD',	'LOC_RELIGION_IPG_SVALBLOD',	'Sv',			0,			0,					'COLOR_RELIGION_IPG_SVALBLOD'	);
-----------------------------------------------
-- FavoredReligions
-----------------------------------------------
INSERT INTO FavoredReligions
			(CivilizationType,					ReligionType			)
VALUES		('CIVILIZATION_IPG_SKELLIGE',		'RELIGION_IPG_FREYA'	);
-----------------------------------------------
-- Colors
-----------------------------------------------
INSERT INTO Colors
   		(Type,								Color			)
VALUES	('COLOR_RELIGION_IPG_FREYA',		'227,123,222,255'),
		('COLOR_RELIGION_IPG_SVALBLOD',		'219,24,24,255');
