/*
	Civilization Unique Ability
	Author: iPLayGamesITA
	Original template by: MC
	Thanks to everyone in the Civ VI Modding Helpline Discord Server!
*/

-----------------------------------------------
-- Types
-----------------------------------------------
INSERT INTO	Types
		(Type,											Kind			)
VALUES	('TRAIT_CIVILIZATION_PEOPLE_OF_THE_ISLES',		'KIND_TRAIT'	),
		('ABILITY_SKELLIGE_NO_DAMAGE_PENALTY',			'KIND_ABILITY'	),
		('ABILITY_SKELLIGE_IGNORE_EMBARK_DISEMBARK',	'KIND_ABILITY'	),
		('ABILITY_SKELLIGE_LAND_COAST_COMBAT',			'KIND_ABILITY'	),
		('ABILITY_SKELLIGE_NAVAL_COAST_COMBAT',			'KIND_ABILITY'	);

INSERT INTO TypeTags
		(Type,											Tag							)
VALUES	('ABILITY_SKELLIGE_NO_DAMAGE_PENALTY',			'CLASS_RECON'				),
		('ABILITY_SKELLIGE_NO_DAMAGE_PENALTY',			'CLASS_MELEE'				),
		('ABILITY_SKELLIGE_NO_DAMAGE_PENALTY',			'CLASS_RANGED'				),
		('ABILITY_SKELLIGE_NO_DAMAGE_PENALTY',			'CLASS_ANTI_CAVALRY'		),
		('ABILITY_SKELLIGE_NO_DAMAGE_PENALTY',			'CLASS_LIGHT_CAVALRY'		),
		('ABILITY_SKELLIGE_NO_DAMAGE_PENALTY',			'CLASS_HEAVY_CAVALRY'		),
		('ABILITY_SKELLIGE_NO_DAMAGE_PENALTY',			'CLASS_SIEGE'				),

		('ABILITY_SKELLIGE_IGNORE_EMBARK_DISEMBARK',	'CLASS_ALL_COMBAT_UNITS'	),
		('ABILITY_SKELLIGE_IGNORE_EMBARK_DISEMBARK',	'CLASS_LANDCIVILIAN'		),
		('ABILITY_SKELLIGE_IGNORE_EMBARK_DISEMBARK',	'CLASS_SUPPORT'				),

		('ABILITY_SKELLIGE_LAND_COAST_COMBAT',			'CLASS_RECON'				),
		('ABILITY_SKELLIGE_LAND_COAST_COMBAT',			'CLASS_MELEE'				),
		('ABILITY_SKELLIGE_LAND_COAST_COMBAT',			'CLASS_RANGED'				),
		('ABILITY_SKELLIGE_LAND_COAST_COMBAT',			'CLASS_ANTI_CAVALRY'		),
		('ABILITY_SKELLIGE_LAND_COAST_COMBAT',			'CLASS_LIGHT_CAVALRY'		),
		('ABILITY_SKELLIGE_LAND_COAST_COMBAT',			'CLASS_HEAVY_CAVALRY'		),
		('ABILITY_SKELLIGE_LAND_COAST_COMBAT',			'CLASS_SIEGE'				),

		('ABILITY_SKELLIGE_NAVAL_COAST_COMBAT',			'CLASS_NAVAL_MELEE'			),
		('ABILITY_SKELLIGE_NAVAL_COAST_COMBAT',			'CLASS_NAVAL_RANGED'		),
		('ABILITY_SKELLIGE_NAVAL_COAST_COMBAT',			'CLASS_NAVAL_RAIDER'		),
		('ABILITY_SKELLIGE_NAVAL_COAST_COMBAT',			'CLASS_NAVAL_CARRIER'		);

INSERT INTO UnitAbilities
		(UnitAbilityType,									Inactive,	Permanent,	Description													)
VALUES	('ABILITY_SKELLIGE_NO_DAMAGE_PENALTY',				1,			1,			'LOC_ABILITY_SKELLIGE_NO_DAMAGE_PENALTY_DESCRIPTION'		),
		('ABILITY_SKELLIGE_IGNORE_EMBARK_DISEMBARK',		1,			1,			'LOC_ABILITY_SKELLIGE_IGNORE_EMBARK_DISEMBARK_DESCRIPTION'	),
		('ABILITY_SKELLIGE_LAND_COAST_COMBAT',				1,			1,			'LOC_ABILITY_SKELLIGE_LAND_COAST_COMBAT_DESCRIPTION'		),
		('ABILITY_SKELLIGE_NAVAL_COAST_COMBAT',				1,			1,			'LOC_ABILITY_SKELLIGE_NAVAL_COAST_COMBAT_DESCRIPTION'		);

INSERT INTO	Traits	
		(TraitType,										Name,													Description													)
VALUES	('TRAIT_CIVILIZATION_PEOPLE_OF_THE_ISLES',		'LOC_TRAIT_CIVILIZATION_PEOPLE_OF_THE_ISLES_NAME',		'LOC_TRAIT_CIVILIZATION_PEOPLE_OF_THE_ISLES_DESCRIPTION'	);

INSERT INTO	CivilizationTraits
		(CivilizationType,					TraitType								)
VALUES	('CIVILIZATION_IPG_SKELLIGE',		'TRAIT_CIVILIZATION_PEOPLE_OF_THE_ISLES'	);

INSERT INTO	TraitModifiers	
		(TraitType,										ModifierId											)
VALUES	('TRAIT_CIVILIZATION_PEOPLE_OF_THE_ISLES',		'SKELLIGE_NO_DAMAGE_PENALTY_ABILITY_GRANT'			),
		('TRAIT_CIVILIZATION_PEOPLE_OF_THE_ISLES',		'SKELLIGE_IGNORE_EMBARK_DISEMBARK_ABILITY_GRANT'	),
		('TRAIT_CIVILIZATION_PEOPLE_OF_THE_ISLES',		'SKELLIGE_LAND_COAST_COMBAT_ABILITY_GRANT'			),
		('TRAIT_CIVILIZATION_PEOPLE_OF_THE_ISLES',		'SKELLIGE_NAVAL_COAST_COMBAT_ABILITY_GRANT'			),
		('TRAIT_CIVILIZATION_PEOPLE_OF_THE_ISLES',		'SKELLIGE_CAMPUS_MINOR_ADJACENCY_COAST'			),
		('TRAIT_CIVILIZATION_PEOPLE_OF_THE_ISLES',		'SKELLIGE_THEATER_SQUARE_MINOR_ADJACENCY_COAST'	),
		('TRAIT_CIVILIZATION_PEOPLE_OF_THE_ISLES',		'SKELLIGE_HOLY_SITE_MINOR_ADJACENCY_COAST'		);

INSERT INTO UnitAbilityModifiers
        (UnitAbilityType,								ModifierId								)
VALUES	('ABILITY_SKELLIGE_NO_DAMAGE_PENALTY',			'SKELLIGE_NO_DAMAGE_PENALTY'			),
		('ABILITY_SKELLIGE_IGNORE_EMBARK_DISEMBARK',	'SKELLIGE_IGNORE_EMBARK_DISEMBARK'		),
		('ABILITY_SKELLIGE_LAND_COAST_COMBAT',			'SKELLIGE_LAND_COAST_COMBAT_BUFF'		),
		('ABILITY_SKELLIGE_NAVAL_COAST_COMBAT',			'SKELLIGE_NAVAL_COAST_COMBAT_BUFF'		);

INSERT INTO	Modifiers
		(ModifierId,											ModifierType,											Permanent,	OwnerRequirementSetId					)
VALUES	('SKELLIGE_NO_DAMAGE_PENALTY_ABILITY_GRANT',			'MODIFIER_PLAYER_UNITS_GRANT_ABILITY',					1,			null	),
		('SKELLIGE_IGNORE_EMBARK_DISEMBARK_ABILITY_GRANT',		'MODIFIER_PLAYER_UNITS_GRANT_ABILITY',					1,			null	),
		('SKELLIGE_LAND_COAST_COMBAT_ABILITY_GRANT',			'MODIFIER_PLAYER_UNITS_GRANT_ABILITY',					1,			null	),
		('SKELLIGE_NAVAL_COAST_COMBAT_ABILITY_GRANT',			'MODIFIER_PLAYER_UNITS_GRANT_ABILITY',					1,			null	),

		('SKELLIGE_NO_DAMAGE_PENALTY',							'MODIFIER_PLAYER_UNIT_ADJUST_NO_REDUCTION_DAMAGE',		0,			'SKELLIGE_NAVAL_UNIT_IN_RANGE'			),
		('SKELLIGE_IGNORE_EMBARK_DISEMBARK',					'MODIFIER_PLAYER_UNIT_ADJUST_IGNORE_SHORES',			0,			null	),
		('SKELLIGE_LAND_COAST_COMBAT_BUFF',						'MODIFIER_UNIT_ADJUST_COMBAT_STRENGTH',					0,			'REQUIREMENTS_UNIT_ON_COAST'			),
		('SKELLIGE_NAVAL_COAST_COMBAT_BUFF',					'MODIFIER_UNIT_ADJUST_COMBAT_STRENGTH',					0,			'REQUIREMENTS_UNIT_IN_SHALLOW_WATER'	),
		
		('SKELLIGE_CAMPUS_MINOR_ADJACENCY_COAST',				'MODIFIER_PLAYER_CITIES_TERRAIN_ADJACENCY',				0,			null	),
		('SKELLIGE_THEATER_SQUARE_MINOR_ADJACENCY_COAST',		'MODIFIER_PLAYER_CITIES_TERRAIN_ADJACENCY',				0,			null	),
		('SKELLIGE_HOLY_SITE_MINOR_ADJACENCY_COAST',			'MODIFIER_PLAYER_CITIES_TERRAIN_ADJACENCY',				0,			null	);

INSERT INTO	ModifierArguments
		(ModifierId,										Name,				Value		)
VALUES	('SKELLIGE_NO_DAMAGE_PENALTY_ABILITY_GRANT',		'AbilityType',		'ABILITY_SKELLIGE_NO_DAMAGE_PENALTY'		),
		('SKELLIGE_IGNORE_EMBARK_DISEMBARK_ABILITY_GRANT',	'AbilityType',		'ABILITY_SKELLIGE_IGNORE_EMBARK_DISEMBARK'	),
		('SKELLIGE_LAND_COAST_COMBAT_ABILITY_GRANT',		'AbilityType',		'ABILITY_SKELLIGE_LAND_COAST_COMBAT'		),
		('SKELLIGE_NAVAL_COAST_COMBAT_ABILITY_GRANT',		'AbilityType',		'ABILITY_SKELLIGE_NAVAL_COAST_COMBAT'		),

		('SKELLIGE_NO_DAMAGE_PENALTY',						'NoReduction',		1			),
		('SKELLIGE_IGNORE_EMBARK_DISEMBARK',				'Ignore',			1			),
		('SKELLIGE_LAND_COAST_COMBAT_BUFF',					'Amount',			5			),
		('SKELLIGE_NAVAL_COAST_COMBAT_BUFF',				'Amount',			5			),
		
		('SKELLIGE_CAMPUS_MINOR_ADJACENCY_COAST',		'DistrictType',		'DISTRICT_CAMPUS'	),
		('SKELLIGE_CAMPUS_MINOR_ADJACENCY_COAST',		'TerrainType',		'TERRAIN_COAST'		),
		('SKELLIGE_CAMPUS_MINOR_ADJACENCY_COAST',		'YieldType',		'YIELD_SCIENCE'		),
		('SKELLIGE_CAMPUS_MINOR_ADJACENCY_COAST',		'Amount',			1					),
		('SKELLIGE_CAMPUS_MINOR_ADJACENCY_COAST',		'TilesRequired',	2					),
		('SKELLIGE_CAMPUS_MINOR_ADJACENCY_COAST',		'Description',		'LOC_SKELLIGE_CAMPUS_MINOR_ADJACENCY_COAST'	),
		
		('SKELLIGE_THEATER_SQUARE_MINOR_ADJACENCY_COAST',		'DistrictType',		'DISTRICT_THEATER'	),
		('SKELLIGE_THEATER_SQUARE_MINOR_ADJACENCY_COAST',		'TerrainType',		'TERRAIN_COAST'		),
		('SKELLIGE_THEATER_SQUARE_MINOR_ADJACENCY_COAST',		'YieldType',		'YIELD_CULTURE'		),
		('SKELLIGE_THEATER_SQUARE_MINOR_ADJACENCY_COAST',		'Amount',			1					),
		('SKELLIGE_THEATER_SQUARE_MINOR_ADJACENCY_COAST',		'TilesRequired',	2					),
		('SKELLIGE_THEATER_SQUARE_MINOR_ADJACENCY_COAST',		'Description',		'LOC_SKELLIGE_THEATER_SQUARE_MINOR_ADJACENCY_COAST'	),
		
		('SKELLIGE_HOLY_SITE_MINOR_ADJACENCY_COAST',		'DistrictType',		'DISTRICT_HOLY_SITE'),
		('SKELLIGE_HOLY_SITE_MINOR_ADJACENCY_COAST',		'TerrainType',		'TERRAIN_COAST'		),
		('SKELLIGE_HOLY_SITE_MINOR_ADJACENCY_COAST',		'YieldType',		'YIELD_FAITH'		),
		('SKELLIGE_HOLY_SITE_MINOR_ADJACENCY_COAST',		'Amount',			1					),
		('SKELLIGE_HOLY_SITE_MINOR_ADJACENCY_COAST',		'TilesRequired',	2					),
		('SKELLIGE_HOLY_SITE_MINOR_ADJACENCY_COAST',		'Description',		'LOC_SKELLIGE_HOLY_SITE_MINOR_ADJACENCY_COAST'	);

INSERT INTO ModifierStrings
		(ModifierId,										Context,			Text		)
VALUES	('SKELLIGE_LAND_COAST_COMBAT_BUFF',					'Preview',			'LOC_SKELLIGE_LAND_COAST_COMBAT_BUFF'		),
		('SKELLIGE_NAVAL_COAST_COMBAT_BUFF',				'Preview',			'LOC_SKELLIGE_NAVAL_COAST_COMBAT_BUFF'		);

INSERT INTO RequirementSets
		(RequirementSetId,					RequirementSetType			)
VALUES	('SKELLIGE_NAVAL_UNIT_IN_RANGE',	'REQUIREMENTSET_TEST_ANY'	);

INSERT INTO RequirementSetRequirements
		(RequirementSetId,							RequirementId									)
VALUES	('SKELLIGE_NAVAL_UNIT_IN_RANGE',			'SKELLIGE_REQUIREMENT_ADJACENT_NAVAL_MELEE'		),
		('SKELLIGE_NAVAL_UNIT_IN_RANGE',			'SKELLIGE_REQUIREMENT_ADJACENT_NAVAL_RANGED'	),
		('SKELLIGE_NAVAL_UNIT_IN_RANGE',			'SKELLIGE_REQUIREMENT_ADJACENT_NAVAL_RAIDER'	),
		('SKELLIGE_NAVAL_UNIT_IN_RANGE',			'SKELLIGE_REQUIREMENT_ADJACENT_NAVAL_CARRIER'	);

INSERT INTO Requirements
		(RequirementId, 									RequirementType											)
VALUES	('SKELLIGE_REQUIREMENT_ADJACENT_NAVAL_MELEE',		'REQUIREMENT_PLOT_ADJACENT_FRIENDLY_UNIT_TAG_MATCHES'	),
		('SKELLIGE_REQUIREMENT_ADJACENT_NAVAL_RANGED',		'REQUIREMENT_PLOT_ADJACENT_FRIENDLY_UNIT_TAG_MATCHES'	),
		('SKELLIGE_REQUIREMENT_ADJACENT_NAVAL_RAIDER',		'REQUIREMENT_PLOT_ADJACENT_FRIENDLY_UNIT_TAG_MATCHES'	),
		('SKELLIGE_REQUIREMENT_ADJACENT_NAVAL_CARRIER',		'REQUIREMENT_PLOT_ADJACENT_FRIENDLY_UNIT_TAG_MATCHES'	);

INSERT INTO RequirementArguments
		(RequirementId,										Name,		Value					)
VALUES	('SKELLIGE_REQUIREMENT_ADJACENT_NAVAL_MELEE',		'Tag',		'CLASS_NAVAL_MELEE'		),
		('SKELLIGE_REQUIREMENT_ADJACENT_NAVAL_RANGED',		'Tag',		'CLASS_NAVAL_RANGED'	),
		('SKELLIGE_REQUIREMENT_ADJACENT_NAVAL_RAIDER',		'Tag',		'CLASS_NAVAL_RAIDER'	),
		('SKELLIGE_REQUIREMENT_ADJACENT_NAVAL_CARRIER',		'Tag',		'CLASS_NAVAL_CARRIER'	);
