/*
	Leader Unique Ability
	Author: iPlayGamesITA
	Original template by: MC
	Thanks to everyone in the Civ VI Modding Helpline Discord Server!
*/
-----------------------------------------------
-- RADOVID & DIJKSTRA
-----------------------------------------------
INSERT INTO Types
		(Type,								Kind			)
VALUES	('TRAIT_LEADER_THE_STERN',			'KIND_TRAIT'	),
		('TRAIT_LEADER_REGENCY_COUNCIL',	'KIND_TRAIT'	);

INSERT INTO	Traits
		(TraitType,							Name,										Description										)
VALUES	('TRAIT_LEADER_THE_STERN',			'LOC_TRAIT_LEADER_THE_STERN_NAME',			'LOC_TRAIT_LEADER_THE_STERN_DESCRIPTION'		),
		('TRAIT_LEADER_REGENCY_COUNCIL',	'LOC_TRAIT_LEADER_REGENCY_COUNCIL_NAME',	'LOC_TRAIT_LEADER_REGENCY_COUNCIL_DESCRIPTION'	);

INSERT INTO	LeaderTraits
		(LeaderType,			TraitType								)
VALUES	('LEADER_IPG_RADOVID',	'TRAIT_LEADER_THE_STERN'				),
		('LEADER_IPG_RADOVID',	'TRAIT_LEADER_RELIGIOUS_MAJOR_CIV'		),

		('LEADER_IPG_DIJKSTRA',	'TRAIT_LEADER_REGENCY_COUNCIL'			),
		('LEADER_IPG_DIJKSTRA',	'TRAIT_LEADER_NONRELIGIOUS_MAJOR_CIV'	),
		('LEADER_IPG_DIJKSTRA',	'TRAIT_LEADER_PURSUE_DIPLOMATIC_VICTORY');

INSERT INTO TraitModifiers 
		(TraitType,							ModifierId										)
VALUES	('TRAIT_LEADER_THE_STERN',			'THE_STERN_EXTRA_MILITARY_POLICY'				),
		('TRAIT_LEADER_THE_STERN',			'THE_STERN_TRADE_ROUTE_CAPACITY_ON_RELIGION'	),
		('TRAIT_LEADER_THE_STERN',			'THE_STERN_GRANT_TRADER_ON_RELIGION'			),
		('TRAIT_LEADER_THE_STERN',			'THE_STERN_INTERNATIONAL_TRADE_FAITH'			),
		('TRAIT_LEADER_THE_STERN',			'THE_STERN_ADJUST_INQUISITOR_CHARGES'			),
		('TRAIT_LEADER_THE_STERN',			'THE_STERN_FACULTY_HISTORY_FREE_APOSTLES'		),
		('TRAIT_LEADER_THE_STERN',			'THE_STERN_WITCH_HUNTER_ABILITY_GRANT'			),

		('TRAIT_LEADER_REGENCY_COUNCIL',	'REGENCY_COUNCIL_EXTRA_DIPLO_POLICY'			),
		('TRAIT_LEADER_REGENCY_COUNCIL',	'REGENCY_COUNCIL_TRADE_ROUTE_CAPACITY_GOV_BUILD'),
		('TRAIT_LEADER_REGENCY_COUNCIL',	'REGENCY_COUNCIL_GRANT_TRADER_GOV_BUILD'		),
		('TRAIT_LEADER_REGENCY_COUNCIL',	'REGENCY_COUNCIL_INTERNATIONAL_TRADE_SCIENCE'	),
		('TRAIT_LEADER_REGENCY_COUNCIL',	'REGENCY_COUNCIL_SPY_OFFENSIVE_BONUS'			),
		('TRAIT_LEADER_REGENCY_COUNCIL',	'REGENCY_COUNCIL_ADD_SPY_CAPACITY'				),
		('TRAIT_LEADER_REGENCY_COUNCIL',	'REGENCY_COUNCIL_ADD_SPY_UNIT'					);

INSERT INTO Modifiers
		(ModifierId,										ModifierType,													RunOnce,	OwnerRequirementSetId,		SubjectRequirementSetId	)
VALUES	('THE_STERN_EXTRA_MILITARY_POLICY',					'MODIFIER_PLAYER_CULTURE_ADJUST_GOVERNMENT_SLOTS_MODIFIER',		0,			null,	'REDANIA_PLAYER_HAS_POLITICAL_PHILOSOPHY'	),
		('THE_STERN_TRADE_ROUTE_CAPACITY_ON_RELIGION',		'MODIFIER_PLAYER_ADJUST_TRADE_ROUTE_CAPACITY',					1,			null,	'THE_STERN_FOUNDED_RELIGION_REQUIREMENTS'	),
		('THE_STERN_GRANT_TRADER_ON_RELIGION',				'MODIFIER_PLAYER_GRANT_UNIT_IN_CAPITAL',						1,			'THE_STERN_FOUNDED_RELIGION_REQUIREMENTS',	null	),
		('THE_STERN_INTERNATIONAL_TRADE_FAITH',				'REDANIA_PLAYER_CITIES_ADJUST_TRADE_ROUTE_YIELD_FOR_INTERNATIONAL',	0,		null,										null	),
		('THE_STERN_ADJUST_INQUISITOR_CHARGES',				'MODIFIER_PLAYER_UNITS_ADJUST_SPREAD_CHARGES',					0,			null,						'UNIT_IS_INQUISITOR'	),
		('THE_STERN_FACULTY_HISTORY_FREE_APOSTLES',			'MODIFIER_PLAYER_GRANT_UNIT_IN_CAPITAL',						1,			'REDANIA_PLAYER_HAS_FACULTY_HISTORY',		null	),
		('THE_STERN_WITCH_HUNTER_ABILITY_GRANT',			'MODIFIER_PLAYER_UNITS_GRANT_ABILITY',							0,			null,										null	),
		
		('REGENCY_COUNCIL_EXTRA_DIPLO_POLICY',				'MODIFIER_PLAYER_CULTURE_ADJUST_GOVERNMENT_SLOTS_MODIFIER',		0,			null,	'REDANIA_PLAYER_HAS_POLITICAL_PHILOSOPHY'	),
		('REGENCY_COUNCIL_TRADE_ROUTE_CAPACITY_GOV_BUILD',	'MODIFIER_PLAYER_ADJUST_TRADE_ROUTE_CAPACITY',					1,			null,	'DIJKSTRA_PLAYER_HAS_GOVBUILD_TIER1_REQUIREMENTS'),
		('REGENCY_COUNCIL_GRANT_TRADER_GOV_BUILD',			'MODIFIER_PLAYER_GRANT_UNIT_IN_CAPITAL',						1,	'DIJKSTRA_PLAYER_HAS_GOVBUILD_TIER1_REQUIREMENTS',	null	),
		('REGENCY_COUNCIL_INTERNATIONAL_TRADE_SCIENCE',		'REDANIA_PLAYER_CITIES_ADJUST_TRADE_ROUTE_YIELD_FOR_INTERNATIONAL',	0,		null,										null	),
		('REGENCY_COUNCIL_SPY_OFFENSIVE_BONUS',				'MODIFIER_PLAYER_ADJUST_SPY_BONUS',								0,			null,										null	),
		('REGENCY_COUNCIL_ADD_SPY_CAPACITY',				'MODIFIER_PLAYER_GRANT_SPY',									0,			null,		'REDANIA_PLAYER_HAS_FACULTY_HISTORY'	),
		('REGENCY_COUNCIL_ADD_SPY_UNIT',					'MODIFIER_PLAYER_GRANT_UNIT_IN_CAPITAL',						1,			'REDANIA_PLAYER_HAS_FACULTY_HISTORY',		null	);

INSERT INTO ModifierArguments 
		(ModifierId,										Name,					Value			)
VALUES	('THE_STERN_EXTRA_MILITARY_POLICY',					'GovernmentSlotType',	'SLOT_MILITARY'	),
		('THE_STERN_TRADE_ROUTE_CAPACITY_ON_RELIGION',		'Amount',				1		),
		('THE_STERN_GRANT_TRADER_ON_RELIGION',				'UnitType',				'UNIT_TRADER'	),
		('THE_STERN_GRANT_TRADER_ON_RELIGION',				'Amount',				1		),
		('THE_STERN_INTERNATIONAL_TRADE_FAITH',				'YieldType',			'YIELD_FAITH'	),
		('THE_STERN_INTERNATIONAL_TRADE_FAITH',				'Amount',				4		),
		('THE_STERN_ADJUST_INQUISITOR_CHARGES',				'Amount',				1		),
		('THE_STERN_FACULTY_HISTORY_FREE_APOSTLES',			'UnitType',				'UNIT_APOSTLE'	),
		('THE_STERN_FACULTY_HISTORY_FREE_APOSTLES',			'Amount',				2		),
		('THE_STERN_FACULTY_HISTORY_FREE_APOSTLES',			'AllowUniqueOverride',	0		),
		('THE_STERN_WITCH_HUNTER_ABILITY_GRANT',			'AbilityType',			'ABILITY_WITCH_HUNTER_OTHER_RELIGION'	),
		
		('REGENCY_COUNCIL_EXTRA_DIPLO_POLICY',				'GovernmentSlotType',	'SLOT_DIPLOMATIC'	),
		('REGENCY_COUNCIL_TRADE_ROUTE_CAPACITY_GOV_BUILD',	'Amount',				1		),
		('REGENCY_COUNCIL_GRANT_TRADER_GOV_BUILD',			'UnitType',				'UNIT_TRADER'	),
		('REGENCY_COUNCIL_GRANT_TRADER_GOV_BUILD',			'Amount',				1		),
		('REGENCY_COUNCIL_INTERNATIONAL_TRADE_SCIENCE',		'YieldType',			'YIELD_SCIENCE'	),
		('REGENCY_COUNCIL_INTERNATIONAL_TRADE_SCIENCE',		'Amount',				2		),
		('REGENCY_COUNCIL_SPY_OFFENSIVE_BONUS',				'Offense',				1		),
		('REGENCY_COUNCIL_SPY_OFFENSIVE_BONUS',				'Amount',				1		),
		('REGENCY_COUNCIL_ADD_SPY_CAPACITY',				'Amount',				1		),
		('REGENCY_COUNCIL_ADD_SPY_UNIT',					'UnitType',				'UNIT_SPY'	),
		('REGENCY_COUNCIL_ADD_SPY_UNIT',					'Amount',				1	),
		('REGENCY_COUNCIL_ADD_SPY_UNIT',					'AllowUniqueOverride',	0	);

INSERT INTO RequirementSets
		(RequirementSetId,										RequirementSetType			)
VALUES	('THE_STERN_FOUNDED_RELIGION_REQUIREMENTS',				'REQUIREMENTSET_TEST_ALL'	),
		('DIJKSTRA_PLAYER_HAS_GOVBUILD_TIER1_REQUIREMENTS',		'REQUIREMENTSET_TEST_ANY'	),
		('REDANIA_PLAYER_HAS_POLITICAL_PHILOSOPHY',				'REQUIREMENTSET_TEST_ALL'	),
		('REDANIA_PLAYER_HAS_FACULTY_HISTORY',					'REQUIREMENTSET_TEST_ALL'	);

INSERT INTO RequirementSetRequirements
		(RequirementSetId,										RequirementId									)
VALUES	('THE_STERN_FOUNDED_RELIGION_REQUIREMENTS',				'REQUIRES_PLAYER_HAS_FOUNDED_A_RELIGION'		),
		('DIJKSTRA_PLAYER_HAS_GOVBUILD_TIER1_REQUIREMENTS',		'PLAYER_HAS_GOV_BUILDING_TALL_REQUIREMENT'		),
		('DIJKSTRA_PLAYER_HAS_GOVBUILD_TIER1_REQUIREMENTS',		'PLAYER_HAS_GOV_BUILDING_WIDE_REQUIREMENT'		),
		('DIJKSTRA_PLAYER_HAS_GOVBUILD_TIER1_REQUIREMENTS',		'PLAYER_HAS_GOV_BUILDING_CONQUEST_REQUIREMENT'	),
		('REDANIA_PLAYER_HAS_POLITICAL_PHILOSOPHY',				'REDANIA_REQUIRES_POLITICAL_PHILOSOPHY_CIVIC'	),
		('REDANIA_PLAYER_HAS_FACULTY_HISTORY',					'REDANIA_REQUIRES_FACULTY_HISTORY'				);

INSERT INTO Requirements
		(RequirementId,									RequirementType						)
VALUES	('REDANIA_REQUIRES_POLITICAL_PHILOSOPHY_CIVIC',	'REQUIREMENT_PLAYER_HAS_CIVIC'		),
		('REDANIA_REQUIRES_FACULTY_HISTORY',			'REQUIREMENT_PLAYER_HAS_BUILDING'	);

INSERT INTO RequirementArguments
		(RequirementId,									Name,				Value	)
VALUES	('REDANIA_REQUIRES_POLITICAL_PHILOSOPHY_CIVIC',	'CivicType',		'CIVIC_POLITICAL_PHILOSOPHY'		),
		('REDANIA_REQUIRES_FACULTY_HISTORY',			'BuildingType',		'BUILDING_REDANIA_FACULTY_HISTORY'	);
-----------------------------------------------
-- KOVIR
-----------------------------------------------
INSERT INTO Types
		(Type,									Kind		)
VALUES	('MINOR_CIV_IPG_KOVIR_MINOR_TRAIT',		'KIND_TRAIT');

INSERT INTO	Traits
		(TraitType,								Name,											Description											)
VALUES	('MINOR_CIV_IPG_KOVIR_MINOR_TRAIT',		'LOC_MINOR_CIV_IPG_KOVIR_MINOR_TRAIT_NAME',		'LOC_MINOR_CIV_IPG_KOVIR_MINOR_TRAIT_DESCRIPTION'	);

INSERT INTO	LeaderTraits
		(LeaderType,							TraitType							)
VALUES	('LEADER_MINOR_CIV_IPG_KOVIR_MINOR',	'MINOR_CIV_IPG_KOVIR_MINOR_TRAIT'	);

INSERT INTO TraitModifiers 
		(TraitType,								ModifierId																			)
VALUES	('MINOR_CIV_IPG_KOVIR_MINOR_TRAIT',		'MINOR_CIV_IPG_KOVIR_MINOR_UNIQUE_INFLUENCE_IMMEDIATE_TRADING_POST'					),
		('MINOR_CIV_IPG_KOVIR_MINOR_TRAIT',		'MINOR_CIV_IPG_KOVIR_MINOR_UNIQUE_INFLUENCE_INTERNATIONAL_SCIENCE_PER_STRATEGIC'	);

INSERT INTO Modifiers
		(ModifierId,																		ModifierType,													SubjectRequirementSetId					)
VALUES	('MINOR_CIV_IPG_KOVIR_MINOR_UNIQUE_INFLUENCE_IMMEDIATE_TRADING_POST',				'MODIFIER_ALL_PLAYERS_ATTACH_MODIFIER',							'PLAYER_IS_SUZERAIN'					),
		('KOVIR_ESTABLISH_IMMEDIATE_TRADING_POST',											'MODIFIER_PLAYER_ADJUST_IMMEDIATE_TRADING_POST',				null									),

		('MINOR_CIV_IPG_KOVIR_MINOR_UNIQUE_INFLUENCE_INTERNATIONAL_SCIENCE_PER_STRATEGIC',	'MODIFIER_ALL_PLAYERS_ATTACH_MODIFIER',							'PLAYER_IS_SUZERAIN'					),
		('KOVIR_INTERNATIONAL_TRADE_SCIENCE_PER_STRATEGIC',	'MODIFIER_PLAYER_CITIES_ADJUST_TRADE_ROUTE_YIELD_PER_DESTINATION_STRATEGIC_FOR_INTERNATIONAL',	'REDANIA_PLAYER_SUZERAIN_OF_SCIENCE'	);

INSERT INTO ModifierArguments 
		(ModifierId,																		Name,			Value												)
VALUES	('MINOR_CIV_IPG_KOVIR_MINOR_UNIQUE_INFLUENCE_IMMEDIATE_TRADING_POST',				'ModifierId',	'KOVIR_ESTABLISH_IMMEDIATE_TRADING_POST'			),
		('KOVIR_ESTABLISH_IMMEDIATE_TRADING_POST',								'ImmediateTradingPost',		1													),

		('MINOR_CIV_IPG_KOVIR_MINOR_UNIQUE_INFLUENCE_INTERNATIONAL_SCIENCE_PER_STRATEGIC',	'ModifierId',	'KOVIR_INTERNATIONAL_TRADE_SCIENCE_PER_STRATEGIC'	),
		('KOVIR_INTERNATIONAL_TRADE_SCIENCE_PER_STRATEGIC',									'YieldType',	'YIELD_SCIENCE'										),
		('KOVIR_INTERNATIONAL_TRADE_SCIENCE_PER_STRATEGIC',									'Amount',		1													);
		
INSERT INTO RequirementSets
		(RequirementSetId,							RequirementSetType			)
VALUES	('REDANIA_PLAYER_SUZERAIN_OF_SCIENCE',		'REQUIREMENTSET_TEST_ALL'	);

INSERT INTO RequirementSetRequirements
		(RequirementSetId,							RequirementId							)
VALUES	('REDANIA_PLAYER_SUZERAIN_OF_SCIENCE',		'REDANIA_REQUIRES_SUZERAIN_OF_SCIENCE'	);

INSERT INTO Requirements
		(RequirementId,								RequirementType								)
VALUES	('REDANIA_REQUIRES_SUZERAIN_OF_SCIENCE',	'REQUIREMENT_PLAYER_IS_SUZERAIN_X_TYPE'		);

INSERT INTO RequirementArguments
		(RequirementId,								Name,				Value	)
VALUES	('REDANIA_REQUIRES_SUZERAIN_OF_SCIENCE',	'LeaderType',		'LEADER_MINOR_CIV_SCIENTIFIC'	),
		('REDANIA_REQUIRES_SUZERAIN_OF_SCIENCE',	'Amount',			1		);
-----------------------------------------------
-- POVISS
-----------------------------------------------
INSERT INTO Types
		(Type,									Kind		)
VALUES	('MINOR_CIV_IPG_POVISS_MINOR_TRAIT',	'KIND_TRAIT');

INSERT INTO	Traits
		(TraitType,								Name,											Description											)
VALUES	('MINOR_CIV_IPG_POVISS_MINOR_TRAIT',	'LOC_MINOR_CIV_IPG_POVISS_MINOR_TRAIT_NAME',	'LOC_MINOR_CIV_IPG_POVISS_MINOR_TRAIT_DESCRIPTION'	);

INSERT INTO	LeaderTraits
		(LeaderType,							TraitType							)
VALUES	('LEADER_MINOR_CIV_IPG_POVISS_MINOR',	'MINOR_CIV_IPG_POVISS_MINOR_TRAIT'	);

INSERT INTO TraitModifiers 
		(TraitType,								ModifierId																						)
VALUES	('MINOR_CIV_IPG_POVISS_MINOR_TRAIT',	'MINOR_CIV_IPG_POVISS_MINOR_UNIQUE_INFLUENCE_TRADING_POST_DIPLO_VIS'							),
		('MINOR_CIV_IPG_POVISS_MINOR_TRAIT',	'MINOR_CIV_IPG_POVISS_MINOR_UNIQUE_INFLUENCE_INTERNATIONAL_GOLD_PER_LUXURY'	);

INSERT INTO Modifiers
		(ModifierId,																	ModifierType,								SubjectRequirementSetId					)
VALUES	('MINOR_CIV_IPG_POVISS_MINOR_UNIQUE_INFLUENCE_TRADING_POST_DIPLO_VIS',			'MODIFIER_ALL_PLAYERS_ATTACH_MODIFIER',		'PLAYER_IS_SUZERAIN'					),
		('POVISS_ADJUST_DIPLO_VIS_ON_TRADING_POST',										'MODIFIER_PLAYER_ADD_DIPLO_VISIBILITY',		null									),
		
		('MINOR_CIV_IPG_POVISS_MINOR_UNIQUE_INFLUENCE_INTERNATIONAL_GOLD_PER_LUXURY',	'MODIFIER_ALL_PLAYERS_ATTACH_MODIFIER',		'PLAYER_IS_SUZERAIN'					),
		('POVISS_INTERNATIONAL_TRADE_GOLD_PER_LUXURY',	'MODIFIER_PLAYER_CITIES_ADJUST_TRADE_ROUTE_YIELD_PER_DESTINATION_LUXURY_FOR_INTERNATIONAL',	'REDANIA_PLAYER_SUZERAIN_OF_TRADE'	);

INSERT INTO ModifierArguments 
		(ModifierId,																	Name,				Value											)
VALUES	('MINOR_CIV_IPG_POVISS_MINOR_UNIQUE_INFLUENCE_TRADING_POST_DIPLO_VIS',			'ModifierId',		'POVISS_ADJUST_DIPLO_VIS_ON_TRADING_POST'		),
		('POVISS_ADJUST_DIPLO_VIS_ON_TRADING_POST',										'Amount',			1												),
		('POVISS_ADJUST_DIPLO_VIS_ON_TRADING_POST',										'Source',			'SOURCE_IPG_POVISS_SUZERAIN'					),
		
		('MINOR_CIV_IPG_POVISS_MINOR_UNIQUE_INFLUENCE_INTERNATIONAL_GOLD_PER_LUXURY',	'ModifierId',		'POVISS_INTERNATIONAL_TRADE_GOLD_PER_LUXURY'	),
		('POVISS_INTERNATIONAL_TRADE_GOLD_PER_LUXURY',									'YieldType',		'YIELD_GOLD'									),
		('POVISS_INTERNATIONAL_TRADE_GOLD_PER_LUXURY',									'Amount',			1												);

INSERT INTO DiplomaticVisibilitySources
		(VisibilitySourceType,				Description,							ActionDescription,							GossipString							)
VALUES	('SOURCE_IPG_POVISS_SUZERAIN',		'LOC_VIZSOURCE_IPG_POVISS_SUZERAIN',	'LOC_VIZSOURCE_ACTION_IPG_POVISS_SUZERAIN',	'LOC_GOSSIP_SOURCE_IPG_POVISS_SUZERAIN'	);

INSERT INTO DiplomaticVisibilitySources_XP1
		(VisibilitySourceType,				TradePostTrait						)
VALUES	('SOURCE_IPG_POVISS_SUZERAIN',		'MINOR_CIV_IPG_POVISS_MINOR_TRAIT'	);

INSERT INTO RequirementSets
		(RequirementSetId,							RequirementSetType			)
VALUES	('REDANIA_PLAYER_SUZERAIN_OF_TRADE',		'REQUIREMENTSET_TEST_ALL'	);

INSERT INTO RequirementSetRequirements
		(RequirementSetId,							RequirementId							)
VALUES	('REDANIA_PLAYER_SUZERAIN_OF_TRADE',		'REDANIA_REQUIRES_SUZERAIN_OF_TRADE'	);

INSERT INTO Requirements
		(RequirementId,							RequirementType								)
VALUES	('REDANIA_REQUIRES_SUZERAIN_OF_TRADE',	'REQUIREMENT_PLAYER_IS_SUZERAIN_X_TYPE'		);

INSERT INTO RequirementArguments
		(RequirementId,							Name,				Value	)
VALUES	('REDANIA_REQUIRES_SUZERAIN_OF_TRADE',	'LeaderType',		'LEADER_MINOR_CIV_TRADE'	),
		('REDANIA_REQUIRES_SUZERAIN_OF_TRADE',	'Amount',			1		);
-----------------------------------------------
-- NOVIGRAD
-----------------------------------------------
INSERT INTO Types
		(Type,									Kind		)
VALUES	('MINOR_CIV_IPG_NOVIGRAD_MINOR_TRAIT',	'KIND_TRAIT');

INSERT INTO	Traits
		(TraitType,								Name,											Description													)
VALUES	('MINOR_CIV_IPG_NOVIGRAD_MINOR_TRAIT',	'LOC_MINOR_CIV_IPG_NOVIGRAD_MINOR_TRAIT_NAME',	'LOC_MINOR_CIV_IPG_NOVIGRAD_MINOR_TRAIT_DESCRIPTION'		);

INSERT INTO	LeaderTraits
		(LeaderType,								TraitType								)
VALUES	('LEADER_MINOR_CIV_IPG_NOVIGRAD_MINOR',		'MINOR_CIV_IPG_NOVIGRAD_MINOR_TRAIT'	);

INSERT INTO TraitModifiers 
		(TraitType,								ModifierId											)
VALUES	('MINOR_CIV_IPG_NOVIGRAD_MINOR_TRAIT',	'MINOR_CIV_IPG_NOVIGRAD_MINOR_UNIQUE_INFLUENCE_GOLD_FROM_SHRINES'	),
		('MINOR_CIV_IPG_NOVIGRAD_MINOR_TRAIT',	'MINOR_CIV_IPG_NOVIGRAD_MINOR_UNIQUE_INFLUENCE_GOLD_FROM_TEMPLES'	),
		('MINOR_CIV_IPG_NOVIGRAD_MINOR_TRAIT',	'MINOR_CIV_IPG_NOVIGRAD_CONVERTS_TO_SUZERAIN_RELIGION'				),
		('MINOR_CIV_IPG_NOVIGRAD_MINOR_TRAIT',	'MINOR_CIV_IPG_NOVIGRAD_EXERTS_HOLY_CITY_PRESSURE'					);

INSERT INTO Modifiers
		(ModifierId,												ModifierType,										SubjectRequirementSetId	)
VALUES	('MINOR_CIV_IPG_NOVIGRAD_MINOR_UNIQUE_INFLUENCE_GOLD_FROM_SHRINES',	'MODIFIER_ALL_PLAYERS_ATTACH_MODIFIER',		'PLAYER_IS_SUZERAIN'	),
		('MINOR_CIV_IPG_NOVIGRAD_MINOR_UNIQUE_INFLUENCE_GOLD_FROM_TEMPLES',	'MODIFIER_ALL_PLAYERS_ATTACH_MODIFIER',		'PLAYER_IS_SUZERAIN'	),
		
		('NOVIGRAD_GOLD_FROM_SHRINES_ATTACH',						'MODIFIER_PLAYER_CITIES_ATTACH_MODIFIER',			null	),
		('NOVIGRAD_GOLD_FROM_TEMPLES_ATTACH',						'MODIFIER_PLAYER_CITIES_ATTACH_MODIFIER',			null	),
		('NOVIGRAD_GOLD_FROM_SHRINES',								'MODIFIER_BUILDING_YIELD_CHANGE',					null	),
		('NOVIGRAD_GOLD_FROM_TEMPLES',								'MODIFIER_BUILDING_YIELD_CHANGE',					null	),
		('MINOR_CIV_IPG_NOVIGRAD_CONVERTS_TO_SUZERAIN_RELIGION',	'MODIFIER_PLAYER_ADOPT_ALLY_FOUNDED_RELIGIONS',		null	),
		('MINOR_CIV_IPG_NOVIGRAD_EXERTS_HOLY_CITY_PRESSURE',		'MODIFIER_PLAYER_TREAT_CAPITAL_AS_HOLY_CITY',		null	);

INSERT INTO ModifierArguments 
		(ModifierId,											Name,				Value				)
VALUES	('MINOR_CIV_IPG_NOVIGRAD_MINOR_UNIQUE_INFLUENCE_GOLD_FROM_SHRINES',	'ModifierId',	'NOVIGRAD_GOLD_FROM_SHRINES_ATTACH'),
		('MINOR_CIV_IPG_NOVIGRAD_MINOR_UNIQUE_INFLUENCE_GOLD_FROM_TEMPLES',	'ModifierId',	'NOVIGRAD_GOLD_FROM_TEMPLES_ATTACH'),

		('NOVIGRAD_GOLD_FROM_SHRINES_ATTACH',					'ModifierId',		'NOVIGRAD_GOLD_FROM_SHRINES'	),
		('NOVIGRAD_GOLD_FROM_TEMPLES_ATTACH',					'ModifierId',		'NOVIGRAD_GOLD_FROM_TEMPLES'	),
		('NOVIGRAD_GOLD_FROM_SHRINES',							'BuildingType',		'BUILDING_SHRINE'	),
		('NOVIGRAD_GOLD_FROM_SHRINES',							'YieldType',		'YIELD_GOLD'		),
		('NOVIGRAD_GOLD_FROM_SHRINES',							'Amount',			2					),
		('NOVIGRAD_GOLD_FROM_TEMPLES',							'BuildingType',		'BUILDING_TEMPLE'	),
		('NOVIGRAD_GOLD_FROM_TEMPLES',							'YieldType',		'YIELD_GOLD'		),
		('NOVIGRAD_GOLD_FROM_TEMPLES',							'Amount',			4					),

		('MINOR_CIV_IPG_NOVIGRAD_CONVERTS_TO_SUZERAIN_RELIGION',	'Adopt',		1					),
		('MINOR_CIV_IPG_NOVIGRAD_EXERTS_HOLY_CITY_PRESSURE',	'Value',			1					);
-----------------------------------------------
-- YAMURLAK
-----------------------------------------------
INSERT INTO Types
		(Type,									Kind		)
VALUES	('MINOR_CIV_IPG_YAMURLAK_MINOR_TRAIT',	'KIND_TRAIT');

INSERT INTO	Traits
		(TraitType,								Name,											Description													)
VALUES	('MINOR_CIV_IPG_YAMURLAK_MINOR_TRAIT',	'LOC_MINOR_CIV_IPG_YAMURLAK_MINOR_TRAIT_NAME',	'LOC_MINOR_CIV_IPG_YAMURLAK_MINOR_TRAIT_DESCRIPTION'		);

INSERT INTO	LeaderTraits
		(LeaderType,							TraitType								)
VALUES	('LEADER_MINOR_CIV_IPG_YAMURLAK_MINOR',	'MINOR_CIV_IPG_YAMURLAK_MINOR_TRAIT'	);

INSERT INTO TraitModifiers 
		(TraitType,								ModifierId																	)
VALUES	('MINOR_CIV_IPG_YAMURLAK_MINOR_TRAIT',	'MINOR_CIV_IPG_YAMURLAK_MINOR_UNIQUE_INFLUENCE_GOVERNOR_TITLES_PRODUCTION'	);

INSERT INTO Modifiers
		(ModifierId,																	ModifierType,									SubjectRequirementSetId	)
VALUES	('MINOR_CIV_IPG_YAMURLAK_MINOR_UNIQUE_INFLUENCE_GOVERNOR_TITLES_PRODUCTION',	'MODIFIER_ALL_PLAYERS_ATTACH_MODIFIER',			'PLAYER_IS_SUZERAIN'	),

		('YAMURLAK_PLAYER_CITIES_PRODUCTION_PER_GOVERNOR_TITLE',			'MODIFIER_PLAYER_CITIES_ADJUST_CITY_YIELD_MODIFIER_PER_GOVERNOR_TITLE',		null	);

INSERT INTO ModifierArguments 
		(ModifierId,																	Name,			Value	)
VALUES	('MINOR_CIV_IPG_YAMURLAK_MINOR_UNIQUE_INFLUENCE_GOVERNOR_TITLES_PRODUCTION',	'ModifierId',	'YAMURLAK_PLAYER_CITIES_PRODUCTION_PER_GOVERNOR_TITLE'),

		('YAMURLAK_PLAYER_CITIES_PRODUCTION_PER_GOVERNOR_TITLE',	'YieldType',		'YIELD_PRODUCTION'		),
		('YAMURLAK_PLAYER_CITIES_PRODUCTION_PER_GOVERNOR_TITLE',	'Amount',			3						);