/*
	Core Leader Definition
	Author: iPlayGamesITA
	Original template by: MC
	Thanks to everyone in the Civ VI Modding Helpline Discord Server!
*/

-----------------------------------------------
-- Types
-----------------------------------------------
INSERT INTO	Types
			(Type,					Kind			)
VALUES		('LEADER_IPG_RADOVID',	'KIND_LEADER'	),
			('LEADER_IPG_DIJKSTRA',	'KIND_LEADER'	),

			('LEADER_MINOR_CIV_IPG_KOVIR_MINOR',		'KIND_LEADER'),
			('LEADER_MINOR_CIV_IPG_POVISS_MINOR',		'KIND_LEADER'),
			('LEADER_MINOR_CIV_IPG_NOVIGRAD_MINOR',		'KIND_LEADER'),
			('LEADER_MINOR_CIV_IPG_YAMURLAK_MINOR',		'KIND_LEADER');
-----------------------------------------------
-- Leaders
-----------------------------------------------
INSERT INTO	Leaders
			(LeaderType,							Name,										InheritFrom,					SceneLayers		)
VALUES		('LEADER_IPG_RADOVID',					'LOC_LEADER_IPG_RADOVID_NAME',				'LEADER_DEFAULT', 				4	),
			('LEADER_IPG_DIJKSTRA',					'LOC_LEADER_IPG_DIJKSTRA_NAME',				'LEADER_DEFAULT', 				4	),

			('LEADER_MINOR_CIV_IPG_KOVIR_MINOR',		'LOC_CIVILIZATION_IPG_KOVIR_MINOR_NAME',		'LEADER_MINOR_CIV_TRADE',			1	),
			('LEADER_MINOR_CIV_IPG_POVISS_MINOR',		'LOC_CIVILIZATION_IPG_POVISS_MINOR_NAME',		'LEADER_MINOR_CIV_SCIENTIFIC',		1	),
			('LEADER_MINOR_CIV_IPG_NOVIGRAD_MINOR',		'LOC_CIVILIZATION_IPG_NOVIGRAD_MINOR_NAME',		'LEADER_MINOR_CIV_RELIGIOUS',		1	),
			('LEADER_MINOR_CIV_IPG_YAMURLAK_MINOR',		'LOC_CIVILIZATION_IPG_YAMURLAK_MINOR_NAME',		'LEADER_MINOR_CIV_INDUSTRIAL',		1	);
-----------------------------------------------
-- CivilizationLeaders
-----------------------------------------------
INSERT INTO	CivilizationLeaders
			(CivilizationType,						LeaderType,								CapitalName							)
VALUES		('CIVILIZATION_IPG_REDANIA',			'LEADER_IPG_RADOVID',					'LOC_CITY_NAME_IPG_REDANIA_1'		),
			('CIVILIZATION_IPG_REDANIA',			'LEADER_IPG_DIJKSTRA',					'LOC_CITY_NAME_IPG_REDANIA_1'		),

			('CIVILIZATION_IPG_KOVIR_MINOR',		'LEADER_MINOR_CIV_IPG_KOVIR_MINOR',		'LOC_CITY_NAME_IPG_KOVIR_MINOR'			),
			('CIVILIZATION_IPG_POVISS_MINOR',		'LEADER_MINOR_CIV_IPG_POVISS_MINOR',	'LOC_CITY_NAME_IPG_POVISS_MINOR'		),
			('CIVILIZATION_IPG_NOVIGRAD_MINOR',		'LEADER_MINOR_CIV_IPG_NOVIGRAD_MINOR',	'LOC_CITY_NAME_IPG_NOVIGRAD_MINOR'		),
			('CIVILIZATION_IPG_YAMURLAK_MINOR',		'LEADER_MINOR_CIV_IPG_YAMURLAK_MINOR',	'LOC_CITY_NAME_IPG_YAMURLAK_MINOR'		);
-----------------------------------------------
-- LeaderQuotes
-----------------------------------------------
INSERT INTO	LeaderQuotes
			(LeaderType,			Quote										)
VALUES		('LEADER_IPG_RADOVID',	'LOC_PEDIA_LEADERS_PAGE_IPG_RADOVID_QUOTE'	),
			('LEADER_IPG_DIJKSTRA',	'LOC_PEDIA_LEADERS_PAGE_IPG_DIJKSTRA_QUOTE'	);
-----------------------------------------------
-- CityNames
-----------------------------------------------
INSERT INTO	CityNames
			(CivilizationType,					LeaderType,			SortIndex,	CityName						)
VALUES		('CIVILIZATION_IPG_REDANIA',		'LEADER_IPG_RADOVID',		-1,		'LOC_CITY_NAME_IPG_REDANIA_1'		),
			('CIVILIZATION_IPG_REDANIA',		'LEADER_IPG_RADOVID',		-1,		'LOC_CITY_NAME_IPG_REDANIA_2'		),
			('CIVILIZATION_IPG_REDANIA',		'LEADER_IPG_RADOVID',		-1,		'LOC_CITY_NAME_IPG_REDANIA_3'		),
			('CIVILIZATION_IPG_REDANIA',		'LEADER_IPG_RADOVID',		-1,		'LOC_CITY_NAME_IPG_REDANIA_4'		),
			('CIVILIZATION_IPG_REDANIA',		'LEADER_IPG_RADOVID',		-1,		'LOC_CITY_NAME_IPG_REDANIA_5'		),
			('CIVILIZATION_IPG_REDANIA',		'LEADER_IPG_RADOVID',		-1,		'LOC_CITY_NAME_IPG_REDANIA_6'		),
			('CIVILIZATION_IPG_REDANIA',		'LEADER_IPG_RADOVID',		-1,		'LOC_CITY_NAME_IPG_REDANIA_7'		),
			('CIVILIZATION_IPG_REDANIA',		'LEADER_IPG_RADOVID',		-1,		'LOC_CITY_NAME_IPG_REDANIA_8'		),
			('CIVILIZATION_IPG_REDANIA',		'LEADER_IPG_RADOVID',		-1,		'LOC_CITY_NAME_IPG_REDANIA_9'		),
			('CIVILIZATION_IPG_REDANIA',		'LEADER_IPG_RADOVID',		-1,		'LOC_CITY_NAME_IPG_REDANIA_10'		),
			('CIVILIZATION_IPG_REDANIA',		'LEADER_IPG_RADOVID',		-1,		'LOC_CITY_NAME_IPG_REDANIA_11'		),
			('CIVILIZATION_IPG_REDANIA',		'LEADER_IPG_RADOVID',		-1,		'LOC_CITY_NAME_IPG_REDANIA_12'		),
			('CIVILIZATION_IPG_REDANIA',		'LEADER_IPG_RADOVID',		-1,		'LOC_CITY_NAME_IPG_REDANIA_13'		),
			('CIVILIZATION_IPG_REDANIA',		'LEADER_IPG_RADOVID',		-1,		'LOC_CITY_NAME_IPG_REDANIA_14'		),
			('CIVILIZATION_IPG_REDANIA',		'LEADER_IPG_RADOVID',		-1,		'LOC_CITY_NAME_IPG_REDANIA_15'		),

			('CIVILIZATION_IPG_REDANIA',		'LEADER_IPG_DIJKSTRA',		-1,		'LOC_CITY_NAME_IPG_REDANIA_1'		),
			('CIVILIZATION_IPG_REDANIA',		'LEADER_IPG_DIJKSTRA',		-1,		'LOC_CITY_NAME_IPG_REDANIA_2'		),
			('CIVILIZATION_IPG_REDANIA',		'LEADER_IPG_DIJKSTRA',		-1,		'LOC_CITY_NAME_IPG_REDANIA_3'		),
			('CIVILIZATION_IPG_REDANIA',		'LEADER_IPG_DIJKSTRA',		-1,		'LOC_CITY_NAME_IPG_REDANIA_4'		),
			('CIVILIZATION_IPG_REDANIA',		'LEADER_IPG_DIJKSTRA',		-1,		'LOC_CITY_NAME_IPG_REDANIA_5'		),
			('CIVILIZATION_IPG_REDANIA',		'LEADER_IPG_DIJKSTRA',		-1,		'LOC_CITY_NAME_IPG_REDANIA_6'		),
			('CIVILIZATION_IPG_REDANIA',		'LEADER_IPG_DIJKSTRA',		-1,		'LOC_CITY_NAME_IPG_REDANIA_7'		),
			('CIVILIZATION_IPG_REDANIA',		'LEADER_IPG_DIJKSTRA',		-1,		'LOC_CITY_NAME_IPG_REDANIA_8'		),
			('CIVILIZATION_IPG_REDANIA',		'LEADER_IPG_DIJKSTRA',		-1,		'LOC_CITY_NAME_IPG_REDANIA_9'		),
			('CIVILIZATION_IPG_REDANIA',		'LEADER_IPG_DIJKSTRA',		-1,		'LOC_CITY_NAME_IPG_REDANIA_10'		),
			('CIVILIZATION_IPG_REDANIA',		'LEADER_IPG_DIJKSTRA',		-1,		'LOC_CITY_NAME_IPG_REDANIA_11'		),
			('CIVILIZATION_IPG_REDANIA',		'LEADER_IPG_DIJKSTRA',		-1,		'LOC_CITY_NAME_IPG_REDANIA_12'		),
			('CIVILIZATION_IPG_REDANIA',		'LEADER_IPG_DIJKSTRA',		-1,		'LOC_CITY_NAME_IPG_REDANIA_13'		),
			('CIVILIZATION_IPG_REDANIA',		'LEADER_IPG_DIJKSTRA',		-1,		'LOC_CITY_NAME_IPG_REDANIA_14'		),
			('CIVILIZATION_IPG_REDANIA',		'LEADER_IPG_DIJKSTRA',		-1,		'LOC_CITY_NAME_IPG_REDANIA_15'		),

			('CIVILIZATION_IPG_KOVIR_MINOR',		'LEADER_MINOR_CIV_IPG_KOVIR_MINOR',			-1,		'LOC_CITY_NAME_IPG_KOVIR_MINOR'		),
			('CIVILIZATION_IPG_POVISS_MINOR',		'LEADER_MINOR_CIV_IPG_POVISS_MINOR',		-1,		'LOC_CITY_NAME_IPG_POVISS_MINOR'	),
			('CIVILIZATION_IPG_NOVIGRAD_MINOR',		'LEADER_MINOR_CIV_IPG_NOVIGRAD_MINOR',		-1,		'LOC_CITY_NAME_IPG_NOVIGRAD_MINOR'	),
			('CIVILIZATION_IPG_YAMURLAK_MINOR',		'LEADER_MINOR_CIV_IPG_YAMURLAK_MINOR',		-1,		'LOC_CITY_NAME_IPG_YAMURLAK_MINOR'	);
