--- LEADERS
--- Types
INSERT INTO Types
			(Type,					Kind)
VALUES		('LEADER_SC_TELESILLA',	'KIND_LEADER');

--- Leaders
INSERT INTO Leaders
			(LeaderType,			Name,							Sex,		InheritFrom,				SceneLayers)
VALUES		('LEADER_SC_TELESILLA',	'LOC_LEADER_SC_TELESILLA_NAME',	'Female',	'LEADER_DEFAULT',			4);

--- Leader Quotes
INSERT INTO LeaderQuotes
			(LeaderType,			Quote)
VALUES		('LEADER_SC_TELESILLA',	'LOC_PEDIA_LEADERS_PAGE_LEADER_SC_TELESILLA_QUOTE');


--- Historical Agendas
INSERT INTO HistoricalAgendas
			(LeaderType,			AgendaType)
VALUES		('LEADER_SC_TELESILLA',	'AGENDA_SC_SERVE_THE_MUSES');

--- Leader Traits
INSERT INTO LeaderTraits
			(LeaderType,			TraitType)
VALUES		('LEADER_SC_TELESILLA',	'TRAIT_LEADER_SC_DEFENSE_OF_ARGOS');

--- Favored Religion
INSERT OR REPLACE INTO FavoredReligions 
		(LeaderType, 								 	ReligionType)
SELECT  	('LEADER_SC_TELESILLA'),  					('RELIGION_HELLENISM')
WHERE EXISTS (SELECT * FROM Religions WHERE ReligionType = 'RELIGION_HELLENISM');



--- AGENDAS
--- Types
INSERT INTO Types
			(Type,										Kind)
VALUES		('TRAIT_AGENDA_SC_SERVE_THE_MUSES',			'KIND_TRAIT');

--- Agendas
INSERT INTO Agendas
			(AgendaType,						Name,										Description)
VALUES		('AGENDA_SC_SERVE_THE_MUSES',		'LOC_AGENDA_SC_SERVE_THE_MUSES_NAME',		'LOC_AGENDA_SC_SERVE_THE_MUSES_DESCRIPTION');

--- Traits
INSERT INTO Traits
			(TraitType,								Name,					Description)
VALUES		('TRAIT_AGENDA_SC_SERVE_THE_MUSES',		'LOC_PLACEHOLDER',		'LOC_PLACEHOLDER');

--- Agenda Traits
INSERT INTO AgendaTraits
			(AgendaType,					TraitType)
VALUES		('AGENDA_SC_SERVE_THE_MUSES',	'TRAIT_AGENDA_SC_SERVE_THE_MUSES');

--- Exclusive Agendas
INSERT INTO ExclusiveAgendas
			(AgendaOne,						AgendaTwo)
VALUES		('AGENDA_SC_SERVE_THE_MUSES',	'AGENDA_GREAT_PERSON_ADVOCATE');

--- Trait Modifiers	
INSERT INTO TraitModifiers
			(TraitType,											ModifierId)
VALUES		('TRAIT_AGENDA_SC_SERVE_THE_MUSES',					'SC_SERVE_THE_MUSES_LOTS_O_GREAT'),
			('TRAIT_AGENDA_SC_SERVE_THE_MUSES',					'SC_SERVE_THE_MUSES_NOT_SO_GREAT');

--- Modifiers
INSERT INTO Modifiers
			(ModifierId,										ModifierType,									SubjectRequirementSetId)
VALUES		('SC_SERVE_THE_MUSES_LOTS_O_GREAT',					'MODIFIER_PLAYER_DIPLOMACY_SIMPLE_MODIFIER',	'SC_SERVE_THE_MUSES_MORE_GPS'),
			('SC_SERVE_THE_MUSES_NOT_SO_GREAT',					'MODIFIER_PLAYER_DIPLOMACY_SIMPLE_MODIFIER',	'SC_SERVE_THE_MUSES_LESS_GPS');

--- Requirement Sets
INSERT INTO RequirementSets
			(RequirementSetId,									RequirementSetType)
VALUES		('SC_SERVE_THE_MUSES_MORE_GPS',						'REQUIREMENTSET_TEST_ALL'),
			('SC_SERVE_THE_MUSES_LESS_GPS',						'REQUIREMENTSET_TEST_ALL');

--- Requirement Set Requirements
INSERT INTO RequirementSetRequirements
			(RequirementSetId,							RequirementId)
VALUES		('SC_SERVE_THE_MUSES_MORE_GPS',				'REQUIRES_MAJOR_CIV_OPPONENT'),
			('SC_SERVE_THE_MUSES_MORE_GPS',				'REQUIRES_MET_10_TURNS_AGO'),
			('SC_SERVE_THE_MUSES_MORE_GPS',				'REQUIRES_LEADS_GREAT_PEOPLE'),

			('SC_SERVE_THE_MUSES_LESS_GPS',				'REQUIRES_MAJOR_CIV_OPPONENT'),
			('SC_SERVE_THE_MUSES_LESS_GPS',				'REQUIRES_MET_10_TURNS_AGO'),
			('SC_SERVE_THE_MUSES_LESS_GPS',				'REQUIRES_LAGS_GREAT_PEOPLE');

--- Modifier Arguments
INSERT INTO ModifierArguments
			(ModifierId,								Name,							Value)
VALUES		('SC_SERVE_THE_MUSES_NOT_SO_GREAT',			'InitialValue',					-10),
			('SC_SERVE_THE_MUSES_NOT_SO_GREAT',			'StatementKey',					'LOC_DIPLO_WARNING_LEADER_SC_TELESILLA_REASON_CRAPPY_MUSES'),
			('SC_SERVE_THE_MUSES_NOT_SO_GREAT',			'SimpleModifierDescription',	'LOC_DIPLO_MODIFIER_AGENDA_SC_SERVE_THE_MUSES_CRAPPY_MUSES'),
			('SC_SERVE_THE_MUSES_LOTS_O_GREAT',			'InitialValue',					8),
			('SC_SERVE_THE_MUSES_LOTS_O_GREAT',			'StatementKey',					'LOC_DIPLO_KUDO_LEADER_SC_TELESILLA_REASON_HAPPY_MUSES'),
			('SC_SERVE_THE_MUSES_LOTS_O_GREAT',			'SimpleModifierDescription',	'LOC_DIPLO_MODIFIER_AGENDA_SC_SERVE_THE_MUSES_HAPPY_MUSES');

--- Modifier Strings
INSERT INTO ModifierStrings
			(ModifierId,									Context,	Text)
VALUES		('SC_SERVE_THE_MUSES_NOT_SO_GREAT',				'Sample',	'LOC_TOOLTIP_SAMPLE_DIPLOMACY_ALL'),
			('SC_SERVE_THE_MUSES_LOTS_O_GREAT',				'Sample',	'LOC_TOOLTIP_SAMPLE_DIPLOMACY_ALL');

--- LOADING INGO
--- Loading Info
INSERT INTO LoadingInfo
			(LeaderType,			BackgroundImage,				ForegroundImage,				PlayDawnofManAudio)
VALUES		('LEADER_SC_TELESILLA',	'LEADER_VICTORIA_BACKGROUND',	'LEADER_SC_TELESILLA_NEUTRAL',	0);

--- TRAITS
--- Types
INSERT INTO Types
			(Type,										Kind)
VALUES 		('TRAIT_LEADER_SC_DEFENSE_OF_ARGOS',	'KIND_TRAIT');


--- Traits
INSERT INTO Traits
			(TraitType,									Name,												Description)
VALUES		('TRAIT_LEADER_SC_DEFENSE_OF_ARGOS',	'LOC_TRAIT_LEADER_SC_DEFENSE_OF_ARGOS_NAME',	'LOC_TRAIT_LEADER_SC_DEFENSE_OF_ARGOS_DESCRIPTION');




--- Wall - great writer points		
INSERT INTO TraitModifiers 
		(TraitType,								ModifierId)
SELECT   'TRAIT_LEADER_SC_DEFENSE_OF_ARGOS',	'SC_DEFENSE_OF_ARGOS_' || BuildingType || '_GP_POINT'
FROM Buildings WHERE PrereqDistrict IN ('DISTRICT_CITY_CENTER') AND OuterDefenseStrength != 0;

INSERT INTO Modifiers 
		(ModifierId,														ModifierType,									SubjectRequirementSetId)
SELECT   'SC_DEFENSE_OF_ARGOS_' || BuildingType || '_GP_POINT',				'MODIFIER_PLAYER_CITIES_ATTACH_MODIFIER',		'REQ_SET_SC_TELESILLA_CITY_HAS_' || BuildingType
FROM Buildings WHERE PrereqDistrict IN ('DISTRICT_CITY_CENTER') AND OuterDefenseStrength != 0;

INSERT INTO ModifierArguments 
			(ModifierId,													Name,					Value)
SELECT		'SC_DEFENSE_OF_ARGOS_' || BuildingType || '_GP_POINT',			'ModifierId',			'SC_TELESILLA_' || BuildingType || '_EXTRA_WRITER'
FROM Buildings WHERE PrereqDistrict IN ('DISTRICT_CITY_CENTER') AND OuterDefenseStrength != 0;

INSERT INTO Modifiers 
			(ModifierId,													ModifierType,													SubjectRequirementSetId)
SELECT		'SC_TELESILLA_' || BuildingType || '_EXTRA_WRITER',				'MODIFIER_SINGLE_CITY_DISTRICTS_ADJUST_GREAT_PERSON_POINTS',	'SC_TELESILLA_DISTRICT_IS_CENTER'
FROM Buildings WHERE PrereqDistrict IN ('DISTRICT_CITY_CENTER') AND OuterDefenseStrength != 0;

INSERT INTO ModifierArguments 
			(ModifierId,													Name,					Value)
SELECT		'SC_TELESILLA_' || BuildingType || '_EXTRA_WRITER',				'Amount',				1
FROM Buildings WHERE PrereqDistrict IN ('DISTRICT_CITY_CENTER') AND OuterDefenseStrength != 0;
	
INSERT INTO ModifierArguments 
			(ModifierId,													Name,					Value)
SELECT		'SC_TELESILLA_' || BuildingType || '_EXTRA_WRITER',				'GreatPersonClassType',	'GREAT_PERSON_CLASS_WRITER'
FROM Buildings WHERE PrereqDistrict IN ('DISTRICT_CITY_CENTER') AND OuterDefenseStrength != 0;

INSERT INTO RequirementSets
			(RequirementSetId,												RequirementSetType)
SELECT		'REQ_SET_SC_TELESILLA_CITY_HAS_' || BuildingType,				'REQUIREMENTSET_TEST_ALL'
FROM Buildings WHERE PrereqDistrict IN ('DISTRICT_CITY_CENTER') AND OuterDefenseStrength != 0;

INSERT INTO RequirementSetRequirements	
			(RequirementSetId,												RequirementId)
SELECT		'REQ_SET_SC_TELESILLA_CITY_HAS_' || BuildingType,				'REQ_SC_TELESILLA_HAS_' || BuildingType
FROM Buildings WHERE PrereqDistrict IN ('DISTRICT_CITY_CENTER') AND OuterDefenseStrength != 0;

INSERT INTO Requirements
			(RequirementId,													RequirementType)
SELECT		'REQ_SC_TELESILLA_HAS_' || BuildingType,						'REQUIREMENT_CITY_HAS_BUILDING'
FROM Buildings WHERE PrereqDistrict IN ('DISTRICT_CITY_CENTER') AND OuterDefenseStrength != 0;

INSERT INTO RequirementArguments
			(RequirementId,													Name,					Value)
SELECT		'REQ_SC_TELESILLA_HAS_' || BuildingType,						'BuildingType',			BuildingType
FROM Buildings WHERE PrereqDistrict IN ('DISTRICT_CITY_CENTER') AND OuterDefenseStrength != 0;

INSERT INTO RequirementSets
			(RequirementSetId,												RequirementSetType)
VALUES		('SC_TELESILLA_DISTRICT_IS_CENTER',								'REQUIREMENTSET_TEST_ALL');

INSERT INTO RequirementSetRequirements
			(RequirementSetId,												RequirementId)
VALUES		('SC_TELESILLA_DISTRICT_IS_CENTER',								'REQUIRES_DISTRICT_IS_CITY_CENTER');




--- Wall Slots

INSERT INTO TraitModifiers 
		(TraitType,													ModifierId)
SELECT   'TRAIT_LEADER_SC_DEFENSE_OF_ARGOS',						'SC_DEFENSE_OF_ARGOS_' || BuildingType || '_SLOT'
FROM Buildings WHERE PrereqDistrict IN ('DISTRICT_CITY_CENTER') AND OuterDefenseStrength != 0;

INSERT INTO Modifiers 
		(ModifierId,												ModifierType)
SELECT   'SC_DEFENSE_OF_ARGOS_' || BuildingType || '_SLOT',			'MODIFIER_PLAYER_CITIES_ADJUST_EXTRA_GREAT_WORK_SLOTS'
FROM Buildings WHERE PrereqDistrict IN ('DISTRICT_CITY_CENTER') AND OuterDefenseStrength != 0;

INSERT INTO ModifierArguments 
		(ModifierId,												Name,					Value)
SELECT   'SC_DEFENSE_OF_ARGOS_' || BuildingType || '_SLOT',			'Amount',				1
FROM Buildings WHERE PrereqDistrict IN ('DISTRICT_CITY_CENTER') AND OuterDefenseStrength != 0;

INSERT INTO ModifierArguments 
		(ModifierId,												Name,					Value)
SELECT   'SC_DEFENSE_OF_ARGOS_' || BuildingType || '_SLOT',			'GreatWorkSlotType',	'GREATWORKSLOT_WRITING'
FROM Buildings WHERE PrereqDistrict IN ('DISTRICT_CITY_CENTER') AND OuterDefenseStrength != 0;

INSERT INTO ModifierArguments 
		(ModifierId,												Name,					Value)
SELECT   'SC_DEFENSE_OF_ARGOS_' || BuildingType || '_SLOT',			'BuildingType',			BuildingType
FROM Buildings WHERE PrereqDistrict IN ('DISTRICT_CITY_CENTER') AND OuterDefenseStrength != 0;


--- Great Work Yields

INSERT INTO TraitModifiers
			(TraitType,												ModifierId)
VALUES		('TRAIT_LEADER_SC_DEFENSE_OF_ARGOS',					'SC_DEFENSE_OF_ARGOS_PROD_WRITING_PROD'),
			('TRAIT_LEADER_SC_DEFENSE_OF_ARGOS',					'SC_DEFENSE_OF_ARGOS_PROD_MUSIC_PROD'),
			('TRAIT_LEADER_SC_DEFENSE_OF_ARGOS',					'SC_DEFENSE_OF_ARGOS_PROD_RELIGIOUS_PROD'),
			('TRAIT_LEADER_SC_DEFENSE_OF_ARGOS',					'SC_DEFENSE_OF_ARGOS_PROD_LANDSCAPE_PROD'),
			('TRAIT_LEADER_SC_DEFENSE_OF_ARGOS',					'SC_DEFENSE_OF_ARGOS_PROD_PORTRAIT_PROD'),
			('TRAIT_LEADER_SC_DEFENSE_OF_ARGOS',					'SC_DEFENSE_OF_ARGOS_PROD_SCULPTURE_PROD'),

			('TRAIT_LEADER_SC_DEFENSE_OF_ARGOS',					'SC_DEFENSE_OF_ARGOS_PROD_WRITING_FAITH'),
			('TRAIT_LEADER_SC_DEFENSE_OF_ARGOS',					'SC_DEFENSE_OF_ARGOS_PROD_MUSIC_FAITH'),
			('TRAIT_LEADER_SC_DEFENSE_OF_ARGOS',					'SC_DEFENSE_OF_ARGOS_PROD_RELIGIOUS_FAITH'),
			('TRAIT_LEADER_SC_DEFENSE_OF_ARGOS',					'SC_DEFENSE_OF_ARGOS_PROD_LANDSCAPE_FAITH'),
			('TRAIT_LEADER_SC_DEFENSE_OF_ARGOS',					'SC_DEFENSE_OF_ARGOS_PROD_PORTRAIT_FAITH'),
			('TRAIT_LEADER_SC_DEFENSE_OF_ARGOS',					'SC_DEFENSE_OF_ARGOS_PROD_SCULPTURE_FAITH');

INSERT INTO Modifiers
			(ModifierId,											ModifierType,											SubjectRequirementSetId)
VALUES		('SC_DEFENSE_OF_ARGOS_PROD_WRITING_PROD',				'MODIFIER_PLAYER_CITIES_ADJUST_GREATWORK_YIELD',		'REQ_SET_SC_TELESILLA_AT_WAR'),
			('SC_DEFENSE_OF_ARGOS_PROD_MUSIC_PROD',					'MODIFIER_PLAYER_CITIES_ADJUST_GREATWORK_YIELD',		'REQ_SET_SC_TELESILLA_AT_WAR'),
			('SC_DEFENSE_OF_ARGOS_PROD_RELIGIOUS_PROD',				'MODIFIER_PLAYER_CITIES_ADJUST_GREATWORK_YIELD',		'REQ_SET_SC_TELESILLA_AT_WAR'),
			('SC_DEFENSE_OF_ARGOS_PROD_LANDSCAPE_PROD',				'MODIFIER_PLAYER_CITIES_ADJUST_GREATWORK_YIELD',		'REQ_SET_SC_TELESILLA_AT_WAR'),
			('SC_DEFENSE_OF_ARGOS_PROD_PORTRAIT_PROD',				'MODIFIER_PLAYER_CITIES_ADJUST_GREATWORK_YIELD',		'REQ_SET_SC_TELESILLA_AT_WAR'),
			('SC_DEFENSE_OF_ARGOS_PROD_SCULPTURE_PROD',				'MODIFIER_PLAYER_CITIES_ADJUST_GREATWORK_YIELD',		'REQ_SET_SC_TELESILLA_AT_WAR'),

			('SC_DEFENSE_OF_ARGOS_PROD_WRITING_FAITH',				'MODIFIER_PLAYER_CITIES_ADJUST_GREATWORK_YIELD',		'PLAYER_IS_AT_PEACE_WITH_ALL_MAJORS'),
			('SC_DEFENSE_OF_ARGOS_PROD_MUSIC_FAITH',				'MODIFIER_PLAYER_CITIES_ADJUST_GREATWORK_YIELD',		'PLAYER_IS_AT_PEACE_WITH_ALL_MAJORS'),
			('SC_DEFENSE_OF_ARGOS_PROD_RELIGIOUS_FAITH',			'MODIFIER_PLAYER_CITIES_ADJUST_GREATWORK_YIELD',		'PLAYER_IS_AT_PEACE_WITH_ALL_MAJORS'),
			('SC_DEFENSE_OF_ARGOS_PROD_LANDSCAPE_FAITH',			'MODIFIER_PLAYER_CITIES_ADJUST_GREATWORK_YIELD',		'PLAYER_IS_AT_PEACE_WITH_ALL_MAJORS'),
			('SC_DEFENSE_OF_ARGOS_PROD_PORTRAIT_FAITH',				'MODIFIER_PLAYER_CITIES_ADJUST_GREATWORK_YIELD',		'PLAYER_IS_AT_PEACE_WITH_ALL_MAJORS'),
			('SC_DEFENSE_OF_ARGOS_PROD_SCULPTURE_FAITH',			'MODIFIER_PLAYER_CITIES_ADJUST_GREATWORK_YIELD',		'PLAYER_IS_AT_PEACE_WITH_ALL_MAJORS');

INSERT INTO ModifierArguments
			(ModifierId,											Name,							Value)
VALUES		('SC_DEFENSE_OF_ARGOS_PROD_WRITING_PROD',				'GreatWorkObjectType',			'GREATWORKOBJECT_WRITING'),
			('SC_DEFENSE_OF_ARGOS_PROD_MUSIC_PROD',					'GreatWorkObjectType',			'GREATWORKOBJECT_MUSIC'),
			('SC_DEFENSE_OF_ARGOS_PROD_RELIGIOUS_PROD',				'GreatWorkObjectType',			'GREATWORKOBJECT_RELIGIOUS'),
			('SC_DEFENSE_OF_ARGOS_PROD_LANDSCAPE_PROD',				'GreatWorkObjectType',			'GREATWORKOBJECT_LANDSCAPE'),
			('SC_DEFENSE_OF_ARGOS_PROD_PORTRAIT_PROD',				'GreatWorkObjectType',			'GREATWORKOBJECT_PORTRAIT'),
			('SC_DEFENSE_OF_ARGOS_PROD_SCULPTURE_PROD',				'GreatWorkObjectType',			'GREATWORKOBJECT_SCULPTURE'),

			('SC_DEFENSE_OF_ARGOS_PROD_WRITING_FAITH',				'GreatWorkObjectType',			'GREATWORKOBJECT_WRITING'),
			('SC_DEFENSE_OF_ARGOS_PROD_MUSIC_FAITH',				'GreatWorkObjectType',			'GREATWORKOBJECT_MUSIC'),
			('SC_DEFENSE_OF_ARGOS_PROD_RELIGIOUS_FAITH',			'GreatWorkObjectType',			'GREATWORKOBJECT_RELIGIOUS'),
			('SC_DEFENSE_OF_ARGOS_PROD_LANDSCAPE_FAITH',			'GreatWorkObjectType',			'GREATWORKOBJECT_LANDSCAPE'),
			('SC_DEFENSE_OF_ARGOS_PROD_PORTRAIT_FAITH',				'GreatWorkObjectType',			'GREATWORKOBJECT_PORTRAIT'),
			('SC_DEFENSE_OF_ARGOS_PROD_SCULPTURE_FAITH',			'GreatWorkObjectType',			'GREATWORKOBJECT_SCULPTURE'),



			('SC_DEFENSE_OF_ARGOS_PROD_WRITING_PROD',				'YieldType',			'YIELD_PRODUCTION'),
			('SC_DEFENSE_OF_ARGOS_PROD_MUSIC_PROD',					'YieldType',			'YIELD_PRODUCTION'),
			('SC_DEFENSE_OF_ARGOS_PROD_RELIGIOUS_PROD',				'YieldType',			'YIELD_PRODUCTION'),
			('SC_DEFENSE_OF_ARGOS_PROD_LANDSCAPE_PROD',				'YieldType',			'YIELD_PRODUCTION'),
			('SC_DEFENSE_OF_ARGOS_PROD_PORTRAIT_PROD',				'YieldType',			'YIELD_PRODUCTION'),
			('SC_DEFENSE_OF_ARGOS_PROD_SCULPTURE_PROD',				'YieldType',			'YIELD_PRODUCTION'),

			('SC_DEFENSE_OF_ARGOS_PROD_WRITING_FAITH',				'YieldType',			'YIELD_FAITH'),
			('SC_DEFENSE_OF_ARGOS_PROD_MUSIC_FAITH',				'YieldType',			'YIELD_FAITH'),
			('SC_DEFENSE_OF_ARGOS_PROD_RELIGIOUS_FAITH',			'YieldType',			'YIELD_FAITH'),
			('SC_DEFENSE_OF_ARGOS_PROD_LANDSCAPE_FAITH',			'YieldType',			'YIELD_FAITH'),
			('SC_DEFENSE_OF_ARGOS_PROD_PORTRAIT_FAITH',				'YieldType',			'YIELD_FAITH'),
			('SC_DEFENSE_OF_ARGOS_PROD_SCULPTURE_FAITH',			'YieldType',			'YIELD_FAITH'),



			('SC_DEFENSE_OF_ARGOS_PROD_WRITING_PROD',				'YieldChange',			2),
			('SC_DEFENSE_OF_ARGOS_PROD_MUSIC_PROD',					'YieldChange',			2),
			('SC_DEFENSE_OF_ARGOS_PROD_RELIGIOUS_PROD',				'YieldChange',			2),
			('SC_DEFENSE_OF_ARGOS_PROD_LANDSCAPE_PROD',				'YieldChange',			2),
			('SC_DEFENSE_OF_ARGOS_PROD_PORTRAIT_PROD',				'YieldChange',			2),
			('SC_DEFENSE_OF_ARGOS_PROD_SCULPTURE_PROD',				'YieldChange',			2),

			('SC_DEFENSE_OF_ARGOS_PROD_WRITING_FAITH',				'YieldChange',			2),
			('SC_DEFENSE_OF_ARGOS_PROD_MUSIC_FAITH',				'YieldChange',			2),
			('SC_DEFENSE_OF_ARGOS_PROD_RELIGIOUS_FAITH',			'YieldChange',			2),
			('SC_DEFENSE_OF_ARGOS_PROD_LANDSCAPE_FAITH',			'YieldChange',			2),
			('SC_DEFENSE_OF_ARGOS_PROD_PORTRAIT_FAITH',				'YieldChange',			2),
			('SC_DEFENSE_OF_ARGOS_PROD_SCULPTURE_FAITH',			'YieldChange',			2);

INSERT INTO RequirementSets
			(RequirementSetId,									RequirementSetType)
VALUES		('REQ_SET_SC_TELESILLA_AT_WAR',						'REQUIREMENTSET_TEST_ANY');

INSERT INTO RequirementSetRequirements
			(RequirementSetId,									RequirementId)
VALUES		('REQ_SET_SC_TELESILLA_AT_WAR',						'REQ_SC_TELESILLA_AT_WAR');

INSERT INTO Requirements
			(RequirementId,										RequirementType,										Inverse)
VALUES		('REQ_SC_TELESILLA_AT_WAR',							'REQUIREMENT_PLAYER_IS_AT_PEACE_WITH_ALL_MAJORS',		1);



--- Great Person Combat Strength

INSERT INTO TraitModifiers
			(TraitType,												ModifierId)
VALUES		('TRAIT_LEADER_SC_DEFENSE_OF_ARGOS',					'SC_DEFENSE_OF_ARGOS_GREAT_WRITER_DEFENSE');

INSERT INTO Modifiers 
			(ModifierId,											ModifierType,											SubjectRequirementSetId)
VALUES		('SC_DEFENSE_OF_ARGOS_GREAT_WRITER_DEFENSE',			'MODIFIER_PLAYER_UNITS_ATTACH_MODIFIER',				'REQ_SET_SC_TELESILLA_LAND_UNIT'),
			('SC_DEFENSE_OF_ARGOS_GREAT_WRITER_DEFENSE_ATTACH',		'MODIFIER_UNIT_ADJUST_COMBAT_STRENGTH',					'REQ_SET_SC_UNIT_HAS_GP_NEAR');

INSERT INTO ModifierStrings
			(ModifierId,											Context,			Text)
VALUES		('SC_DEFENSE_OF_ARGOS_GREAT_WRITER_DEFENSE_ATTACH',		'Preview',			'LOC_SC_TELESILLA_GREAT_PERSON_STRENGTH_DESC');

INSERT INTO ModifierArguments
			(ModifierId,											Name,							Value)
VALUES		('SC_DEFENSE_OF_ARGOS_GREAT_WRITER_DEFENSE',			'ModifierId',					'SC_DEFENSE_OF_ARGOS_GREAT_WRITER_DEFENSE_ATTACH'),
			('SC_DEFENSE_OF_ARGOS_GREAT_WRITER_DEFENSE_ATTACH',		'Amount',						4);

INSERT INTO RequirementSets
			(RequirementSetId,									RequirementSetType)
VALUES		('REQ_SET_SC_UNIT_HAS_GP_NEAR',						'REQUIREMENTSET_TEST_ANY'),
			('REQ_SET_SC_TELESILLA_LAND_UNIT',					'REQUIREMENTSET_TEST_ALL');

INSERT INTO RequirementSetRequirements
			(RequirementSetId,									RequirementId)
VALUES		('REQ_SET_SC_UNIT_HAS_GP_NEAR',						'REQ_SC_TELESILLA_CITY_HAS_WRITER'),
			('REQ_SET_SC_UNIT_HAS_GP_NEAR',						'REQ_SC_TELESILLA_CITY_HAS_MUSICIAN'),
			('REQ_SET_SC_TELESILLA_LAND_UNIT',					'REQ_SC_TELESILLA_LAND_UNIT');

INSERT INTO Requirements
			(RequirementId,										RequirementType)
VALUES		('REQ_SC_TELESILLA_CITY_HAS_WRITER',				'REQUIREMENT_PLOT_ADJACENT_FRIENDLY_UNIT_TYPE_MATCHES'),
			('REQ_SC_TELESILLA_CITY_HAS_MUSICIAN',				'REQUIREMENT_PLOT_ADJACENT_FRIENDLY_UNIT_TYPE_MATCHES'),
			('REQ_SC_TELESILLA_LAND_UNIT',						'REQUIREMENT_UNIT_DOMAIN_MATCHES');

INSERT INTO RequirementArguments
			(RequirementId,										Name,					Value					)
VALUES		('REQ_SC_TELESILLA_CITY_HAS_WRITER',				'UnitType',				'UNIT_GREAT_WRITER'		),
			('REQ_SC_TELESILLA_CITY_HAS_WRITER',				'IncludeCenter',		1						),
			('REQ_SC_TELESILLA_CITY_HAS_MUSICIAN',				'UnitType',				'UNIT_GREAT_MUSICIAN'	),
			('REQ_SC_TELESILLA_CITY_HAS_MUSICIAN',				'IncludeCenter',		1						),
			('REQ_SC_TELESILLA_LAND_UNIT',						'UnitDomain',			'DOMAIN_LAND'			);

--- CIVILIZATIONS
--- Civilization Leaders
INSERT INTO CivilizationLeaders
			(CivilizationType,		LeaderType,				CapitalName)
VALUES		('CIVILIZATION_GREECE',	'LEADER_SC_TELESILLA',	'LOC_CITY_NAME_ARGOS');

--- AI
--- AiListTypes
INSERT INTO AiListTypes	
		(ListType)
VALUES	('SC_TELESILLA_Buildings'),
		('SC_TELESILLA_Civics'),
		('SC_TELESILLA_Districts'),
		('SC_TELESILLA_Techs'),
		('SC_TELESILLA_Units');

--- AiLists
INSERT INTO AiLists	
		(ListType,						LeaderType,									System)
VALUES	('SC_TELESILLA_Buildings',		'TRAIT_LEADER_SC_DEFENSE_OF_ARGOS',	'Buildings'),
		('SC_TELESILLA_Civics',			'TRAIT_LEADER_SC_DEFENSE_OF_ARGOS',	'Civics'),
		('SC_TELESILLA_Districts',		'TRAIT_LEADER_SC_DEFENSE_OF_ARGOS',	'Districts'),
		('SC_TELESILLA_Techs',			'TRAIT_LEADER_SC_DEFENSE_OF_ARGOS',	'Technologies'),
		('SC_TELESILLA_Units',			'TRAIT_LEADER_SC_DEFENSE_OF_ARGOS',	'Units');
	
--- AiFavoredItems
INSERT INTO AiFavoredItems	
		(ListType,					Favored,	Value,		Item)
VALUES	('SC_TELESILLA_Buildings',		1,			1,			'BUILDING_AMPHITHEATER'), 
		('SC_TELESILLA_Buildings',		1,			1,			'BUILDING_MUSEUM_ART'), 
		('SC_TELESILLA_Buildings',		1,			1,			'BUILDING_MUSEUM_ARTIFACT'), 
		('SC_TELESILLA_Buildings',		1,			1,			'BUILDING_BROADCAST_CENTER'), 
		('SC_TELESILLA_Buildings',		1,			1,			'BUILDING_WALLS'), 
		('SC_TELESILLA_Buildings',		1,			1,			'BUILDING_CASTLE'), 
		('SC_TELESILLA_Buildings',		1,			1,			'BUILDING_STAR_FORT'), 
		('SC_TELESILLA_Civics',			1,			1,			'CIVIC_DEFENSIVE_TACTICS'),
		('SC_TELESILLA_Districts',		1,			1,			'DISTRICT_ACROPOLIS'), 
		('SC_TELESILLA_Techs',			1,			1,			'TECH_MASONRY'),
		('SC_TELESILLA_Units',			1,			1,			'UNIT_GREEK_HOPLITE');
