-- LHM_Modifier
-- Author: Ithildin
-- DateCreated: 2/24/2024 12:38:34 AM
--------------------------------------------------------------
INSERT OR REPLACE INTO BuildingModifiers (BuildingType, ModifierId)
VALUES	('BUILDING_YUEYA_SPRING',			'MODIFIER_YUEYA_ABILITY1'),
		('BUILDING_YUEYA_SPRING',			'MODIFIER_YUEYA_ABILITY2'),
		('BUILDING_YUEYA_SPRING',			'MODIFIER_YUEYA_TRADE_TOURISM'),
		('BUILDING_YUEYA_SPRING',			'MODIFIER_YUEYA_HEAL');

INSERT OR REPLACE INTO UnitAbilityModifiers (UnitAbilityType, ModifierId)
VALUES	('ABILITY_YUEYA_SPRING',			'MODIFIER_YUEYA_HEAL1'),
		('ABILITY_YUEYA_SPRING',			'MODIFIER_YUEYA_HEAL2');

INSERT OR REPLACE INTO Modifiers (ModifierId, ModifierType, SubjectRequirementSetId)
VALUES	('MODIFIER_YUEYA_ABILITY1',			'MODIFIER_SINGLE_CITY_GRANT_ABILITY_FOR_TRAINED_UNITS',	NULL),
		('MODIFIER_YUEYA_ABILITY2',			'MODIFIER_PLAYER_UNITS_GRANT_ABILITY',					'MEDIC_HEALING_REQUIREMENTS'),
		('MODIFIER_YUEYA_TRADE_TOURISM',	'MODIFIER_PLAYER_ADJUST_TRADE_ROUTE_TOURISM_MODIFIER',	NULL),
		('MODIFIER_YUEYA_HEAL',				'MODIFIER_ALL_UNITS_ADJUST_HEAL_PER_TURN',				'MEDIC_HEALING_REQUIREMENTS'),
		('MODIFIER_YUEYA_HEAL1',			'MODIFIER_PLAYER_UNIT_GRANT_HEAL_AFTER_ACTION',			NULL),
		('MODIFIER_YUEYA_HEAL2',			'MODIFIER_PLAYER_UNIT_ADJUST_HEAL_PER_TURN',			'REQSET_YUEYA_ADJACENT_OASIS');

INSERT OR REPLACE INTO ModifierArguments (ModifierId, Name, Value)
VALUES	('MODIFIER_YUEYA_ABILITY1',			'AbilityType',	'ABILITY_YUEYA_SPRING'),
		('MODIFIER_YUEYA_ABILITY2',			'AbilityType',	'ABILITY_YUEYA_SPRING'),
		('MODIFIER_YUEYA_TRADE_TOURISM',	'Amount',		50),
		('MODIFIER_YUEYA_HEAL',				'Type',			'ALL'),
		('MODIFIER_YUEYA_HEAL',				'Amount',		75),
		('MODIFIER_YUEYA_HEAL2',			'Type',			'ALL'),
		('MODIFIER_YUEYA_HEAL2',			'Amount',		25);

INSERT OR REPLACE INTO RequirementSets (RequirementSetId, RequirementSetType)
VALUES	('REQSET_YUEYA_ADJACENT_OASIS',		'REQUIREMENTSET_TEST_ALL');

INSERT OR REPLACE INTO RequirementSetRequirements (RequirementSetId, RequirementId)
VALUES	('REQSET_YUEYA_ADJACENT_OASIS',		'REQ_YUEYA_ADJACENT_OASIS');

INSERT OR REPLACE INTO Requirements (RequirementId, RequirementType)
VALUES	('REQ_YUEYA_ADJACENT_OASIS',		'REQUIREMENT_PLOT_ADJACENT_FEATURE_TYPE_MATCHES');

INSERT OR REPLACE INTO RequirementArguments (RequirementId, Name, Value)
VALUES	('REQ_YUEYA_ADJACENT_OASIS',		'FeatureType',	'FEATURE_OASIS'), 
		('REQ_YUEYA_ADJACENT_OASIS',		'MaxRange',	1), 
		('REQ_YUEYA_ADJACENT_OASIS',		'MinRange',	0);