-- PP_ReconSiege_Gameplay
-- Author: JNR
--------------------------------------------------------------

-- Types
--------------------------------------------------------------
INSERT OR IGNORE INTO Types
		(Type,						Kind)
VALUES	('POLICY_JNR_SIEGECRAFT',	'KIND_POLICY'),
		('POLICY_JNR_FIREWORKS',	'KIND_POLICY'),
		('POLICY_JNR_PIONEERS',		'KIND_POLICY');
--------------------------------------------------------------

-- Policies
--------------------------------------------------------------
INSERT OR IGNORE INTO Policies
		(PolicyType,				GovernmentSlotType,	PrereqCivic,				Name,								Description)
VALUES	('POLICY_JNR_SIEGECRAFT',	'SLOT_MILITARY',	'CIVIC_DEFENSIVE_TACTICS',	'LOC_POLICY_JNR_SIEGECRAFT_NAME',	'LOC_POLICY_JNR_SIEGECRAFT_DESCRIPTION'),
		('POLICY_JNR_FIREWORKS',	'SLOT_MILITARY',	'CIVIC_MERCANTILISM',		'LOC_POLICY_JNR_FIREWORKS_NAME',	'LOC_POLICY_JNR_FIREWORKS_DESCRIPTION'),
		('POLICY_JNR_PIONEERS',		'SLOT_MILITARY',	'CIVIC_IDEOLOGY',			'LOC_POLICY_JNR_PIONEERS_NAME',		'LOC_POLICY_JNR_PIONEERS_DESCRIPTION');
--------------------------------------------------------------

-- ObsoletePolicies
--------------------------------------------------------------
INSERT OR IGNORE INTO ObsoletePolicies
		(PolicyType,				ObsoletePolicy)
VALUES	('POLICY_JNR_SIEGECRAFT',	'POLICY_JNR_FIREWORKS'),
		('POLICY_JNR_FIREWORKS',	'POLICY_JNR_PIONEERS');

UPDATE ObsoletePolicies SET ObsoletePolicy='POLICY_JNR_PIONEERS' WHERE PolicyType='POLICY_SURVEY';
--------------------------------------------------------------

-- Modifiers
--------------------------------------------------------------
INSERT OR IGNORE INTO Modifiers
		(ModifierId,										ModifierType)
VALUES	('AGOGE_ANCIENT_RECON_PRODUCTION',					'MODIFIER_PLAYER_CITIES_ADJUST_UNIT_TAG_ERA_PRODUCTION'),
		('AGOGE_CLASSICAL_RECON_PRODUCTION',				'MODIFIER_PLAYER_CITIES_ADJUST_UNIT_TAG_ERA_PRODUCTION'),
		('FEUDALCONTRACT_MEDIEVAL_RECON_PRODUCTION',		'MODIFIER_PLAYER_CITIES_ADJUST_UNIT_TAG_ERA_PRODUCTION'),
		('FEUDALCONTRACT_RENAISSANCE_RECON_PRODUCTION',		'MODIFIER_PLAYER_CITIES_ADJUST_UNIT_TAG_ERA_PRODUCTION'),
		('GRANDEARMEE_INDUSTRIAL_RECON_PRODUCTION',			'MODIFIER_PLAYER_CITIES_ADJUST_UNIT_TAG_ERA_PRODUCTION'),
		('GRANDEARMEE_MODERN_RECON_PRODUCTION',				'MODIFIER_PLAYER_CITIES_ADJUST_UNIT_TAG_ERA_PRODUCTION'),
		('MILITARYFIRST_ATOMIC_RECON_PRODUCTION',			'MODIFIER_PLAYER_CITIES_ADJUST_UNIT_TAG_ERA_PRODUCTION'),
		('MILITARYFIRST_INFORMATION_RECON_PRODUCTION',		'MODIFIER_PLAYER_CITIES_ADJUST_UNIT_TAG_ERA_PRODUCTION'),

		('JNR_SIEGECRAFT_ANCIENT_SIEGE_PRODUCTION',			'MODIFIER_PLAYER_CITIES_ADJUST_UNIT_TAG_ERA_PRODUCTION'),
		('JNR_SIEGECRAFT_CLASSICAL_SIEGE_PRODUCTION',		'MODIFIER_PLAYER_CITIES_ADJUST_UNIT_TAG_ERA_PRODUCTION'),
		('JNR_SIEGECRAFT_MEDIEVAL_SIEGE_PRODUCTION',		'MODIFIER_PLAYER_CITIES_ADJUST_UNIT_TAG_ERA_PRODUCTION'),
		('JNR_FIREWORKS_RENAISSANCE_SIEGE_PRODUCTION',		'MODIFIER_PLAYER_CITIES_ADJUST_UNIT_TAG_ERA_PRODUCTION'),
		('JNR_FIREWORKS_INDUSTRIAL_SIEGE_PRODUCTION',		'MODIFIER_PLAYER_CITIES_ADJUST_UNIT_TAG_ERA_PRODUCTION'),
		('LIGHTNINGWARFARE_MODERN_SIEGE_PRODUCTION',		'MODIFIER_PLAYER_CITIES_ADJUST_UNIT_TAG_ERA_PRODUCTION'),
		('LIGHTNINGWARFARE_ATOMIC_SIEGE_PRODUCTION',		'MODIFIER_PLAYER_CITIES_ADJUST_UNIT_TAG_ERA_PRODUCTION'),
		('LIGHTNINGWARFARE_INFORMATION_SIEGE_PRODUCTION',	'MODIFIER_PLAYER_CITIES_ADJUST_UNIT_TAG_ERA_PRODUCTION'),

		('JNR_SIEGECRAFT_ANCIENT_SUPPORT_PRODUCTION',		'MODIFIER_PLAYER_CITIES_ADJUST_UNIT_TAG_ERA_PRODUCTION'),
		('JNR_SIEGECRAFT_CLASSICAL_SUPPORT_PRODUCTION',		'MODIFIER_PLAYER_CITIES_ADJUST_UNIT_TAG_ERA_PRODUCTION'),
		('JNR_SIEGECRAFT_MEDIEVAL_SUPPORT_PRODUCTION',		'MODIFIER_PLAYER_CITIES_ADJUST_UNIT_TAG_ERA_PRODUCTION'),
		('JNR_FIREWORKS_RENAISSANCE_SUPPORT_PRODUCTION',	'MODIFIER_PLAYER_CITIES_ADJUST_UNIT_TAG_ERA_PRODUCTION'),
		('JNR_FIREWORKS_INDUSTRIAL_SUPPORT_PRODUCTION',		'MODIFIER_PLAYER_CITIES_ADJUST_UNIT_TAG_ERA_PRODUCTION'),

		('JNR_PIONEERS_ANCIENT_SUPPORT_PRODUCTION',			'MODIFIER_PLAYER_CITIES_ADJUST_UNIT_TAG_ERA_PRODUCTION'),
		('JNR_PIONEERS_CLASSICAL_SUPPORT_PRODUCTION',		'MODIFIER_PLAYER_CITIES_ADJUST_UNIT_TAG_ERA_PRODUCTION'),
		('JNR_PIONEERS_MEDIEVAL_SUPPORT_PRODUCTION',		'MODIFIER_PLAYER_CITIES_ADJUST_UNIT_TAG_ERA_PRODUCTION'),
		('JNR_PIONEERS_RENAISSANCE_SUPPORT_PRODUCTION',		'MODIFIER_PLAYER_CITIES_ADJUST_UNIT_TAG_ERA_PRODUCTION'),
		('JNR_PIONEERS_INDUSTRIAL_SUPPORT_PRODUCTION',		'MODIFIER_PLAYER_CITIES_ADJUST_UNIT_TAG_ERA_PRODUCTION');
--------------------------------------------------------------

-- ModifierArguments
--------------------------------------------------------------
INSERT OR IGNORE INTO ModifierArguments
		(ModifierId,										Name,					Value,						Extra)
VALUES	('AGOGE_ANCIENT_RECON_PRODUCTION',					'UnitPromotionClass',	'PROMOTION_CLASS_RECON',	-1),
		('AGOGE_ANCIENT_RECON_PRODUCTION',					'EraType',				'ERA_ANCIENT',				-1),
		('AGOGE_ANCIENT_RECON_PRODUCTION',					'Amount',				50,							-1),
		('AGOGE_CLASSICAL_RECON_PRODUCTION',				'UnitPromotionClass',	'PROMOTION_CLASS_RECON',	-1),
		('AGOGE_CLASSICAL_RECON_PRODUCTION',				'EraType',				'ERA_CLASSICAL',			-1),
		('AGOGE_CLASSICAL_RECON_PRODUCTION',				'Amount',				50,							-1),
		('FEUDALCONTRACT_MEDIEVAL_RECON_PRODUCTION',		'UnitPromotionClass',	'PROMOTION_CLASS_RECON',	-1),
		('FEUDALCONTRACT_MEDIEVAL_RECON_PRODUCTION',		'EraType',				'ERA_MEDIEVAL',				-1),
		('FEUDALCONTRACT_MEDIEVAL_RECON_PRODUCTION',		'Amount',				50,							-1),
		('FEUDALCONTRACT_RENAISSANCE_RECON_PRODUCTION',		'UnitPromotionClass',	'PROMOTION_CLASS_RECON',	-1),
		('FEUDALCONTRACT_RENAISSANCE_RECON_PRODUCTION',		'EraType',				'ERA_RENAISSANCE',			-1),
		('FEUDALCONTRACT_RENAISSANCE_RECON_PRODUCTION',		'Amount',				50,							-1),
		('GRANDEARMEE_INDUSTRIAL_RECON_PRODUCTION',			'UnitPromotionClass',	'PROMOTION_CLASS_RECON',	-1),
		('GRANDEARMEE_INDUSTRIAL_RECON_PRODUCTION',			'EraType',				'ERA_INDUSTRIAL',			-1),
		('GRANDEARMEE_INDUSTRIAL_RECON_PRODUCTION',			'Amount',				50,							-1),
		('GRANDEARMEE_MODERN_RECON_PRODUCTION',				'UnitPromotionClass',	'PROMOTION_CLASS_RECON',	-1),
		('GRANDEARMEE_MODERN_RECON_PRODUCTION',				'EraType',				'ERA_MODERN',				-1),
		('GRANDEARMEE_MODERN_RECON_PRODUCTION',				'Amount',				50,							-1),
		('MILITARYFIRST_ATOMIC_RECON_PRODUCTION',			'UnitPromotionClass',	'PROMOTION_CLASS_RECON',	-1),
		('MILITARYFIRST_ATOMIC_RECON_PRODUCTION',			'EraType',				'ERA_ATOMIC',				-1),
		('MILITARYFIRST_ATOMIC_RECON_PRODUCTION',			'Amount',				50,							-1),
		('MILITARYFIRST_INFORMATION_RECON_PRODUCTION',		'UnitPromotionClass',	'PROMOTION_CLASS_RECON',	-1),
		('MILITARYFIRST_INFORMATION_RECON_PRODUCTION',		'EraType',				'ERA_INFORMATION',			-1),
		('MILITARYFIRST_INFORMATION_RECON_PRODUCTION',		'Amount',				50,							-1),

		('JNR_SIEGECRAFT_ANCIENT_SIEGE_PRODUCTION',			'UnitPromotionClass',	'PROMOTION_CLASS_SIEGE',	-1),
		('JNR_SIEGECRAFT_ANCIENT_SIEGE_PRODUCTION',			'EraType',				'ERA_ANCIENT',				-1),
		('JNR_SIEGECRAFT_ANCIENT_SIEGE_PRODUCTION',			'Amount',				50,							-1),
		('JNR_SIEGECRAFT_CLASSICAL_SIEGE_PRODUCTION',		'UnitPromotionClass',	'PROMOTION_CLASS_SIEGE',	-1),
		('JNR_SIEGECRAFT_CLASSICAL_SIEGE_PRODUCTION',		'EraType',				'ERA_CLASSICAL',			-1),
		('JNR_SIEGECRAFT_CLASSICAL_SIEGE_PRODUCTION',		'Amount',				50,							-1),
		('JNR_SIEGECRAFT_MEDIEVAL_SIEGE_PRODUCTION',		'UnitPromotionClass',	'PROMOTION_CLASS_SIEGE',	-1),
		('JNR_SIEGECRAFT_MEDIEVAL_SIEGE_PRODUCTION',		'EraType',				'ERA_MEDIEVAL',				-1),
		('JNR_SIEGECRAFT_MEDIEVAL_SIEGE_PRODUCTION',		'Amount',				50,							-1),
		('JNR_FIREWORKS_RENAISSANCE_SIEGE_PRODUCTION',		'UnitPromotionClass',	'PROMOTION_CLASS_SIEGE',	-1),
		('JNR_FIREWORKS_RENAISSANCE_SIEGE_PRODUCTION',		'EraType',				'ERA_RENAISSANCE',			-1),
		('JNR_FIREWORKS_RENAISSANCE_SIEGE_PRODUCTION',		'Amount',				50,							-1),
		('JNR_FIREWORKS_INDUSTRIAL_SIEGE_PRODUCTION',		'UnitPromotionClass',	'PROMOTION_CLASS_SIEGE',	-1),
		('JNR_FIREWORKS_INDUSTRIAL_SIEGE_PRODUCTION',		'EraType',				'ERA_INDUSTRIAL',			-1),
		('JNR_FIREWORKS_INDUSTRIAL_SIEGE_PRODUCTION',		'Amount',				50,							-1),
		('LIGHTNINGWARFARE_MODERN_SIEGE_PRODUCTION',		'UnitPromotionClass',	'PROMOTION_CLASS_SIEGE',	-1),
		('LIGHTNINGWARFARE_MODERN_SIEGE_PRODUCTION',		'EraType',				'ERA_MODERN',				-1),
		('LIGHTNINGWARFARE_MODERN_SIEGE_PRODUCTION',		'Amount',				50,							-1),
		('LIGHTNINGWARFARE_ATOMIC_SIEGE_PRODUCTION',		'UnitPromotionClass',	'PROMOTION_CLASS_SIEGE',	-1),
		('LIGHTNINGWARFARE_ATOMIC_SIEGE_PRODUCTION',		'EraType',				'ERA_ATOMIC',				-1),
		('LIGHTNINGWARFARE_ATOMIC_SIEGE_PRODUCTION',		'Amount',				50,							-1),
		('LIGHTNINGWARFARE_INFORMATION_SIEGE_PRODUCTION',	'UnitPromotionClass',	'PROMOTION_CLASS_SIEGE',	-1),
		('LIGHTNINGWARFARE_INFORMATION_SIEGE_PRODUCTION',	'EraType',				'ERA_INFORMATION',			-1),
		('LIGHTNINGWARFARE_INFORMATION_SIEGE_PRODUCTION',	'Amount',				50,							-1),

		('JNR_SIEGECRAFT_ANCIENT_SUPPORT_PRODUCTION',		'UnitPromotionClass',	'PROMOTION_CLASS_SUPPORT',	-1),
		('JNR_SIEGECRAFT_ANCIENT_SUPPORT_PRODUCTION',		'EraType',				'ERA_ANCIENT',				-1),
		('JNR_SIEGECRAFT_ANCIENT_SUPPORT_PRODUCTION',		'Amount',				50,							-1),
		('JNR_SIEGECRAFT_CLASSICAL_SUPPORT_PRODUCTION',		'UnitPromotionClass',	'PROMOTION_CLASS_SUPPORT',	-1),
		('JNR_SIEGECRAFT_CLASSICAL_SUPPORT_PRODUCTION',		'EraType',				'ERA_CLASSICAL',			-1),
		('JNR_SIEGECRAFT_CLASSICAL_SUPPORT_PRODUCTION',		'Amount',				50,							-1),
		('JNR_SIEGECRAFT_MEDIEVAL_SUPPORT_PRODUCTION',		'UnitPromotionClass',	'PROMOTION_CLASS_SUPPORT',	-1),
		('JNR_SIEGECRAFT_MEDIEVAL_SUPPORT_PRODUCTION',		'EraType',				'ERA_MEDIEVAL',				-1),
		('JNR_SIEGECRAFT_MEDIEVAL_SUPPORT_PRODUCTION',		'Amount',				50,							-1),
		('JNR_FIREWORKS_RENAISSANCE_SUPPORT_PRODUCTION',	'UnitPromotionClass',	'PROMOTION_CLASS_SUPPORT',	-1),
		('JNR_FIREWORKS_RENAISSANCE_SUPPORT_PRODUCTION',	'EraType',				'ERA_RENAISSANCE',			-1),
		('JNR_FIREWORKS_RENAISSANCE_SUPPORT_PRODUCTION',	'Amount',				50,							-1),
		('JNR_FIREWORKS_INDUSTRIAL_SUPPORT_PRODUCTION',		'UnitPromotionClass',	'PROMOTION_CLASS_SUPPORT',	-1),
		('JNR_FIREWORKS_INDUSTRIAL_SUPPORT_PRODUCTION',		'EraType',				'ERA_INDUSTRIAL',			-1),
		('JNR_FIREWORKS_INDUSTRIAL_SUPPORT_PRODUCTION',		'Amount',				50,							-1),

		('JNR_PIONEERS_ANCIENT_SUPPORT_PRODUCTION',			'UnitPromotionClass',	'PROMOTION_CLASS_SUPPORT',	-1),
		('JNR_PIONEERS_ANCIENT_SUPPORT_PRODUCTION',			'EraType',				'ERA_ANCIENT',				-1),
		('JNR_PIONEERS_ANCIENT_SUPPORT_PRODUCTION',			'Amount',				100,						-1),
		('JNR_PIONEERS_CLASSICAL_SUPPORT_PRODUCTION',		'UnitPromotionClass',	'PROMOTION_CLASS_SUPPORT',	-1),
		('JNR_PIONEERS_CLASSICAL_SUPPORT_PRODUCTION',		'EraType',				'ERA_CLASSICAL',			-1),
		('JNR_PIONEERS_CLASSICAL_SUPPORT_PRODUCTION',		'Amount',				100,						-1),
		('JNR_PIONEERS_MEDIEVAL_SUPPORT_PRODUCTION',		'UnitPromotionClass',	'PROMOTION_CLASS_SUPPORT',	-1),
		('JNR_PIONEERS_MEDIEVAL_SUPPORT_PRODUCTION',		'EraType',				'ERA_MEDIEVAL',				-1),
		('JNR_PIONEERS_MEDIEVAL_SUPPORT_PRODUCTION',		'Amount',				100,						-1),
		('JNR_PIONEERS_RENAISSANCE_SUPPORT_PRODUCTION',		'UnitPromotionClass',	'PROMOTION_CLASS_SUPPORT',	-1),
		('JNR_PIONEERS_RENAISSANCE_SUPPORT_PRODUCTION',		'EraType',				'ERA_RENAISSANCE',			-1),
		('JNR_PIONEERS_RENAISSANCE_SUPPORT_PRODUCTION',		'Amount',				100,						-1),
		('JNR_PIONEERS_INDUSTRIAL_SUPPORT_PRODUCTION',		'UnitPromotionClass',	'PROMOTION_CLASS_SUPPORT',	-1),
		('JNR_PIONEERS_INDUSTRIAL_SUPPORT_PRODUCTION',		'EraType',				'ERA_INDUSTRIAL',			-1),
		('JNR_PIONEERS_INDUSTRIAL_SUPPORT_PRODUCTION',		'Amount',				100,						-1);
--------------------------------------------------------------

-- PolicyModifiers
--------------------------------------------------------------
INSERT OR IGNORE INTO PolicyModifiers
		(PolicyType,					ModifierId)
VALUES	('POLICY_AGOGE',				'AGOGE_ANCIENT_RECON_PRODUCTION'),
		('POLICY_AGOGE',				'AGOGE_CLASSICAL_RECON_PRODUCTION'),
										
		('POLICY_FEUDAL_CONTRACT',		'AGOGE_ANCIENT_RECON_PRODUCTION'),
		('POLICY_FEUDAL_CONTRACT',		'AGOGE_CLASSICAL_RECON_PRODUCTION'),
		('POLICY_FEUDAL_CONTRACT',		'FEUDALCONTRACT_MEDIEVAL_RECON_PRODUCTION'),
		('POLICY_FEUDAL_CONTRACT',		'FEUDALCONTRACT_RENAISSANCE_RECON_PRODUCTION'),
										
		('POLICY_GRANDE_ARMEE',			'AGOGE_ANCIENT_RECON_PRODUCTION'),
		('POLICY_GRANDE_ARMEE',			'AGOGE_CLASSICAL_RECON_PRODUCTION'),
		('POLICY_GRANDE_ARMEE',			'FEUDALCONTRACT_MEDIEVAL_RECON_PRODUCTION'),
		('POLICY_GRANDE_ARMEE',			'FEUDALCONTRACT_RENAISSANCE_RECON_PRODUCTION'),
		('POLICY_GRANDE_ARMEE',			'GRANDEARMEE_INDUSTRIAL_RECON_PRODUCTION'),
		('POLICY_GRANDE_ARMEE',			'GRANDEARMEE_MODERN_RECON_PRODUCTION'),						

		('POLICY_MILITARY_FIRST',		'AGOGE_ANCIENT_RECON_PRODUCTION'),
		('POLICY_MILITARY_FIRST',		'AGOGE_CLASSICAL_RECON_PRODUCTION'),
		('POLICY_MILITARY_FIRST',		'FEUDALCONTRACT_MEDIEVAL_RECON_PRODUCTION'),
		('POLICY_MILITARY_FIRST',		'FEUDALCONTRACT_RENAISSANCE_RECON_PRODUCTION'),
		('POLICY_MILITARY_FIRST',		'GRANDEARMEE_INDUSTRIAL_RECON_PRODUCTION'),
		('POLICY_MILITARY_FIRST',		'GRANDEARMEE_MODERN_RECON_PRODUCTION'),
		('POLICY_MILITARY_FIRST',		'MILITARYFIRST_ATOMIC_RECON_PRODUCTION'),
		('POLICY_MILITARY_FIRST',		'MILITARYFIRST_INFORMATION_RECON_PRODUCTION'),

		('POLICY_JNR_SIEGECRAFT',		'JNR_SIEGECRAFT_ANCIENT_SIEGE_PRODUCTION'),
		('POLICY_JNR_SIEGECRAFT',		'JNR_SIEGECRAFT_CLASSICAL_SIEGE_PRODUCTION'),
		('POLICY_JNR_SIEGECRAFT',		'JNR_SIEGECRAFT_MEDIEVAL_SIEGE_PRODUCTION'),

		('POLICY_JNR_FIREWORKS',		'JNR_SIEGECRAFT_ANCIENT_SIEGE_PRODUCTION'),
		('POLICY_JNR_FIREWORKS',		'JNR_SIEGECRAFT_CLASSICAL_SIEGE_PRODUCTION'),
		('POLICY_JNR_FIREWORKS',		'JNR_SIEGECRAFT_MEDIEVAL_SIEGE_PRODUCTION'),
		('POLICY_JNR_FIREWORKS',		'JNR_FIREWORKS_RENAISSANCE_SIEGE_PRODUCTION'),
		('POLICY_JNR_FIREWORKS',		'JNR_FIREWORKS_INDUSTRIAL_SIEGE_PRODUCTION'),

		('POLICY_LIGHTNING_WARFARE',	'JNR_SIEGECRAFT_ANCIENT_SIEGE_PRODUCTION'),
		('POLICY_LIGHTNING_WARFARE',	'JNR_SIEGECRAFT_CLASSICAL_SIEGE_PRODUCTION'),
		('POLICY_LIGHTNING_WARFARE',	'JNR_SIEGECRAFT_MEDIEVAL_SIEGE_PRODUCTION'),
		('POLICY_LIGHTNING_WARFARE',	'JNR_FIREWORKS_RENAISSANCE_SIEGE_PRODUCTION'),
		('POLICY_LIGHTNING_WARFARE',	'JNR_FIREWORKS_INDUSTRIAL_SIEGE_PRODUCTION'),
		('POLICY_LIGHTNING_WARFARE',	'LIGHTNINGWARFARE_MODERN_SIEGE_PRODUCTION'),
		('POLICY_LIGHTNING_WARFARE',	'LIGHTNINGWARFARE_ATOMIC_SIEGE_PRODUCTION'),
		('POLICY_LIGHTNING_WARFARE',	'LIGHTNINGWARFARE_INFORMATION_SIEGE_PRODUCTION'),

		('POLICY_JNR_SIEGECRAFT',		'JNR_SIEGECRAFT_ANCIENT_SUPPORT_PRODUCTION'),
		('POLICY_JNR_SIEGECRAFT',		'JNR_SIEGECRAFT_CLASSICAL_SUPPORT_PRODUCTION'),
		('POLICY_JNR_SIEGECRAFT',		'JNR_SIEGECRAFT_MEDIEVAL_SUPPORT_PRODUCTION'),

		('POLICY_JNR_FIREWORKS',		'JNR_SIEGECRAFT_ANCIENT_SUPPORT_PRODUCTION'),
		('POLICY_JNR_FIREWORKS',		'JNR_SIEGECRAFT_CLASSICAL_SUPPORT_PRODUCTION'),
		('POLICY_JNR_FIREWORKS',		'JNR_SIEGECRAFT_MEDIEVAL_SUPPORT_PRODUCTION'),
		('POLICY_JNR_FIREWORKS',		'JNR_FIREWORKS_RENAISSANCE_SUPPORT_PRODUCTION'),
		('POLICY_JNR_FIREWORKS',		'JNR_FIREWORKS_INDUSTRIAL_SUPPORT_PRODUCTION'),

		('POLICY_JNR_PIONEERS',			'SURVEY_RECONUNITEXPERIENCE'),
		('POLICY_JNR_PIONEERS',			'JNR_PIONEERS_ANCIENT_SUPPORT_PRODUCTION'),
		('POLICY_JNR_PIONEERS',			'JNR_PIONEERS_CLASSICAL_SUPPORT_PRODUCTION'),
		('POLICY_JNR_PIONEERS',			'JNR_PIONEERS_MEDIEVAL_SUPPORT_PRODUCTION'),
		('POLICY_JNR_PIONEERS',			'JNR_PIONEERS_RENAISSANCE_SUPPORT_PRODUCTION'),
		('POLICY_JNR_PIONEERS',			'JNR_PIONEERS_INDUSTRIAL_SUPPORT_PRODUCTION');
--------------------------------------------------------------

-- Delete redundant policies from
-- EpsTweaks for Support Units mod
--------------------------------------------------------------
DELETE FROM Types WHERE Type='EPSTWEAK_SUPPORT_POLICY_CITIZEN_SOLDIERS';
DELETE FROM Types WHERE Type='EPSTWEAK_SUPPORT_POLICY_MM_SERVICE';	
DELETE FROM Policies WHERE PolicyType='EPSTWEAK_SUPPORT_POLICY_CITIZEN_SOLDIERS';
DELETE FROM Policies WHERE PolicyType='EPSTWEAK_SUPPORT_POLICY_MM_SERVICE';
DELETE FROM ObsoletePolicies WHERE PolicyType='EPSTWEAK_SUPPORT_POLICY_CITIZEN_SOLDIERS';
DELETE FROM ObsoletePolicies WHERE PolicyType='EPSTWEAK_SUPPORT_POLICY_MM_SERVICE';	
DELETE FROM PolicyModifiers WHERE PolicyType='EPSTWEAK_SUPPORT_POLICY_CITIZEN_SOLDIERS';
DELETE FROM PolicyModifiers WHERE PolicyType='EPSTWEAK_SUPPORT_POLICY_MM_SERVICE';
--------------------------------------------------------------