--------------------
-- Basics
--------------------

INSERT INTO Types
		(Type,									Kind)
VALUES	('BUILDING_PHANTA_GREAT_MOSQUE_DJENNE',	'KIND_BUILDING');

INSERT INTO Buildings
		(BuildingType,
		Name,
		Description,
		PrereqCivic,
		Cost,
		AdvisorType,
		MaxWorldInstances,
		IsWonder,
		RequiresPlacement,
		AdjacentDistrict,
--		RequiresReligion,
		ObsoleteEra,
		Quote)
VALUES	('BUILDING_PHANTA_GREAT_MOSQUE_DJENNE',
		'LOC_BUILDING_PHANTA_GREAT_MOSQUE_DJENNE_NAME',
		'LOC_BUILDING_PHANTA_GREAT_MOSQUE_DJENNE_DESCRIPTION',
		'CIVIC_MEDIEVAL_FAIRES',
		710,
		'ADVISOR_RELIGIOUS',
		1,
		1,
		1,
		'DISTRICT_HOLY_SITE',
--		1,
		'ERA_INDUSTRIAL',
		'LOC_BUILDING_PHANTA_GREAT_MOSQUE_DJENNE_QUOTE');

INSERT INTO Building_YieldChanges 
		(BuildingType,							YieldType,			YieldChange)
VALUES	('BUILDING_PHANTA_GREAT_MOSQUE_DJENNE',	'YIELD_FAITH',		3),
		('BUILDING_PHANTA_GREAT_MOSQUE_DJENNE',	'YIELD_GOLD',		3);

INSERT INTO Building_ValidTerrains
		(BuildingType,							TerrainType)
VALUES	('BUILDING_PHANTA_GREAT_MOSQUE_DJENNE',	'TERRAIN_PLAINS'),
		('BUILDING_PHANTA_GREAT_MOSQUE_DJENNE',	'TERRAIN_DESERT');

INSERT INTO BuildingPrereqs
		(Building,						PrereqBuilding)
VALUES ('BUILDING_PHANTA_GREAT_MOSQUE_DJENNE',	'BUILDING_TEMPLE');

--------------------
-- Bonuses
--------------------

--==== ModType and Reqset

-- Custom ModifierType

INSERT INTO Types (Type, Kind) VALUES 
('MODTYPE_PHANTA_GREAT_MOSQUE_DJENNE_CITY_TRAINED_UNITS_ATTACH_MODIFIER', 'KIND_MODIFIER');

INSERT INTO DynamicModifiers (ModifierType, CollectionType, EffectType) VALUES 
('MODTYPE_PHANTA_GREAT_MOSQUE_DJENNE_CITY_TRAINED_UNITS_ATTACH_MODIFIER', 'COLLECTION_CITY_TRAINED_UNITS', 'EFFECT_ATTACH_MODIFIER');

-- RequirementSets

INSERT INTO RequirementSets (RequirementSetId, RequirementSetType) VALUES 
('REQSET_PHANTA_GREAT_MOSQUE_DJENNE_THREE_TRADERS', 'REQUIREMENTSET_TEST_ALL'),
('REQSET_PHANTA_GREAT_MOSQUE_DJENNE_SIX_TRADERS', 'REQUIREMENTSET_TEST_ALL'),
('REQSET_PHANTA_GREAT_MOSQUE_DJENNE_NINE_TRADERS', 'REQUIREMENTSET_TEST_ALL');

INSERT INTO RequirementSetRequirements (RequirementSetId, RequirementId) VALUES 
('REQSET_PHANTA_GREAT_MOSQUE_DJENNE_THREE_TRADERS', 'REQ_PHANTA_GREAT_MOSQUE_DJENNE_THREE_TRADERS'),
('REQSET_PHANTA_GREAT_MOSQUE_DJENNE_SIX_TRADERS', 'REQ_PHANTA_GREAT_MOSQUE_DJENNE_SIX_TRADERS'),
('REQSET_PHANTA_GREAT_MOSQUE_DJENNE_NINE_TRADERS', 'REQ_PHANTA_GREAT_MOSQUE_DJENNE_NINE_TRADERS');

-- Requirements

INSERT INTO Requirements (RequirementId, RequirementType) VALUES 
('REQ_PHANTA_GREAT_MOSQUE_DJENNE_THREE_TRADERS', 'REQUIREMENT_COLLECTION_COUNT_ATLEAST'),
('REQ_PHANTA_GREAT_MOSQUE_DJENNE_SIX_TRADERS', 'REQUIREMENT_COLLECTION_COUNT_ATLEAST'),
('REQ_PHANTA_GREAT_MOSQUE_DJENNE_NINE_TRADERS', 'REQUIREMENT_COLLECTION_COUNT_ATLEAST');

INSERT INTO RequirementArguments (RequirementId, Name, Value) VALUES 
('REQ_PHANTA_GREAT_MOSQUE_DJENNE_THREE_TRADERS', 'CollectionType', 'COLLECTION_PLAYER_UNITS'), 
('REQ_PHANTA_GREAT_MOSQUE_DJENNE_THREE_TRADERS', 'Count', '3'), 
('REQ_PHANTA_GREAT_MOSQUE_DJENNE_THREE_TRADERS', 'RequirementSetId', 'UNIT_IS_TRADER'),
('REQ_PHANTA_GREAT_MOSQUE_DJENNE_SIX_TRADERS', 'CollectionType', 'COLLECTION_PLAYER_UNITS'), 
('REQ_PHANTA_GREAT_MOSQUE_DJENNE_SIX_TRADERS', 'Count', '6'), 
('REQ_PHANTA_GREAT_MOSQUE_DJENNE_SIX_TRADERS', 'RequirementSetId', 'UNIT_IS_TRADER'),
('REQ_PHANTA_GREAT_MOSQUE_DJENNE_NINE_TRADERS', 'CollectionType', 'COLLECTION_PLAYER_UNITS'), 
('REQ_PHANTA_GREAT_MOSQUE_DJENNE_NINE_TRADERS', 'Count', '9'), 
('REQ_PHANTA_GREAT_MOSQUE_DJENNE_NINE_TRADERS', 'RequirementSetId', 'UNIT_IS_TRADER');

--==== 1 Builder Movement

INSERT INTO BuildingModifiers (BuildingType, ModifierId) VALUES 
('BUILDING_PHANTA_GREAT_MOSQUE_DJENNE', 'MODFEAT_PHANTA_GREAT_MOSQUE_DJENNE_ATTACH_BUILDER_MOVEMENT_ONE'),
('BUILDING_PHANTA_GREAT_MOSQUE_DJENNE', 'MODFEAT_PHANTA_GREAT_MOSQUE_DJENNE_ATTACH_BUILDER_MOVEMENT_TWO'),
('BUILDING_PHANTA_GREAT_MOSQUE_DJENNE', 'MODFEAT_PHANTA_GREAT_MOSQUE_DJENNE_ATTACH_BUILDER_MOVEMENT_THREE');

INSERT INTO Modifiers (ModifierId, ModifierType, RunOnce, Permanent, NewOnly, OwnerRequirementSetId, SubjectRequirementSetId) VALUES 
('MODFEAT_PHANTA_GREAT_MOSQUE_DJENNE_ATTACH_BUILDER_MOVEMENT_ONE', 'MODTYPE_PHANTA_GREAT_MOSQUE_DJENNE_CITY_TRAINED_UNITS_ATTACH_MODIFIER', 0, 1, 0, 'REQSET_PHANTA_GREAT_MOSQUE_DJENNE_THREE_TRADERS', 'UNIT_IS_BUILDER'),
('MODFEAT_PHANTA_GREAT_MOSQUE_DJENNE_ATTACH_BUILDER_MOVEMENT_TWO', 'MODTYPE_PHANTA_GREAT_MOSQUE_DJENNE_CITY_TRAINED_UNITS_ATTACH_MODIFIER', 0, 1, 0, 'REQSET_PHANTA_GREAT_MOSQUE_DJENNE_SIX_TRADERS', 'UNIT_IS_BUILDER'),
('MODFEAT_PHANTA_GREAT_MOSQUE_DJENNE_ATTACH_BUILDER_MOVEMENT_THREE', 'MODTYPE_PHANTA_GREAT_MOSQUE_DJENNE_CITY_TRAINED_UNITS_ATTACH_MODIFIER', 0, 1, 0, 'REQSET_PHANTA_GREAT_MOSQUE_DJENNE_NINE_TRADERS', 'UNIT_IS_BUILDER'),
('MODFEAT_PHANTA_GREAT_MOSQUE_DJENNE_BUILDER_MOVEMENT', 'MODIFIER_PLAYER_UNIT_ADJUST_MOVEMENT', 0, 0, 0, NULL, NULL);

INSERT INTO ModifierArguments (ModifierId, Name, Value) VALUES 
('MODFEAT_PHANTA_GREAT_MOSQUE_DJENNE_ATTACH_BUILDER_MOVEMENT_ONE', 'ModifierId', 'MODFEAT_PHANTA_GREAT_MOSQUE_DJENNE_BUILDER_MOVEMENT'),
('MODFEAT_PHANTA_GREAT_MOSQUE_DJENNE_ATTACH_BUILDER_MOVEMENT_TWO', 'ModifierId', 'MODFEAT_PHANTA_GREAT_MOSQUE_DJENNE_BUILDER_MOVEMENT'),
('MODFEAT_PHANTA_GREAT_MOSQUE_DJENNE_ATTACH_BUILDER_MOVEMENT_THREE', 'ModifierId', 'MODFEAT_PHANTA_GREAT_MOSQUE_DJENNE_BUILDER_MOVEMENT'),
('MODFEAT_PHANTA_GREAT_MOSQUE_DJENNE_BUILDER_MOVEMENT', 'Amount', '1');

--==== 2 Missionary Charge

INSERT INTO BuildingModifiers (BuildingType, ModifierId) VALUES 
('BUILDING_PHANTA_GREAT_MOSQUE_DJENNE', 'MODFEAT_PHANTA_GREAT_MOSQUE_DJENNE_ATTACH_BUILDER_CHARGE_ONE'),
('BUILDING_PHANTA_GREAT_MOSQUE_DJENNE', 'MODFEAT_PHANTA_GREAT_MOSQUE_DJENNE_ATTACH_BUILDER_CHARGE_TWO'),
('BUILDING_PHANTA_GREAT_MOSQUE_DJENNE', 'MODFEAT_PHANTA_GREAT_MOSQUE_DJENNE_ATTACH_BUILDER_CHARGE_THREE');

INSERT INTO Modifiers (ModifierId, ModifierType, RunOnce, Permanent, NewOnly, OwnerRequirementSetId, SubjectRequirementSetId) VALUES 
('MODFEAT_PHANTA_GREAT_MOSQUE_DJENNE_ATTACH_BUILDER_CHARGE_ONE', 'MODTYPE_PHANTA_GREAT_MOSQUE_DJENNE_CITY_TRAINED_UNITS_ATTACH_MODIFIER', 0, 1, 0, 'REQSET_PHANTA_GREAT_MOSQUE_DJENNE_THREE_TRADERS', 'UNIT_IS_BUILDER'),
('MODFEAT_PHANTA_GREAT_MOSQUE_DJENNE_ATTACH_BUILDER_CHARGE_TWO', 'MODTYPE_PHANTA_GREAT_MOSQUE_DJENNE_CITY_TRAINED_UNITS_ATTACH_MODIFIER', 0, 1, 0, 'REQSET_PHANTA_GREAT_MOSQUE_DJENNE_SIX_TRADERS', 'UNIT_IS_BUILDER'),
('MODFEAT_PHANTA_GREAT_MOSQUE_DJENNE_ATTACH_BUILDER_CHARGE_THREE', 'MODTYPE_PHANTA_GREAT_MOSQUE_DJENNE_CITY_TRAINED_UNITS_ATTACH_MODIFIER', 0, 1, 0, 'REQSET_PHANTA_GREAT_MOSQUE_DJENNE_NINE_TRADERS', 'UNIT_IS_BUILDER'),
('MODFEAT_PHANTA_GREAT_MOSQUE_DJENNE_BUILDER_CHARGE', 'MODTYPE_PHANTA_GREAT_MOSQUE_DJENNE_OWNER_BUILDER_CHARGES', 0, 0, 0, NULL, NULL);

INSERT INTO ModifierArguments (ModifierId, Name, Value) VALUES 
('MODFEAT_PHANTA_GREAT_MOSQUE_DJENNE_ATTACH_BUILDER_CHARGE_ONE', 'ModifierId', 'MODFEAT_PHANTA_GREAT_MOSQUE_DJENNE_BUILDER_CHARGE'),
('MODFEAT_PHANTA_GREAT_MOSQUE_DJENNE_ATTACH_BUILDER_CHARGE_TWO', 'ModifierId', 'MODFEAT_PHANTA_GREAT_MOSQUE_DJENNE_BUILDER_CHARGE'),
('MODFEAT_PHANTA_GREAT_MOSQUE_DJENNE_ATTACH_BUILDER_CHARGE_THREE', 'ModifierId', 'MODFEAT_PHANTA_GREAT_MOSQUE_DJENNE_BUILDER_CHARGE'),
('MODFEAT_PHANTA_GREAT_MOSQUE_DJENNE_BUILDER_CHARGE', 'Amount', '1');

-- Custom ModifierType

INSERT INTO Types (Type, Kind) VALUES 
('MODTYPE_PHANTA_GREAT_MOSQUE_DJENNE_OWNER_BUILDER_CHARGES', 'KIND_MODIFIER');

INSERT INTO DynamicModifiers (ModifierType, CollectionType, EffectType) VALUES 
('MODTYPE_PHANTA_GREAT_MOSQUE_DJENNE_OWNER_BUILDER_CHARGES', 'COLLECTION_OWNER', 'EFFECT_ADJUST_UNIT_BUILD_CHARGES');

--==== 3 Missionary Movement

INSERT INTO BuildingModifiers (BuildingType, ModifierId) VALUES 
('BUILDING_PHANTA_GREAT_MOSQUE_DJENNE', 'MODFEAT_PHANTA_GREAT_MOSQUE_DJENNE_ATTACH_MISSIONARY_MOVEMENT_ONE'),
('BUILDING_PHANTA_GREAT_MOSQUE_DJENNE', 'MODFEAT_PHANTA_GREAT_MOSQUE_DJENNE_ATTACH_MISSIONARY_MOVEMENT_TWO'),
('BUILDING_PHANTA_GREAT_MOSQUE_DJENNE', 'MODFEAT_PHANTA_GREAT_MOSQUE_DJENNE_ATTACH_MISSIONARY_MOVEMENT_THREE');

INSERT INTO Modifiers (ModifierId, ModifierType, RunOnce, Permanent, NewOnly, OwnerRequirementSetId, SubjectRequirementSetId) VALUES 
('MODFEAT_PHANTA_GREAT_MOSQUE_DJENNE_ATTACH_MISSIONARY_MOVEMENT_ONE', 'MODTYPE_PHANTA_GREAT_MOSQUE_DJENNE_CITY_TRAINED_UNITS_ATTACH_MODIFIER', 0, 1, 0, 'REQSET_PHANTA_GREAT_MOSQUE_DJENNE_THREE_TRADERS', 'UNIT_IS_MISSIONARY'),
('MODFEAT_PHANTA_GREAT_MOSQUE_DJENNE_ATTACH_MISSIONARY_MOVEMENT_TWO', 'MODTYPE_PHANTA_GREAT_MOSQUE_DJENNE_CITY_TRAINED_UNITS_ATTACH_MODIFIER', 0, 1, 0, 'REQSET_PHANTA_GREAT_MOSQUE_DJENNE_SIX_TRADERS', 'UNIT_IS_MISSIONARY'),
('MODFEAT_PHANTA_GREAT_MOSQUE_DJENNE_ATTACH_MISSIONARY_MOVEMENT_THREE', 'MODTYPE_PHANTA_GREAT_MOSQUE_DJENNE_CITY_TRAINED_UNITS_ATTACH_MODIFIER', 0, 1, 0, 'REQSET_PHANTA_GREAT_MOSQUE_DJENNE_NINE_TRADERS', 'UNIT_IS_MISSIONARY'),
('MODFEAT_PHANTA_GREAT_MOSQUE_DJENNE_MISSIONARY_MOVEMENT', 'MODIFIER_PLAYER_UNIT_ADJUST_MOVEMENT', 0, 0, 0, NULL, NULL);

INSERT INTO ModifierArguments (ModifierId, Name, Value) VALUES 
('MODFEAT_PHANTA_GREAT_MOSQUE_DJENNE_ATTACH_MISSIONARY_MOVEMENT_ONE', 'ModifierId', 'MODFEAT_PHANTA_GREAT_MOSQUE_DJENNE_MISSIONARY_MOVEMENT'),
('MODFEAT_PHANTA_GREAT_MOSQUE_DJENNE_ATTACH_MISSIONARY_MOVEMENT_TWO', 'ModifierId', 'MODFEAT_PHANTA_GREAT_MOSQUE_DJENNE_MISSIONARY_MOVEMENT'),
('MODFEAT_PHANTA_GREAT_MOSQUE_DJENNE_ATTACH_MISSIONARY_MOVEMENT_THREE', 'ModifierId', 'MODFEAT_PHANTA_GREAT_MOSQUE_DJENNE_MISSIONARY_MOVEMENT'),
('MODFEAT_PHANTA_GREAT_MOSQUE_DJENNE_MISSIONARY_MOVEMENT', 'Amount', '1');

--==== 4 Missionary Charge

INSERT INTO BuildingModifiers (BuildingType, ModifierId) VALUES 
('BUILDING_PHANTA_GREAT_MOSQUE_DJENNE', 'MODFEAT_PHANTA_GREAT_MOSQUE_DJENNE_ATTACH_MISSIONARY_CHARGE_ONE'),
('BUILDING_PHANTA_GREAT_MOSQUE_DJENNE', 'MODFEAT_PHANTA_GREAT_MOSQUE_DJENNE_ATTACH_MISSIONARY_CHARGE_TWO'),
('BUILDING_PHANTA_GREAT_MOSQUE_DJENNE', 'MODFEAT_PHANTA_GREAT_MOSQUE_DJENNE_ATTACH_MISSIONARY_CHARGE_THREE');

INSERT INTO Modifiers (ModifierId, ModifierType, RunOnce, Permanent, NewOnly, OwnerRequirementSetId, SubjectRequirementSetId) VALUES 
('MODFEAT_PHANTA_GREAT_MOSQUE_DJENNE_ATTACH_MISSIONARY_CHARGE_ONE', 'MODTYPE_PHANTA_GREAT_MOSQUE_DJENNE_CITY_TRAINED_UNITS_ATTACH_MODIFIER', 0, 1, 0, 'REQSET_PHANTA_GREAT_MOSQUE_DJENNE_THREE_TRADERS', 'UNIT_IS_MISSIONARY'),
('MODFEAT_PHANTA_GREAT_MOSQUE_DJENNE_ATTACH_MISSIONARY_CHARGE_TWO', 'MODTYPE_PHANTA_GREAT_MOSQUE_DJENNE_CITY_TRAINED_UNITS_ATTACH_MODIFIER', 0, 1, 0, 'REQSET_PHANTA_GREAT_MOSQUE_DJENNE_SIX_TRADERS', 'UNIT_IS_MISSIONARY'),
('MODFEAT_PHANTA_GREAT_MOSQUE_DJENNE_ATTACH_MISSIONARY_CHARGE_THREE', 'MODTYPE_PHANTA_GREAT_MOSQUE_DJENNE_CITY_TRAINED_UNITS_ATTACH_MODIFIER', 0, 1, 0, 'REQSET_PHANTA_GREAT_MOSQUE_DJENNE_NINE_TRADERS', 'UNIT_IS_MISSIONARY'),
('MODFEAT_PHANTA_GREAT_MOSQUE_DJENNE_MISSIONARY_CHARGE', 'MODIFIER_PLAYER_UNIT_ADJUST_SPREAD_CHARGES', 0, 0, 0, NULL, NULL);

INSERT INTO ModifierArguments (ModifierId, Name, Value) VALUES 
('MODFEAT_PHANTA_GREAT_MOSQUE_DJENNE_ATTACH_MISSIONARY_CHARGE_ONE', 'ModifierId', 'MODFEAT_PHANTA_GREAT_MOSQUE_DJENNE_MISSIONARY_CHARGE'),
('MODFEAT_PHANTA_GREAT_MOSQUE_DJENNE_ATTACH_MISSIONARY_CHARGE_TWO', 'ModifierId', 'MODFEAT_PHANTA_GREAT_MOSQUE_DJENNE_MISSIONARY_CHARGE'),
('MODFEAT_PHANTA_GREAT_MOSQUE_DJENNE_ATTACH_MISSIONARY_CHARGE_THREE', 'ModifierId', 'MODFEAT_PHANTA_GREAT_MOSQUE_DJENNE_MISSIONARY_CHARGE'),
('MODFEAT_PHANTA_GREAT_MOSQUE_DJENNE_MISSIONARY_CHARGE', 'Amount', '1');
