-- UC_DIP_City_States_Ethiopia
-- Author: JNR
--------------------------------------------------------------

-- Modifiers
--------------------------------------------------------------
UPDATE Modifiers SET SubjectRequirementSetId='BUILDING_IS_DIPLOMATIC_TIER1_JNR' WHERE ModifierId='MINOR_CIV_MILITARISTIC_PRODUCTION_FOR_CONSULATE';
UPDATE Modifiers SET SubjectRequirementSetId='BUILDING_IS_DIPLOMATIC_TIER2_JNR' WHERE ModifierId='MINOR_CIV_MILITARISTIC_PRODUCTION_FOR_CHANCERY';

UPDATE Modifiers SET SubjectRequirementSetId='BUILDING_IS_DIPLOMATIC_TIER1_JNR' WHERE ModifierId='MINOR_CIV_INDUSTRIAL_BUILDING_PRODUCTION_FOR_CONSULATE';
UPDATE Modifiers SET SubjectRequirementSetId='BUILDING_IS_DIPLOMATIC_TIER2_JNR' WHERE ModifierId='MINOR_CIV_INDUSTRIAL_BUILDING_PRODUCTION_FOR_CHANCERY';

INSERT OR IGNORE INTO Modifiers
		(ModifierId,												ModifierType,											SubjectRequirementSetId)
VALUES	('MINOR_CIV_SCIENTIFIC_MEDIUM_INFLUENCE_ETHIOPIA_2_JNR',	'MODIFIER_ALL_PLAYERS_ATTACH_MODIFIER',					'PLAYER_HAS_MEDIUM_INFLUENCE'),
		('MINOR_CIV_SCIENTIFIC_MEDIUM_INFLUENCE_ETHIOPIA_3_JNR',	'MODIFIER_ALL_PLAYERS_ATTACH_MODIFIER',					'PLAYER_HAS_MEDIUM_INFLUENCE'),
		('MINOR_CIV_SCIENTIFIC_LARGE_INFLUENCE_ETHIOPIA_2_JNR',		'MODIFIER_ALL_PLAYERS_ATTACH_MODIFIER',					'PLAYER_HAS_LARGE_INFLUENCE'),
		('MINOR_CIV_SCIENTIFIC_LARGE_INFLUENCE_ETHIOPIA_3_JNR',		'MODIFIER_ALL_PLAYERS_ATTACH_MODIFIER',					'PLAYER_HAS_LARGE_INFLUENCE'),
		('MINOR_CIV_SCIENTIFIC_YIELD_FOR_CONSULATE_SPIES_JNR',		'MODIFIER_PLAYER_CITIES_ADJUST_BUILDING_YIELD_CHANGE',	NULL),
		('MINOR_CIV_SCIENTIFIC_YIELD_FOR_CONSULATE_CITYSTATES_JNR',	'MODIFIER_PLAYER_CITIES_ADJUST_BUILDING_YIELD_CHANGE',	NULL),
		('MINOR_CIV_SCIENTIFIC_YIELD_FOR_CHANCERY_SPIES_JNR',		'MODIFIER_PLAYER_CITIES_ADJUST_BUILDING_YIELD_CHANGE',	NULL),
		('MINOR_CIV_SCIENTIFIC_YIELD_FOR_CHANCERY_CITYSTATES_JNR',	'MODIFIER_PLAYER_CITIES_ADJUST_BUILDING_YIELD_CHANGE',	NULL),

		('MINOR_CIV_RELIGIOUS_MEDIUM_INFLUENCE_ETHIOPIA_2_JNR',		'MODIFIER_ALL_PLAYERS_ATTACH_MODIFIER',					'PLAYER_HAS_MEDIUM_INFLUENCE'),
		('MINOR_CIV_RELIGIOUS_MEDIUM_INFLUENCE_ETHIOPIA_3_JNR',		'MODIFIER_ALL_PLAYERS_ATTACH_MODIFIER',					'PLAYER_HAS_MEDIUM_INFLUENCE'),
		('MINOR_CIV_RELIGIOUS_LARGE_INFLUENCE_ETHIOPIA_2_JNR',		'MODIFIER_ALL_PLAYERS_ATTACH_MODIFIER',					'PLAYER_HAS_LARGE_INFLUENCE'),
		('MINOR_CIV_RELIGIOUS_LARGE_INFLUENCE_ETHIOPIA_3_JNR',		'MODIFIER_ALL_PLAYERS_ATTACH_MODIFIER',					'PLAYER_HAS_LARGE_INFLUENCE'),
		('MINOR_CIV_RELIGIOUS_YIELD_FOR_CONSULATE_SPIES_JNR',		'MODIFIER_PLAYER_CITIES_ADJUST_BUILDING_YIELD_CHANGE',	NULL),
		('MINOR_CIV_RELIGIOUS_YIELD_FOR_CONSULATE_CITYSTATES_JNR',	'MODIFIER_PLAYER_CITIES_ADJUST_BUILDING_YIELD_CHANGE',	NULL),
		('MINOR_CIV_RELIGIOUS_YIELD_FOR_CHANCERY_SPIES_JNR',		'MODIFIER_PLAYER_CITIES_ADJUST_BUILDING_YIELD_CHANGE',	NULL),
		('MINOR_CIV_RELIGIOUS_YIELD_FOR_CHANCERY_CITYSTATES_JNR',	'MODIFIER_PLAYER_CITIES_ADJUST_BUILDING_YIELD_CHANGE',	NULL),

		('MINOR_CIV_TRADE_MEDIUM_INFLUENCE_ETHIOPIA_2_JNR',			'MODIFIER_ALL_PLAYERS_ATTACH_MODIFIER',					'PLAYER_HAS_MEDIUM_INFLUENCE'),
		('MINOR_CIV_TRADE_MEDIUM_INFLUENCE_ETHIOPIA_3_JNR',			'MODIFIER_ALL_PLAYERS_ATTACH_MODIFIER',					'PLAYER_HAS_MEDIUM_INFLUENCE'),
		('MINOR_CIV_TRADE_LARGE_INFLUENCE_ETHIOPIA_2_JNR',			'MODIFIER_ALL_PLAYERS_ATTACH_MODIFIER',					'PLAYER_HAS_LARGE_INFLUENCE'),
		('MINOR_CIV_TRADE_LARGE_INFLUENCE_ETHIOPIA_3_JNR',			'MODIFIER_ALL_PLAYERS_ATTACH_MODIFIER',					'PLAYER_HAS_LARGE_INFLUENCE'),
		('MINOR_CIV_TRADE_YIELD_FOR_CONSULATE_SPIES_JNR',			'MODIFIER_PLAYER_CITIES_ADJUST_BUILDING_YIELD_CHANGE',	NULL),
		('MINOR_CIV_TRADE_YIELD_FOR_CONSULATE_CITYSTATES_JNR',		'MODIFIER_PLAYER_CITIES_ADJUST_BUILDING_YIELD_CHANGE',	NULL),
		('MINOR_CIV_TRADE_YIELD_FOR_CHANCERY_SPIES_JNR',			'MODIFIER_PLAYER_CITIES_ADJUST_BUILDING_YIELD_CHANGE',	NULL),
		('MINOR_CIV_TRADE_YIELD_FOR_CHANCERY_CITYSTATES_JNR',		'MODIFIER_PLAYER_CITIES_ADJUST_BUILDING_YIELD_CHANGE',	NULL),

		('MINOR_CIV_CULTURAL_MEDIUM_INFLUENCE_ETHIOPIA_2_JNR',		'MODIFIER_ALL_PLAYERS_ATTACH_MODIFIER',					'PLAYER_HAS_MEDIUM_INFLUENCE'),
		('MINOR_CIV_CULTURAL_MEDIUM_INFLUENCE_ETHIOPIA_3_JNR',		'MODIFIER_ALL_PLAYERS_ATTACH_MODIFIER',					'PLAYER_HAS_MEDIUM_INFLUENCE'),
		('MINOR_CIV_CULTURAL_LARGE_INFLUENCE_ETHIOPIA_2_JNR',		'MODIFIER_ALL_PLAYERS_ATTACH_MODIFIER',					'PLAYER_HAS_LARGE_INFLUENCE'),
		('MINOR_CIV_CULTURAL_LARGE_INFLUENCE_ETHIOPIA_3_JNR',		'MODIFIER_ALL_PLAYERS_ATTACH_MODIFIER',					'PLAYER_HAS_LARGE_INFLUENCE'),
		('MINOR_CIV_CULTURAL_YIELD_FOR_CONSULATE_SPIES_JNR',		'MODIFIER_PLAYER_CITIES_ADJUST_BUILDING_YIELD_CHANGE',	NULL),
		('MINOR_CIV_CULTURAL_YIELD_FOR_CONSULATE_CITYSTATES_JNR',	'MODIFIER_PLAYER_CITIES_ADJUST_BUILDING_YIELD_CHANGE',	NULL),
		('MINOR_CIV_CULTURAL_YIELD_FOR_CHANCERY_SPIES_JNR',			'MODIFIER_PLAYER_CITIES_ADJUST_BUILDING_YIELD_CHANGE',	NULL),
		('MINOR_CIV_CULTURAL_YIELD_FOR_CHANCERY_CITYSTATES_JNR',	'MODIFIER_PLAYER_CITIES_ADJUST_BUILDING_YIELD_CHANGE',	NULL);
--------------------------------------------------------------

-- ModifierArguments
--------------------------------------------------------------
INSERT OR IGNORE INTO ModifierArguments
		(ModifierId,												Name,				Value)
VALUES	('MINOR_CIV_SCIENTIFIC_MEDIUM_INFLUENCE_ETHIOPIA_2_JNR',	'ModifierId',		'MINOR_CIV_SCIENTIFIC_YIELD_FOR_CONSULATE_SPIES_JNR'),
		('MINOR_CIV_SCIENTIFIC_MEDIUM_INFLUENCE_ETHIOPIA_3_JNR',	'ModifierId',		'MINOR_CIV_SCIENTIFIC_YIELD_FOR_CONSULATE_CITYSTATES_JNR'),
		('MINOR_CIV_SCIENTIFIC_LARGE_INFLUENCE_ETHIOPIA_2_JNR',		'ModifierId',		'MINOR_CIV_SCIENTIFIC_YIELD_FOR_CHANCERY_SPIES_JNR'),
		('MINOR_CIV_SCIENTIFIC_LARGE_INFLUENCE_ETHIOPIA_3_JNR',		'ModifierId',		'MINOR_CIV_SCIENTIFIC_YIELD_FOR_CHANCERY_CITYSTATES_JNR'),
		('MINOR_CIV_SCIENTIFIC_YIELD_FOR_CONSULATE_SPIES_JNR',		'BuildingType',		'BUILDING_JNR_CONSULATE_SPIES'),
		('MINOR_CIV_SCIENTIFIC_YIELD_FOR_CONSULATE_CITYSTATES_JNR',	'BuildingType',		'BUILDING_JNR_CONSULATE_CITYSTATES'),
		('MINOR_CIV_SCIENTIFIC_YIELD_FOR_CHANCERY_SPIES_JNR',		'BuildingType',		'BUILDING_JNR_CHANCERY_SPIES'),
		('MINOR_CIV_SCIENTIFIC_YIELD_FOR_CHANCERY_CITYSTATES_JNR',	'BuildingType',		'BUILDING_JNR_CHANCERY_CITYSTATES'),
		('MINOR_CIV_SCIENTIFIC_YIELD_FOR_CONSULATE_SPIES_JNR',		'YieldType',		'YIELD_SCIENCE'),
		('MINOR_CIV_SCIENTIFIC_YIELD_FOR_CONSULATE_CITYSTATES_JNR',	'YieldType',		'YIELD_SCIENCE'),
		('MINOR_CIV_SCIENTIFIC_YIELD_FOR_CHANCERY_SPIES_JNR',		'YieldType',		'YIELD_SCIENCE'),
		('MINOR_CIV_SCIENTIFIC_YIELD_FOR_CHANCERY_CITYSTATES_JNR',	'YieldType',		'YIELD_SCIENCE'),
		('MINOR_CIV_SCIENTIFIC_YIELD_FOR_CONSULATE_SPIES_JNR',		'Amount',			2),
		('MINOR_CIV_SCIENTIFIC_YIELD_FOR_CONSULATE_CITYSTATES_JNR',	'Amount',			2),
		('MINOR_CIV_SCIENTIFIC_YIELD_FOR_CHANCERY_SPIES_JNR',		'Amount',			3),
		('MINOR_CIV_SCIENTIFIC_YIELD_FOR_CHANCERY_CITYSTATES_JNR',	'Amount',			3),
		('MINOR_CIV_SCIENTIFIC_YIELD_FOR_CONSULATE_SPIES_JNR',		'CityStatesOnly',	1),
		('MINOR_CIV_SCIENTIFIC_YIELD_FOR_CONSULATE_CITYSTATES_JNR',	'CityStatesOnly',	1),
		('MINOR_CIV_SCIENTIFIC_YIELD_FOR_CHANCERY_SPIES_JNR',		'CityStatesOnly',	1),
		('MINOR_CIV_SCIENTIFIC_YIELD_FOR_CHANCERY_CITYSTATES_JNR',	'CityStatesOnly',	1),

		('MINOR_CIV_RELIGIOUS_MEDIUM_INFLUENCE_ETHIOPIA_2_JNR',		'ModifierId',		'MINOR_CIV_RELIGIOUS_YIELD_FOR_CONSULATE_SPIES_JNR'),
		('MINOR_CIV_RELIGIOUS_MEDIUM_INFLUENCE_ETHIOPIA_3_JNR',		'ModifierId',		'MINOR_CIV_RELIGIOUS_YIELD_FOR_CONSULATE_CITYSTATES_JNR'),
		('MINOR_CIV_RELIGIOUS_LARGE_INFLUENCE_ETHIOPIA_2_JNR',		'ModifierId',		'MINOR_CIV_RELIGIOUS_YIELD_FOR_CHANCERY_SPIES_JNR'),
		('MINOR_CIV_RELIGIOUS_LARGE_INFLUENCE_ETHIOPIA_3_JNR',		'ModifierId',		'MINOR_CIV_RELIGIOUS_YIELD_FOR_CHANCERY_CITYSTATES_JNR'),
		('MINOR_CIV_RELIGIOUS_YIELD_FOR_CONSULATE_SPIES_JNR',		'BuildingType',		'BUILDING_JNR_CONSULATE_SPIES'),
		('MINOR_CIV_RELIGIOUS_YIELD_FOR_CONSULATE_CITYSTATES_JNR',	'BuildingType',		'BUILDING_JNR_CONSULATE_CITYSTATES'),
		('MINOR_CIV_RELIGIOUS_YIELD_FOR_CHANCERY_SPIES_JNR',		'BuildingType',		'BUILDING_JNR_CHANCERY_SPIES'),
		('MINOR_CIV_RELIGIOUS_YIELD_FOR_CHANCERY_CITYSTATES_JNR',	'BuildingType',		'BUILDING_JNR_CHANCERY_CITYSTATES'),
		('MINOR_CIV_RELIGIOUS_YIELD_FOR_CONSULATE_SPIES_JNR',		'YieldType',		'YIELD_FAITH'),
		('MINOR_CIV_RELIGIOUS_YIELD_FOR_CONSULATE_CITYSTATES_JNR',	'YieldType',		'YIELD_FAITH'),
		('MINOR_CIV_RELIGIOUS_YIELD_FOR_CHANCERY_SPIES_JNR',		'YieldType',		'YIELD_FAITH'),
		('MINOR_CIV_RELIGIOUS_YIELD_FOR_CHANCERY_CITYSTATES_JNR',	'YieldType',		'YIELD_FAITH'),
		('MINOR_CIV_RELIGIOUS_YIELD_FOR_CONSULATE_SPIES_JNR',		'Amount',			2),
		('MINOR_CIV_RELIGIOUS_YIELD_FOR_CONSULATE_CITYSTATES_JNR',	'Amount',			3),
		('MINOR_CIV_RELIGIOUS_YIELD_FOR_CHANCERY_SPIES_JNR',		'Amount',			3),
		('MINOR_CIV_RELIGIOUS_YIELD_FOR_CHANCERY_CITYSTATES_JNR',	'Amount',			3),
		('MINOR_CIV_RELIGIOUS_YIELD_FOR_CONSULATE_SPIES_JNR',		'CityStatesOnly',	1),
		('MINOR_CIV_RELIGIOUS_YIELD_FOR_CONSULATE_CITYSTATES_JNR',	'CityStatesOnly',	1),
		('MINOR_CIV_RELIGIOUS_YIELD_FOR_CHANCERY_SPIES_JNR',		'CityStatesOnly',	1),
		('MINOR_CIV_RELIGIOUS_YIELD_FOR_CHANCERY_CITYSTATES_JNR',	'CityStatesOnly',	1),

		('MINOR_CIV_TRADE_MEDIUM_INFLUENCE_ETHIOPIA_2_JNR',			'ModifierId',		'MINOR_CIV_TRADE_YIELD_FOR_CONSULATE_SPIES_JNR'),
		('MINOR_CIV_TRADE_MEDIUM_INFLUENCE_ETHIOPIA_3_JNR',			'ModifierId',		'MINOR_CIV_TRADE_YIELD_FOR_CONSULATE_CITYSTATES_JNR'),
		('MINOR_CIV_TRADE_LARGE_INFLUENCE_ETHIOPIA_2_JNR',			'ModifierId',		'MINOR_CIV_TRADE_YIELD_FOR_CHANCERY_SPIES_JNR'),
		('MINOR_CIV_TRADE_LARGE_INFLUENCE_ETHIOPIA_3_JNR',			'ModifierId',		'MINOR_CIV_TRADE_YIELD_FOR_CHANCERY_CITYSTATES_JNR'),
		('MINOR_CIV_TRADE_YIELD_FOR_CONSULATE_SPIES_JNR',			'BuildingType',		'BUILDING_JNR_CONSULATE_SPIES'),
		('MINOR_CIV_TRADE_YIELD_FOR_CONSULATE_CITYSTATES_JNR',		'BuildingType',		'BUILDING_JNR_CONSULATE_CITYSTATES'),
		('MINOR_CIV_TRADE_YIELD_FOR_CHANCERY_SPIES_JNR',			'BuildingType',		'BUILDING_JNR_CHANCERY_SPIES'),
		('MINOR_CIV_TRADE_YIELD_FOR_CHANCERY_CITYSTATES_JNR',		'BuildingType',		'BUILDING_JNR_CHANCERY_CITYSTATES'),
		('MINOR_CIV_TRADE_YIELD_FOR_CONSULATE_SPIES_JNR',			'YieldType',		'YIELD_GOLD'),
		('MINOR_CIV_TRADE_YIELD_FOR_CONSULATE_CITYSTATES_JNR',		'YieldType',		'YIELD_GOLD'),
		('MINOR_CIV_TRADE_YIELD_FOR_CHANCERY_SPIES_JNR',			'YieldType',		'YIELD_GOLD'),
		('MINOR_CIV_TRADE_YIELD_FOR_CHANCERY_CITYSTATES_JNR',		'YieldType',		'YIELD_GOLD'),
		('MINOR_CIV_TRADE_YIELD_FOR_CONSULATE_SPIES_JNR',			'Amount',			4),
		('MINOR_CIV_TRADE_YIELD_FOR_CONSULATE_CITYSTATES_JNR',		'Amount',			4),
		('MINOR_CIV_TRADE_YIELD_FOR_CHANCERY_SPIES_JNR',			'Amount',			6),
		('MINOR_CIV_TRADE_YIELD_FOR_CHANCERY_CITYSTATES_JNR',		'Amount',			6),
		('MINOR_CIV_TRADE_YIELD_FOR_CONSULATE_SPIES_JNR',			'CityStatesOnly',	1),
		('MINOR_CIV_TRADE_YIELD_FOR_CONSULATE_CITYSTATES_JNR',		'CityStatesOnly',	1),
		('MINOR_CIV_TRADE_YIELD_FOR_CHANCERY_SPIES_JNR',			'CityStatesOnly',	1),
		('MINOR_CIV_TRADE_YIELD_FOR_CHANCERY_CITYSTATES_JNR',		'CityStatesOnly',	1),

		('MINOR_CIV_CULTURAL_MEDIUM_INFLUENCE_ETHIOPIA_2_JNR',		'ModifierId',		'MINOR_CIV_CULTURAL_YIELD_FOR_CONSULATE_SPIES_JNR'),
		('MINOR_CIV_CULTURAL_MEDIUM_INFLUENCE_ETHIOPIA_3_JNR',		'ModifierId',		'MINOR_CIV_CULTURAL_YIELD_FOR_CONSULATE_CITYSTATES_JNR'),
		('MINOR_CIV_CULTURAL_LARGE_INFLUENCE_ETHIOPIA_2_JNR',		'ModifierId',		'MINOR_CIV_CULTURAL_YIELD_FOR_CHANCERY_SPIES_JNR'),
		('MINOR_CIV_CULTURAL_LARGE_INFLUENCE_ETHIOPIA_3_JNR',		'ModifierId',		'MINOR_CIV_CULTURAL_YIELD_FOR_CHANCERY_CITYSTATES_JNR'),
		('MINOR_CIV_CULTURAL_YIELD_FOR_CONSULATE_SPIES_JNR',		'BuildingType',		'BUILDING_JNR_CONSULATE_SPIES'),
		('MINOR_CIV_CULTURAL_YIELD_FOR_CONSULATE_CITYSTATES_JNR',	'BuildingType',		'BUILDING_JNR_CONSULATE_CITYSTATES'),
		('MINOR_CIV_CULTURAL_YIELD_FOR_CHANCERY_SPIES_JNR',			'BuildingType',		'BUILDING_JNR_CHANCERY_SPIES'),
		('MINOR_CIV_CULTURAL_YIELD_FOR_CHANCERY_CITYSTATES_JNR',	'BuildingType',		'BUILDING_JNR_CHANCERY_CITYSTATES'),
		('MINOR_CIV_CULTURAL_YIELD_FOR_CONSULATE_SPIES_JNR',		'YieldType',		'YIELD_CULTURE'),
		('MINOR_CIV_CULTURAL_YIELD_FOR_CONSULATE_CITYSTATES_JNR',	'YieldType',		'YIELD_CULTURE'),
		('MINOR_CIV_CULTURAL_YIELD_FOR_CHANCERY_SPIES_JNR',			'YieldType',		'YIELD_CULTURE'),
		('MINOR_CIV_CULTURAL_YIELD_FOR_CHANCERY_CITYSTATES_JNR',	'YieldType',		'YIELD_CULTURE'),
		('MINOR_CIV_CULTURAL_YIELD_FOR_CONSULATE_SPIES_JNR',		'Amount',			2),
		('MINOR_CIV_CULTURAL_YIELD_FOR_CONSULATE_CITYSTATES_JNR',	'Amount',			2),
		('MINOR_CIV_CULTURAL_YIELD_FOR_CHANCERY_SPIES_JNR',			'Amount',			3),
		('MINOR_CIV_CULTURAL_YIELD_FOR_CHANCERY_CITYSTATES_JNR',	'Amount',			3),
		('MINOR_CIV_CULTURAL_YIELD_FOR_CONSULATE_SPIES_JNR',		'CityStatesOnly',	1),
		('MINOR_CIV_CULTURAL_YIELD_FOR_CONSULATE_CITYSTATES_JNR',	'CityStatesOnly',	1),
		('MINOR_CIV_CULTURAL_YIELD_FOR_CHANCERY_SPIES_JNR',			'CityStatesOnly',	1),
		('MINOR_CIV_CULTURAL_YIELD_FOR_CHANCERY_CITYSTATES_JNR',	'CityStatesOnly',	1);
--------------------------------------------------------------

-- TraitModifiers
--------------------------------------------------------------
INSERT OR IGNORE INTO TraitModifiers
		(TraitType,						ModifierId)
VALUES	('MINOR_CIV_SCIENTIFIC_TRAIT',	'MINOR_CIV_SCIENTIFIC_MEDIUM_INFLUENCE_ETHIOPIA_2_JNR'),
		('MINOR_CIV_SCIENTIFIC_TRAIT',	'MINOR_CIV_SCIENTIFIC_MEDIUM_INFLUENCE_ETHIOPIA_3_JNR'),
		('MINOR_CIV_SCIENTIFIC_TRAIT',	'MINOR_CIV_SCIENTIFIC_LARGE_INFLUENCE_ETHIOPIA_2_JNR'),
		('MINOR_CIV_SCIENTIFIC_TRAIT',	'MINOR_CIV_SCIENTIFIC_LARGE_INFLUENCE_ETHIOPIA_3_JNR'),

		('MINOR_CIV_RELIGIOUS_TRAIT',	'MINOR_CIV_RELIGIOUS_MEDIUM_INFLUENCE_ETHIOPIA_2_JNR'),
		('MINOR_CIV_RELIGIOUS_TRAIT',	'MINOR_CIV_RELIGIOUS_MEDIUM_INFLUENCE_ETHIOPIA_3_JNR'),
		('MINOR_CIV_RELIGIOUS_TRAIT',	'MINOR_CIV_RELIGIOUS_LARGE_INFLUENCE_ETHIOPIA_2_JNR'),
		('MINOR_CIV_RELIGIOUS_TRAIT',	'MINOR_CIV_RELIGIOUS_LARGE_INFLUENCE_ETHIOPIA_3_JNR'),

		('MINOR_CIV_TRADE_TRAIT',		'MINOR_CIV_TRADE_MEDIUM_INFLUENCE_ETHIOPIA_2_JNR'),
		('MINOR_CIV_TRADE_TRAIT',		'MINOR_CIV_TRADE_MEDIUM_INFLUENCE_ETHIOPIA_3_JNR'),
		('MINOR_CIV_TRADE_TRAIT',		'MINOR_CIV_TRADE_LARGE_INFLUENCE_ETHIOPIA_2_JNR'),
		('MINOR_CIV_TRADE_TRAIT',		'MINOR_CIV_TRADE_LARGE_INFLUENCE_ETHIOPIA_3_JNR'),

		('MINOR_CIV_CULTURAL_TRAIT',	'MINOR_CIV_CULTURAL_MEDIUM_INFLUENCE_ETHIOPIA_2_JNR'),
		('MINOR_CIV_CULTURAL_TRAIT',	'MINOR_CIV_CULTURAL_MEDIUM_INFLUENCE_ETHIOPIA_3_JNR'),
		('MINOR_CIV_CULTURAL_TRAIT',	'MINOR_CIV_CULTURAL_LARGE_INFLUENCE_ETHIOPIA_2_JNR'),
		('MINOR_CIV_CULTURAL_TRAIT',	'MINOR_CIV_CULTURAL_LARGE_INFLUENCE_ETHIOPIA_3_JNR');
--------------------------------------------------------------