-- 6T_GE_Great_Explorers
-- Author: JNR
--------------------------------------------------------------

-- Types
--------------------------------------------------------------
INSERT OR IGNORE INTO Types
		(Type,													Kind)
VALUES	('GREAT_PERSON_INDIVIDUAL_JNR_IBN_BATTUTA',				'KIND_GREAT_PERSON_INDIVIDUAL'),
		('GREAT_PERSON_INDIVIDUAL_JNR_TOPA_INCA_YUPANQUI',		'KIND_GREAT_PERSON_INDIVIDUAL'),
		('GREAT_PERSON_INDIVIDUAL_JNR_VASCO_DA_GAMA',			'KIND_GREAT_PERSON_INDIVIDUAL'),

		('GREAT_PERSON_INDIVIDUAL_JNR_BUNGAREE',				'KIND_GREAT_PERSON_INDIVIDUAL'),
		('GREAT_PERSON_INDIVIDUAL_JNR_CARL_LINNAEUS',			'KIND_GREAT_PERSON_INDIVIDUAL'),
		('GREAT_PERSON_INDIVIDUAL_JNR_JOHN_KIZELL',				'KIND_GREAT_PERSON_INDIVIDUAL'),
		('GREAT_PERSON_INDIVIDUAL_JNR_SACAGAWEA',				'KIND_GREAT_PERSON_INDIVIDUAL'),

		('GREAT_PERSON_INDIVIDUAL_JNR_ALEXANDER_VON_HUMBOLDT',	'KIND_GREAT_PERSON_INDIVIDUAL'),
		('GREAT_PERSON_INDIVIDUAL_JNR_ISABELLA_BIRD',			'KIND_GREAT_PERSON_INDIVIDUAL'),
		('GREAT_PERSON_INDIVIDUAL_JNR_PYOTR_KROPOTKIN',			'KIND_GREAT_PERSON_INDIVIDUAL'),

		('GREAT_PERSON_INDIVIDUAL_JNR_CANDIDO_RONDON',			'KIND_GREAT_PERSON_INDIVIDUAL'),
		('GREAT_PERSON_INDIVIDUAL_JNR_FRIDTJOF_NANSEN',			'KIND_GREAT_PERSON_INDIVIDUAL'),
		('GREAT_PERSON_INDIVIDUAL_JNR_NELLIE_BLY',				'KIND_GREAT_PERSON_INDIVIDUAL'),
		('GREAT_PERSON_INDIVIDUAL_JNR_ROALD_AMUNDSEN',			'KIND_GREAT_PERSON_INDIVIDUAL'),

		('GREAT_PERSON_INDIVIDUAL_JNR_ALFRED_WEGENER',			'KIND_GREAT_PERSON_INDIVIDUAL'),
		('GREAT_PERSON_INDIVIDUAL_JNR_EVA_DICKSON',				'KIND_GREAT_PERSON_INDIVIDUAL'),
		('GREAT_PERSON_INDIVIDUAL_JNR_VAINO_AUER',				'KIND_GREAT_PERSON_INDIVIDUAL'),

		('GREAT_PERSON_INDIVIDUAL_JNR_JACQUES_YVES_COUSTEAU',	'KIND_GREAT_PERSON_INDIVIDUAL'),
		('GREAT_PERSON_INDIVIDUAL_JNR_MARIA_KLENOVA',			'KIND_GREAT_PERSON_INDIVIDUAL'),
		('GREAT_PERSON_INDIVIDUAL_JNR_TENZING_NORGAY',			'KIND_GREAT_PERSON_INDIVIDUAL');
--------------------------------------------------------------

-- GreatPersonIndividuals
--------------------------------------------------------------
UPDATE GreatPersonIndividuals SET GreatPersonClassType='GREAT_PERSON_CLASS_JNR_EXPLORER' WHERE GreatPersonIndividualType='GREAT_PERSON_INDIVIDUAL_CHARLES_DARWIN';

INSERT OR IGNORE INTO GreatPersonIndividuals
		(GreatPersonIndividualType,								Name,															GreatPersonClassType,				EraType,			Gender,	ActionEffectTileHighlighting,	ActionCharges,	ActionRequiresOwnedTile,	ActionRequiresOnOrAdjacentFeatureType,	ActionEffectTextOverride)
VALUES	('GREAT_PERSON_INDIVIDUAL_JNR_IBN_BATTUTA',				'LOC_GREAT_PERSON_INDIVIDUAL_JNR_IBN_BATTUTA_NAME',				'GREAT_PERSON_CLASS_JNR_EXPLORER',	'ERA_MEDIEVAL',		'M',	1,								1,				1,							NULL,									'LOC_GREATPERSON_JNR_IBN_BATTUTA_ACTIVE'),
		('GREAT_PERSON_INDIVIDUAL_JNR_TOPA_INCA_YUPANQUI',		'LOC_GREAT_PERSON_INDIVIDUAL_JNR_TOPA_INCA_YUPANQUI_NAME',		'GREAT_PERSON_CLASS_JNR_EXPLORER',	'ERA_MEDIEVAL',		'M',	1,								1,				0,							NULL,									'LOC_GREATPERSON_JNR_TOPA_INCA_YUPANQUI_ACTIVE'),
		('GREAT_PERSON_INDIVIDUAL_JNR_VASCO_DA_GAMA',			'LOC_GREAT_PERSON_INDIVIDUAL_JNR_VASCO_DA_GAMA_NAME',			'GREAT_PERSON_CLASS_JNR_EXPLORER',	'ERA_MEDIEVAL',		'M',	1,								1,				0,							NULL,									'LOC_GREATPERSON_JNR_VASCO_DA_GAMA_ACTIVE'),

		('GREAT_PERSON_INDIVIDUAL_JNR_BUNGAREE',				'LOC_GREAT_PERSON_INDIVIDUAL_JNR_BUNGAREE_NAME',				'GREAT_PERSON_CLASS_JNR_EXPLORER',	'ERA_RENAISSANCE',	'M',	1,								1,				0,							'FEATURE_REEF',							'LOC_GREATPERSON_JNR_BUNGAREE_ACTIVE'),
		('GREAT_PERSON_INDIVIDUAL_JNR_CARL_LINNAEUS',			'LOC_GREAT_PERSON_INDIVIDUAL_JNR_CARL_LINNAEUS_NAME',			'GREAT_PERSON_CLASS_JNR_EXPLORER',	'ERA_RENAISSANCE',	'M',	1,								1,				0,							'FEATURE_FOREST',						'LOC_GREATPERSON_JNR_CARL_LINNAEUS_ACTIVE'),
		('GREAT_PERSON_INDIVIDUAL_JNR_JOHN_KIZELL',				'LOC_GREAT_PERSON_INDIVIDUAL_JNR_JOHN_KIZELL_NAME',				'GREAT_PERSON_CLASS_JNR_EXPLORER',	'ERA_RENAISSANCE',	'M',	1,								1,				1,							NULL,									'LOC_GREATPERSON_JNR_JOHN_KIZELL_ACTIVE'),
		('GREAT_PERSON_INDIVIDUAL_JNR_SACAGAWEA',				'LOC_GREAT_PERSON_INDIVIDUAL_JNR_SACAGAWEA_NAME',				'GREAT_PERSON_CLASS_JNR_EXPLORER',	'ERA_RENAISSANCE',	'F',	1,								3,				0,							NULL,									'LOC_GREATPERSON_JNR_SACAGAWEA_ACTIVE'),

		('GREAT_PERSON_INDIVIDUAL_JNR_ALEXANDER_VON_HUMBOLDT',	'LOC_GREAT_PERSON_INDIVIDUAL_JNR_ALEXANDER_VON_HUMBOLDT_NAME',	'GREAT_PERSON_CLASS_JNR_EXPLORER',	'ERA_INDUSTRIAL',	'M',	1,								1,				0,							NULL,									'LOC_GREATPERSON_JNR_ALEXANDER_VON_HUMBOLDT_ACTIVE'),
		('GREAT_PERSON_INDIVIDUAL_JNR_ISABELLA_BIRD',			'LOC_GREAT_PERSON_INDIVIDUAL_JNR_ISABELLA_BIRD_NAME',			'GREAT_PERSON_CLASS_JNR_EXPLORER',	'ERA_INDUSTRIAL',	'F',	1,								1,				0,							'FEATURE_VOLCANO',						'LOC_GREATPERSON_JNR_ISABELLA_BIRD_ACTIVE'),
		('GREAT_PERSON_INDIVIDUAL_JNR_PYOTR_KROPOTKIN',			'LOC_GREAT_PERSON_INDIVIDUAL_JNR_PYOTR_KROPOTKIN_NAME',			'GREAT_PERSON_CLASS_JNR_EXPLORER',	'ERA_INDUSTRIAL',	'M',	1,								1,				1,							NULL,									'LOC_GREATPERSON_JNR_PYOTR_KROPOTKIN_ACTIVE'),

		('GREAT_PERSON_INDIVIDUAL_JNR_CANDIDO_RONDON',			'LOC_GREAT_PERSON_INDIVIDUAL_JNR_CANDIDO_RONDON_NAME',			'GREAT_PERSON_CLASS_JNR_EXPLORER',	'ERA_MODERN',		'M',	1,								1,				0,							'FEATURE_JUNGLE',						'LOC_GREATPERSON_JNR_CANDIDO_RONDON_ACTIVE'),
		('GREAT_PERSON_INDIVIDUAL_JNR_FRIDTJOF_NANSEN',			'LOC_GREAT_PERSON_INDIVIDUAL_JNR_FRIDTJOF_NANSEN_NAME',			'GREAT_PERSON_CLASS_JNR_EXPLORER',	'ERA_MODERN',		'M',	1,								1,				1,							NULL,									'LOC_GREATPERSON_JNR_FRIDTJOF_NANSEN_ACTIVE'),
		('GREAT_PERSON_INDIVIDUAL_JNR_NELLIE_BLY',				'LOC_GREAT_PERSON_INDIVIDUAL_JNR_NELLIE_BLY_NAME',				'GREAT_PERSON_CLASS_JNR_EXPLORER',	'ERA_MODERN',		'F',	1,								1,				0,							NULL,									'LOC_GREATPERSON_JNR_NELLIE_BLY_ACTIVE'),
		('GREAT_PERSON_INDIVIDUAL_JNR_ROALD_AMUNDSEN',			'LOC_GREAT_PERSON_INDIVIDUAL_JNR_ROALD_AMUNDSEN_NAME',			'GREAT_PERSON_CLASS_JNR_EXPLORER',	'ERA_MODERN',		'M',	0,								1,				0,							NULL,									'LOC_GREATPERSON_JNR_ROALD_AMUNDSEN_ACTIVE'),

		('GREAT_PERSON_INDIVIDUAL_JNR_ALFRED_WEGENER',			'LOC_GREAT_PERSON_INDIVIDUAL_JNR_ALFRED_WEGENER_NAME',			'GREAT_PERSON_CLASS_JNR_EXPLORER',	'ERA_ATOMIC',		'M',	1,								1,				0,							'FEATURE_GEOTHERMAL_FISSURE',			'LOC_GREATPERSON_JNR_ALFRED_WEGENER_ACTIVE'),
		('GREAT_PERSON_INDIVIDUAL_JNR_EVA_DICKSON',				'LOC_GREAT_PERSON_INDIVIDUAL_JNR_EVA_DICKSON_NAME',				'GREAT_PERSON_CLASS_JNR_EXPLORER',	'ERA_ATOMIC',		'F',	1,								1,				0,							'FEATURE_OASIS',						'LOC_GREATPERSON_JNR_EVA_DICKSON_ACTIVE'),
		('GREAT_PERSON_INDIVIDUAL_JNR_VAINO_AUER',				'LOC_GREAT_PERSON_INDIVIDUAL_JNR_VAINO_AUER_NAME',				'GREAT_PERSON_CLASS_JNR_EXPLORER',	'ERA_ATOMIC',		'M',	1,								1,				0,							'FEATURE_MARSH',						'LOC_GREATPERSON_JNR_VAINO_AUER_ACTIVE'),

		('GREAT_PERSON_INDIVIDUAL_JNR_JACQUES_YVES_COUSTEAU',	'LOC_GREAT_PERSON_INDIVIDUAL_JNR_JACQUES_YVES_COUSTEAU_NAME',	'GREAT_PERSON_CLASS_JNR_EXPLORER',	'ERA_INFORMATION',	'M',	1,								1,				1,							NULL,									'LOC_GREATPERSON_JNR_JACQUES_YVES_COUSTEAU_ACTIVE_250'),
		('GREAT_PERSON_INDIVIDUAL_JNR_MARIA_KLENOVA',			'LOC_GREAT_PERSON_INDIVIDUAL_JNR_MARIA_KLENOVA_NAME',			'GREAT_PERSON_CLASS_JNR_EXPLORER',	'ERA_INFORMATION',	'F',	1,								1,				0,							'FEATURE_ICE',							'LOC_GREATPERSON_JNR_MARIA_KLENOVA_ACTIVE'),
		('GREAT_PERSON_INDIVIDUAL_JNR_TENZING_NORGAY',			'LOC_GREAT_PERSON_INDIVIDUAL_JNR_TENZING_NORGAY_NAME',			'GREAT_PERSON_CLASS_JNR_EXPLORER',	'ERA_INFORMATION',	'M',	1,								1,				0,							NULL,									'LOC_GREATPERSON_JNR_TENZING_NORGAY_ACTIVE');

UPDATE GreatPersonIndividuals SET ActionRequiresCompletedDistrictType='DISTRICT_CITY_CENTER'								WHERE GreatPersonIndividualType='GREAT_PERSON_INDIVIDUAL_JNR_JOHN_KIZELL';

UPDATE GreatPersonIndividuals SET ActionRequiresCompletedDistrictType='DISTRICT_COMMERCIAL_HUB'								WHERE GreatPersonIndividualType='GREAT_PERSON_INDIVIDUAL_JNR_IBN_BATTUTA';
UPDATE GreatPersonIndividuals SET ActionRequiresMilitaryUnitDomain='DOMAIN_SEA'												WHERE GreatPersonIndividualType='GREAT_PERSON_INDIVIDUAL_JNR_TOPA_INCA_YUPANQUI';
UPDATE GreatPersonIndividuals SET ActionRequiresMilitaryUnitDomain='DOMAIN_SEA',		ActionRequiresCityStateTerritory=1	WHERE GreatPersonIndividualType='GREAT_PERSON_INDIVIDUAL_JNR_VASCO_DA_GAMA';
UPDATE GreatPersonIndividuals SET ActionRequiresUnownedTile=1,							ActionRequiresAdjacentOwnedTile=1	WHERE GreatPersonIndividualType='GREAT_PERSON_INDIVIDUAL_JNR_SACAGAWEA';
UPDATE GreatPersonIndividuals SET ActionRequiresOnOrAdjacentNaturalWonder=1,			ActionRequiresNonHostileTerritory=1	WHERE GreatPersonIndividualType='GREAT_PERSON_INDIVIDUAL_JNR_ALEXANDER_VON_HUMBOLDT';
UPDATE GreatPersonIndividuals SET ActionRequiresCompletedDistrictType='DISTRICT_HARBOR'										WHERE GreatPersonIndividualType='GREAT_PERSON_INDIVIDUAL_JNR_FRIDTJOF_NANSEN';
UPDATE GreatPersonIndividuals SET ActionRequiresAdjacentMountain=1,						ActionRequiresNonHostileTerritory=1	WHERE GreatPersonIndividualType='GREAT_PERSON_INDIVIDUAL_JNR_TENZING_NORGAY';
UPDATE GreatPersonIndividuals SET ActionRequiresCompletedDistrictType='DISTRICT_HARBOR'										WHERE GreatPersonIndividualType='GREAT_PERSON_INDIVIDUAL_JNR_JACQUES_YVES_COUSTEAU';
--------------------------------------------------------------

-- Modifiers
--------------------------------------------------------------
INSERT OR IGNORE INTO Modifiers
		(ModifierId,												ModifierType,												RunOnce,	Permanent,	SubjectRequirementSetId)
VALUES	('JNR_EXPLORER_EXCESS_LUXURIES_SCIENCE',					'MODIFIER_PLAYER_GRANT_YIELD_PER_EXCESS_LUXURIES',			1,			1,			NULL),
		('JNR_EXPLORER_EXCESS_LUXURIES_TOURISM',					'MODIFIER_PLAYER_GRANT_TOURISM_PER_EXCESS_LUXURIES',		1,			1,			NULL),
		('JNR_EXPLORER_ADJACENT_OCEAN_SCIENCE',						'MODIFIER_PLAYER_UNIT_GRANT_ADJACENT_TERRAIN_YIELD',		1,			1,			NULL),
		('JNR_EXPLORER_ADJACENT_COAST_SCIENCE',						'MODIFIER_PLAYER_UNIT_GRANT_ADJACENT_TERRAIN_YIELD',		1,			1,			NULL),
		('JNR_EXPLORER_ADJACENT_COAST_GOLD',						'MODIFIER_PLAYER_UNIT_GRANT_ADJACENT_TERRAIN_YIELD',		1,			1,			NULL),

		('JNR_EXPLORER_ADJACENT_REEF_SCIENCE',						'MODIFIER_PLAYER_UNIT_GRANT_ADJACENT_FEATURE_YIELD',		1,			1,			NULL),
		('JNR_EXPLORER_ADJACENT_WOODS_SCIENCE',						'MODIFIER_PLAYER_UNIT_GRANT_ADJACENT_FEATURE_YIELD',		1,			1,			NULL),
		('JNR_EXPLORER_SETTLER_NO_FLOODPLAINS',						'MODIFIER_PLAYER_CITIES_GRANT_UNIT_IN_CITY',				1,			1,			'JNR_EXPLORER_SAME_CITY_NO_FLOODPLAINS'),
		('JNR_EXPLORER_FLOODPLAINS_SCIENCE_ATTACH',					'MODIFIER_PLAYER_CITIES_ATTACH_MODIFIER',					1,			1,			'JNR_EXPLORER_SAME_CITY'),
		('JNR_EXPLORER_GRASS_FLOODPLAINS_SCIENCE_ATTACH',			'MODIFIER_PLAYER_CITIES_ATTACH_MODIFIER',					1,			1,			'JNR_EXPLORER_SAME_CITY'),
		('JNR_EXPLORER_PLAINS_FLOODPLAINS_SCIENCE_ATTACH',			'MODIFIER_PLAYER_CITIES_ATTACH_MODIFIER',					1,			1,			'JNR_EXPLORER_SAME_CITY'),
		('JNR_EXPLORER_FLOODPLAINS_SCIENCE',						'MODIFIER_CITY_GRANT_YIELD_PER_FEATURE_TYPE',				1,			1,			NULL),
		('JNR_EXPLORER_GRASS_FLOODPLAINS_SCIENCE',					'MODIFIER_CITY_GRANT_YIELD_PER_FEATURE_TYPE',				1,			1,			NULL),
		('JNR_EXPLORER_PLAINS_FLOODPLAINS_SCIENCE',					'MODIFIER_CITY_GRANT_YIELD_PER_FEATURE_TYPE',				1,			1,			NULL),
		('JNR_EXPLORER_CHARMING_PLOT_SCIENCE',						'MODIFIER_PLAYER_GRANT_YIELD',								1,			1,			'PLOT_CHARMING_APPEAL'),
		('JNR_EXPLORER_BREATHTAKING_PLOT_SCIENCE',					'MODIFIER_PLAYER_GRANT_YIELD',								1,			1,			'PLOT_BREATHTAKING_APPEAL'),

		('JNR_EXPLORER_DIVERSITY_ICE_SCIENCE',						'MODIFIER_PLAYER_GRANT_YIELD',								1,			1,			'JNR_EXPLORER_CITY_HAS_ICE'),
		('JNR_EXPLORER_DIVERSITY_JUNGLE_SCIENCE',					'MODIFIER_PLAYER_GRANT_YIELD',								1,			1,			'JNR_EXPLORER_CITY_HAS_JUNGLE'),
		('JNR_EXPLORER_DIVERSITY_FOREST_SCIENCE',					'MODIFIER_PLAYER_GRANT_YIELD',								1,			1,			'JNR_EXPLORER_CITY_HAS_FOREST'),
		('JNR_EXPLORER_DIVERSITY_OASIS_SCIENCE',					'MODIFIER_PLAYER_GRANT_YIELD',								1,			1,			'JNR_EXPLORER_CITY_HAS_OASIS'),
		('JNR_EXPLORER_DIVERSITY_MARSH_SCIENCE',					'MODIFIER_PLAYER_GRANT_YIELD',								1,			1,			'JNR_EXPLORER_CITY_HAS_MARSH'),
		('JNR_EXPLORER_DIVERSITY_REEF_SCIENCE',						'MODIFIER_PLAYER_GRANT_YIELD',								1,			1,			'JNR_EXPLORER_CITY_HAS_REEF'),
		('JNR_EXPLORER_DIVERSITY_FLOODPLAINS_SCIENCE',				'MODIFIER_PLAYER_GRANT_YIELD',								1,			1,			'JNR_EXPLORER_CITY_HAS_FLOODPLAINS'),
		('JNR_EXPLORER_DIVERSITY_FLOODPLAINS_GRASS_SCIENCE',		'MODIFIER_PLAYER_GRANT_YIELD',								1,			1,			'JNR_EXPLORER_CITY_HAS_FLOODPLAINS_GRASS'),
		('JNR_EXPLORER_DIVERSITY_FLOODPLAINS_PLAINS_SCIENCE',		'MODIFIER_PLAYER_GRANT_YIELD',								1,			1,			'JNR_EXPLORER_CITY_HAS_FLOODPLAINS_PLAINS'),
		('JNR_EXPLORER_DIVERSITY_VOLCANO_SCIENCE',					'MODIFIER_PLAYER_GRANT_YIELD',								1,			1,			'JNR_EXPLORER_CITY_HAS_VOLCANO'),
		('JNR_EXPLORER_DIVERSITY_VOLCANIC_SOIL_SCIENCE',			'MODIFIER_PLAYER_GRANT_YIELD',								1,			1,			'JNR_EXPLORER_CITY_HAS_VOLCANIC_SOIL'),
		('JNR_EXPLORER_ADJACENT_VOLCANO_SCIENCE',					'MODIFIER_PLAYER_UNIT_GRANT_ADJACENT_FEATURE_YIELD',		1,			1,			NULL),
		('JNR_EXPLORER_ADJACENT_VOLCANIC_SOIL_SCIENCE',				'MODIFIER_PLAYER_UNIT_GRANT_ADJACENT_FEATURE_YIELD',		1,			1,			NULL),
		('JNR_EXPLORER_VOLCANO_APPEAL',								'MODIFIER_PLAYER_CITIES_ADJUST_FEATURE_APPEAL_MODIFIER',	1,			1,			NULL),
		('JNR_EXPLORER_ADJACENT_TUNDRA_SCIENCE',					'MODIFIER_PLAYER_UNIT_GRANT_ADJACENT_TERRAIN_YIELD',		1,			1,			NULL),
		('JNR_EXPLORER_ADJACENT_TUNDRA_HILLS_SCIENCE',				'MODIFIER_PLAYER_UNIT_GRANT_ADJACENT_TERRAIN_YIELD',		1,			1,			NULL),
		('JNR_EXPLORER_ADJACENT_TUNDRA_MOUNTAIN_SCIENCE',			'MODIFIER_PLAYER_UNIT_GRANT_ADJACENT_TERRAIN_YIELD',		1,			1,			NULL),
		('JNR_EXPLORER_1MODERNCIVICSBOOST',							'MODIFIER_PLAYER_GRANT_RANDOM_CIVIC_BOOST_BY_ERA',			1,			1,			NULL),
		('JNR_EXPLORER_1MODERNCIVICSBOOST_FOREIGN_CONTINENT',		'MODIFIER_PLAYER_GRANT_RANDOM_CIVIC_BOOST_BY_ERA',			1,			1,			'PLOT_NOT_OWNER_CAPITAL_CONTINENT_REQUIREMENTS'),

		('JNR_EXPLORER_ADJACENT_RAINFOREST_SCIENCE',				'MODIFIER_PLAYER_UNIT_GRANT_ADJACENT_FEATURE_YIELD',		1,			1,			NULL),
		('JNR_EXPLORER_FAVOR',										'MODIFIER_PLAYER_ADJUST_EXTRA_FAVOR_PER_TURN',				1,			1,			NULL),
		('JNR_EXPLORER_FAVOR_TUNDRA',								'MODIFIER_PLAYER_ADJUST_EXTRA_FAVOR_PER_TURN',				1,			1,			'JNR_EXPLORER_TUNDRA_REQUIREMENTS'),
		('JNR_EXPLORER_FAVOR_SNOW',									'MODIFIER_PLAYER_ADJUST_EXTRA_FAVOR_PER_TURN',				1,			1,			'JNR_EXPLORER_SNOW_REQUIREMENTS'),
		('JNR_EXPLORER_FAVOR_OCEAN',								'MODIFIER_PLAYER_ADJUST_EXTRA_FAVOR_PER_TURN',				1,			1,			'JNR_EXPLORER_OCEAN_REQUIREMENTS'),
		('JNR_EXPLORER_EXTRA_ERA_SCORE',							'MODIFIER_PLAYER_ADJUST_PLAYER_ERA_SCORE_PER_PRIDE_MOMENT',	1,			1,			NULL),
		('JNR_EXPLORER_ADJACENT_SNOW_SCIENCE',						'MODIFIER_PLAYER_UNIT_GRANT_ADJACENT_TERRAIN_YIELD',		1,			1,			NULL),
		('JNR_EXPLORER_ADJACENT_SNOW_HILLS_SCIENCE',				'MODIFIER_PLAYER_UNIT_GRANT_ADJACENT_TERRAIN_YIELD',		1,			1,			NULL),
		('JNR_EXPLORER_ADJACENT_SNOW_MOUNTAIN_SCIENCE',				'MODIFIER_PLAYER_UNIT_GRANT_ADJACENT_TERRAIN_YIELD',		1,			1,			NULL),
		
		('JNR_EXPLORER_ADJACENT_GEOTHERMAL_FISSURE_SCIENCE',		'MODIFIER_PLAYER_UNIT_GRANT_ADJACENT_TERRAIN_YIELD',		1,			1,			NULL),
		('JNR_EXPLORER_ADJACENT_DESERT_SCIENCE',					'MODIFIER_PLAYER_UNIT_GRANT_ADJACENT_TERRAIN_YIELD',		1,			1,			NULL),
		('JNR_EXPLORER_ADJACENT_DESERT_HILLS_SCIENCE',				'MODIFIER_PLAYER_UNIT_GRANT_ADJACENT_TERRAIN_YIELD',		1,			1,			NULL),
		('JNR_EXPLORER_ADJACENT_DESERT_MOUNTAIN_SCIENCE',			'MODIFIER_PLAYER_UNIT_GRANT_ADJACENT_TERRAIN_YIELD',		1,			1,			NULL),
		('JNR_EXPLORER_ADJACENT_OASIS_SCIENCE',						'MODIFIER_PLAYER_UNIT_GRANT_ADJACENT_FEATURE_YIELD',		1,			1,			NULL),
		('JNR_EXPLORER_TRADE_ROUTE_FOREIGN_CONTINENT',				'MODIFIER_PLAYER_ADJUST_TRADE_ROUTE_CAPACITY',				1,			1,			'PLOT_NOT_OWNER_CAPITAL_CONTINENT_REQUIREMENTS'),
		('JNR_EXPLORER_ADJACENT_MARSH_SCIENCE',						'MODIFIER_PLAYER_UNIT_GRANT_ADJACENT_FEATURE_YIELD',		1,			1,			NULL),

		('JNR_EXPLORER_ADJACENT_SEA_FEATURE_REEF_SCIENCE_ATTACH',	'MODIFIER_PLAYER_CITIES_ATTACH_MODIFIER',					1,			1,			NULL),
		('JNR_EXPLORER_ADJACENT_SEA_FEATURE_REEF_CULTURE_ATTACH',	'MODIFIER_PLAYER_CITIES_ATTACH_MODIFIER',					1,			1,			NULL),
		('JNR_EXPLORER_ADJACENT_SEA_FEATURE_REEF_SCIENCE',			'MODIFIER_CITY_GRANT_YIELD_PER_FEATURE_TYPE',				1,			1,			NULL),
		('JNR_EXPLORER_ADJACENT_SEA_FEATURE_REEF_CULTURE',			'MODIFIER_CITY_GRANT_YIELD_PER_FEATURE_TYPE',				1,			1,			NULL),
		('JNR_EXPLORER_ADJACENT_ICE_SCIENCE',						'MODIFIER_PLAYER_UNIT_GRANT_ADJACENT_FEATURE_YIELD',		1,			1,			NULL),
		('JNR_EXPLORER_ADJACENT_MOUNTAIN_GRASS_SCIENCE',			'MODIFIER_PLAYER_UNIT_GRANT_ADJACENT_TERRAIN_YIELD',		1,			1,			NULL),
		('JNR_EXPLORER_ADJACENT_MOUNTAIN_PLAINS_SCIENCE',			'MODIFIER_PLAYER_UNIT_GRANT_ADJACENT_TERRAIN_YIELD',		1,			1,			NULL),
		('JNR_EXPLORER_ADJACENT_MOUNTAIN_DESERT_SCIENCE',			'MODIFIER_PLAYER_UNIT_GRANT_ADJACENT_TERRAIN_YIELD',		1,			1,			NULL),
		('JNR_EXPLORER_ADJACENT_MOUNTAIN_TUNDRA_SCIENCE',			'MODIFIER_PLAYER_UNIT_GRANT_ADJACENT_TERRAIN_YIELD',		1,			1,			NULL),
		('JNR_EXPLORER_ADJACENT_MOUNTAIN_SNOW_SCIENCE',				'MODIFIER_PLAYER_UNIT_GRANT_ADJACENT_TERRAIN_YIELD',		1,			1,			NULL);
--------------------------------------------------------------

-- ModifierArguments
--------------------------------------------------------------
INSERT OR IGNORE INTO ModifierArguments
		(ModifierId,												Name,					Value,										Type)
VALUES	('JNR_EXPLORER_EXCESS_LUXURIES_SCIENCE',					'YieldType',			'YIELD_SCIENCE',							'ARGTYPE_IDENTITY'),
		('JNR_EXPLORER_EXCESS_LUXURIES_SCIENCE',					'Amount',				75,											'ScaleByGameSpeed'),
		('JNR_EXPLORER_EXCESS_LUXURIES_TOURISM',					'Amount',				50,											'ScaleByGameSpeed'),

		('JNR_EXPLORER_ADJACENT_OCEAN_SCIENCE',						'YieldType',			'YIELD_SCIENCE',							'ARGTYPE_IDENTITY'),
		('JNR_EXPLORER_ADJACENT_OCEAN_SCIENCE',						'TerrainType',			'TERRAIN_OCEAN',							'ARGTYPE_IDENTITY'),
		('JNR_EXPLORER_ADJACENT_OCEAN_SCIENCE',						'Amount',				75,											'ScaleByGameSpeed'),

		('JNR_EXPLORER_ADJACENT_COAST_SCIENCE',						'YieldType',			'YIELD_SCIENCE',							'ARGTYPE_IDENTITY'),
		('JNR_EXPLORER_ADJACENT_COAST_SCIENCE',						'TerrainType',			'TERRAIN_COAST',							'ARGTYPE_IDENTITY'),
		('JNR_EXPLORER_ADJACENT_COAST_SCIENCE',						'Amount',				50,											'ScaleByGameSpeed'),
		('JNR_EXPLORER_ADJACENT_COAST_GOLD',						'YieldType',			'YIELD_GOLD',								'ARGTYPE_IDENTITY'),
		('JNR_EXPLORER_ADJACENT_COAST_GOLD',						'TerrainType',			'TERRAIN_COAST',							'ARGTYPE_IDENTITY'),
		('JNR_EXPLORER_ADJACENT_COAST_GOLD',						'Amount',				100,										'ScaleByGameSpeed'),


		('JNR_EXPLORER_ADJACENT_REEF_SCIENCE',						'YieldType',			'YIELD_SCIENCE',							'ARGTYPE_IDENTITY'),
		('JNR_EXPLORER_ADJACENT_REEF_SCIENCE',						'FeatureType',			'FEATURE_REEF',								'ARGTYPE_IDENTITY'),
		('JNR_EXPLORER_ADJACENT_REEF_SCIENCE',						'Amount',				300,										'ScaleByGameSpeed'),

		('JNR_EXPLORER_ADJACENT_WOODS_SCIENCE',						'YieldType',			'YIELD_SCIENCE',							'ARGTYPE_IDENTITY'),
		('JNR_EXPLORER_ADJACENT_WOODS_SCIENCE',						'FeatureType',			'FEATURE_FOREST',							'ARGTYPE_IDENTITY'),
		('JNR_EXPLORER_ADJACENT_WOODS_SCIENCE',						'Amount',				150,										'ScaleByGameSpeed'),

		('JNR_EXPLORER_SETTLER_NO_FLOODPLAINS',						'UnitType',				'UNIT_SETTLER',								'ARGTYPE_IDENTITY'),
		('JNR_EXPLORER_SETTLER_NO_FLOODPLAINS',						'Amount',				1,											'ARGTYPE_IDENTITY'),
		('JNR_EXPLORER_SETTLER_NO_FLOODPLAINS',						'AllowUniqueOverride',	1,											'ARGTYPE_IDENTITY'),
		('JNR_EXPLORER_FLOODPLAINS_SCIENCE_ATTACH',					'ModifierId',			'JNR_EXPLORER_FLOODPLAINS_SCIENCE',			'ARGTYPE_IDENTITY'),
		('JNR_EXPLORER_GRASS_FLOODPLAINS_SCIENCE_ATTACH',			'ModifierId',			'JNR_EXPLORER_GRASS_FLOODPLAINS_SCIENCE',	'ARGTYPE_IDENTITY'),
		('JNR_EXPLORER_PLAINS_FLOODPLAINS_SCIENCE_ATTACH',			'ModifierId',			'JNR_EXPLORER_PLAINS_FLOODPLAINS_SCIENCE',	'ARGTYPE_IDENTITY'),
		('JNR_EXPLORER_FLOODPLAINS_SCIENCE',						'YieldType',			'YIELD_SCIENCE',							'ARGTYPE_IDENTITY'),
		('JNR_EXPLORER_FLOODPLAINS_SCIENCE',						'FeatureType',			'FEATURE_FLOODPLAINS',						'ARGTYPE_IDENTITY'),
		('JNR_EXPLORER_FLOODPLAINS_SCIENCE',						'Amount',				100,										'ScaleByGameSpeed'),
		('JNR_EXPLORER_GRASS_FLOODPLAINS_SCIENCE',					'YieldType',			'YIELD_SCIENCE',							'ARGTYPE_IDENTITY'),
		('JNR_EXPLORER_GRASS_FLOODPLAINS_SCIENCE',					'FeatureType',			'FEATURE_FLOODPLAINS_GRASSLAND',			'ARGTYPE_IDENTITY'),
		('JNR_EXPLORER_GRASS_FLOODPLAINS_SCIENCE',					'Amount',				100,										'ScaleByGameSpeed'),
		('JNR_EXPLORER_PLAINS_FLOODPLAINS_SCIENCE',					'YieldType',			'YIELD_SCIENCE',							'ARGTYPE_IDENTITY'),
		('JNR_EXPLORER_PLAINS_FLOODPLAINS_SCIENCE',					'FeatureType',			'FEATURE_FLOODPLAINS_PLAINS',				'ARGTYPE_IDENTITY'),
		('JNR_EXPLORER_PLAINS_FLOODPLAINS_SCIENCE',					'Amount',				100,										'ScaleByGameSpeed'),

		('JNR_EXPLORER_CHARMING_PLOT_SCIENCE',						'YieldType',			'YIELD_SCIENCE',							'ARGTYPE_IDENTITY'),
		('JNR_EXPLORER_CHARMING_PLOT_SCIENCE',						'Amount',				100,										'ScaleByGameSpeed'),
		('JNR_EXPLORER_BREATHTAKING_PLOT_SCIENCE',					'YieldType',			'YIELD_SCIENCE',							'ARGTYPE_IDENTITY'),
		('JNR_EXPLORER_BREATHTAKING_PLOT_SCIENCE',					'Amount',				100,										'ScaleByGameSpeed'),


		('JNR_EXPLORER_DIVERSITY_ICE_SCIENCE',						'YieldType',			'YIELD_SCIENCE',							'ARGTYPE_IDENTITY'),
		('JNR_EXPLORER_DIVERSITY_JUNGLE_SCIENCE',					'YieldType',			'YIELD_SCIENCE',							'ARGTYPE_IDENTITY'),
		('JNR_EXPLORER_DIVERSITY_FOREST_SCIENCE',					'YieldType',			'YIELD_SCIENCE',							'ARGTYPE_IDENTITY'),
		('JNR_EXPLORER_DIVERSITY_OASIS_SCIENCE',					'YieldType',			'YIELD_SCIENCE',							'ARGTYPE_IDENTITY'),
		('JNR_EXPLORER_DIVERSITY_MARSH_SCIENCE',					'YieldType',			'YIELD_SCIENCE',							'ARGTYPE_IDENTITY'),
		('JNR_EXPLORER_DIVERSITY_REEF_SCIENCE',						'YieldType',			'YIELD_SCIENCE',							'ARGTYPE_IDENTITY'),
		('JNR_EXPLORER_DIVERSITY_FLOODPLAINS_SCIENCE',				'YieldType',			'YIELD_SCIENCE',							'ARGTYPE_IDENTITY'),
		('JNR_EXPLORER_DIVERSITY_FLOODPLAINS_GRASS_SCIENCE',		'YieldType',			'YIELD_SCIENCE',							'ARGTYPE_IDENTITY'),
		('JNR_EXPLORER_DIVERSITY_FLOODPLAINS_PLAINS_SCIENCE',		'YieldType',			'YIELD_SCIENCE',							'ARGTYPE_IDENTITY'),
		('JNR_EXPLORER_DIVERSITY_VOLCANO_SCIENCE',					'YieldType',			'YIELD_SCIENCE',							'ARGTYPE_IDENTITY'),
		('JNR_EXPLORER_DIVERSITY_VOLCANIC_SOIL_SCIENCE',			'YieldType',			'YIELD_SCIENCE',							'ARGTYPE_IDENTITY'),
		('JNR_EXPLORER_DIVERSITY_ICE_SCIENCE',						'Amount',				300,										'ScaleByGameSpeed'),
		('JNR_EXPLORER_DIVERSITY_JUNGLE_SCIENCE',					'Amount',				300,										'ScaleByGameSpeed'),
		('JNR_EXPLORER_DIVERSITY_FOREST_SCIENCE',					'Amount',				300,										'ScaleByGameSpeed'),
		('JNR_EXPLORER_DIVERSITY_OASIS_SCIENCE',					'Amount',				300,										'ScaleByGameSpeed'),
		('JNR_EXPLORER_DIVERSITY_MARSH_SCIENCE',					'Amount',				300,										'ScaleByGameSpeed'),
		('JNR_EXPLORER_DIVERSITY_REEF_SCIENCE',						'Amount',				300,										'ScaleByGameSpeed'),
		('JNR_EXPLORER_DIVERSITY_FLOODPLAINS_SCIENCE',				'Amount',				300,										'ScaleByGameSpeed'),
		('JNR_EXPLORER_DIVERSITY_FLOODPLAINS_GRASS_SCIENCE',		'Amount',				300,										'ScaleByGameSpeed'),
		('JNR_EXPLORER_DIVERSITY_FLOODPLAINS_PLAINS_SCIENCE',		'Amount',				300,										'ScaleByGameSpeed'),
		('JNR_EXPLORER_DIVERSITY_VOLCANO_SCIENCE',					'Amount',				300,										'ScaleByGameSpeed'),
		('JNR_EXPLORER_DIVERSITY_VOLCANIC_SOIL_SCIENCE',			'Amount',				300,										'ScaleByGameSpeed'),

		('JNR_EXPLORER_ADJACENT_VOLCANO_SCIENCE',					'YieldType',			'YIELD_SCIENCE',							'ARGTYPE_IDENTITY'),
		('JNR_EXPLORER_ADJACENT_VOLCANO_SCIENCE',					'FeatureType',			'FEATURE_VOLCANO',							'ARGTYPE_IDENTITY'),
		('JNR_EXPLORER_ADJACENT_VOLCANO_SCIENCE',					'Amount',				500,										'ScaleByGameSpeed'),
		('JNR_EXPLORER_ADJACENT_VOLCANIC_SOIL_SCIENCE',				'YieldType',			'YIELD_SCIENCE',							'ARGTYPE_IDENTITY'),
		('JNR_EXPLORER_ADJACENT_VOLCANIC_SOIL_SCIENCE',				'FeatureType',			'FEATURE_VOLCANIC_SOIL',					'ARGTYPE_IDENTITY'),
		('JNR_EXPLORER_ADJACENT_VOLCANIC_SOIL_SCIENCE',				'Amount',				100,										'ScaleByGameSpeed'),
		('JNR_EXPLORER_VOLCANO_APPEAL',								'FeatureType',			'FEATURE_VOLCANO',							'ARGTYPE_IDENTITY'),
		('JNR_EXPLORER_VOLCANO_APPEAL',								'Amount',				2,											'ARGTYPE_IDENTITY'),

		('JNR_EXPLORER_ADJACENT_TUNDRA_SCIENCE',					'YieldType',			'YIELD_SCIENCE',							'ARGTYPE_IDENTITY'),
		('JNR_EXPLORER_ADJACENT_TUNDRA_SCIENCE',					'TerrainType',			'TERRAIN_TUNDRA',							'ARGTYPE_IDENTITY'),
		('JNR_EXPLORER_ADJACENT_TUNDRA_SCIENCE',					'Amount',				100,										'ScaleByGameSpeed'),
		('JNR_EXPLORER_ADJACENT_TUNDRA_HILLS_SCIENCE',				'YieldType',			'YIELD_SCIENCE',							'ARGTYPE_IDENTITY'),
		('JNR_EXPLORER_ADJACENT_TUNDRA_HILLS_SCIENCE',				'TerrainType',			'TERRAIN_TUNDRA_HILLS',						'ARGTYPE_IDENTITY'),
		('JNR_EXPLORER_ADJACENT_TUNDRA_HILLS_SCIENCE',				'Amount',				100,										'ScaleByGameSpeed'),
		('JNR_EXPLORER_ADJACENT_TUNDRA_MOUNTAIN_SCIENCE',			'YieldType',			'YIELD_SCIENCE',							'ARGTYPE_IDENTITY'),
		('JNR_EXPLORER_ADJACENT_TUNDRA_MOUNTAIN_SCIENCE',			'TerrainType',			'TERRAIN_TUNDRA_MOUNTAIN',					'ARGTYPE_IDENTITY'),
		('JNR_EXPLORER_ADJACENT_TUNDRA_MOUNTAIN_SCIENCE',			'Amount',				100,										'ScaleByGameSpeed'),
		('JNR_EXPLORER_1MODERNCIVICSBOOST',							'StartEraType',			'ERA_MODERN',								'ARGTYPE_IDENTITY'),
		('JNR_EXPLORER_1MODERNCIVICSBOOST',							'EndEraType',			'ERA_MODERN',								'ARGTYPE_IDENTITY'),
		('JNR_EXPLORER_1MODERNCIVICSBOOST',							'Amount',				1,											'ARGTYPE_IDENTITY'),
		('JNR_EXPLORER_1MODERNCIVICSBOOST_FOREIGN_CONTINENT',		'StartEraType',			'ERA_MODERN',								'ARGTYPE_IDENTITY'),
		('JNR_EXPLORER_1MODERNCIVICSBOOST_FOREIGN_CONTINENT',		'EndEraType',			'ERA_MODERN',								'ARGTYPE_IDENTITY'),
		('JNR_EXPLORER_1MODERNCIVICSBOOST_FOREIGN_CONTINENT',		'Amount',				1,											'ARGTYPE_IDENTITY'),


		('JNR_EXPLORER_ADJACENT_RAINFOREST_SCIENCE',				'YieldType',			'YIELD_SCIENCE',							'ARGTYPE_IDENTITY'),
		('JNR_EXPLORER_ADJACENT_RAINFOREST_SCIENCE',				'FeatureType',			'FEATURE_JUNGLE',							'ARGTYPE_IDENTITY'),
		('JNR_EXPLORER_ADJACENT_RAINFOREST_SCIENCE',				'Amount',				350,										'ScaleByGameSpeed'),

		('JNR_EXPLORER_FAVOR',										'Amount',				1,											'ARGTYPE_IDENTITY'),
		('JNR_EXPLORER_FAVOR_TUNDRA',								'Amount',				1,											'ARGTYPE_IDENTITY'),
		('JNR_EXPLORER_FAVOR_SNOW',									'Amount',				1,											'ARGTYPE_IDENTITY'),
		('JNR_EXPLORER_FAVOR_OCEAN',								'Amount',				1,											'ARGTYPE_IDENTITY'),
		
		('JNR_EXPLORER_EXTRA_ERA_SCORE',							'Amount',				1,											'ARGTYPE_IDENTITY'),
		('JNR_EXPLORER_EXTRA_ERA_SCORE',							'MinScore',				4,											'ARGTYPE_IDENTITY'),

		('JNR_EXPLORER_ADJACENT_SNOW_SCIENCE',						'YieldType',			'YIELD_SCIENCE',							'ARGTYPE_IDENTITY'),
		('JNR_EXPLORER_ADJACENT_SNOW_SCIENCE',						'TerrainType',			'TERRAIN_SNOW',								'ARGTYPE_IDENTITY'),
		('JNR_EXPLORER_ADJACENT_SNOW_SCIENCE',						'Amount',				300,										'ScaleByGameSpeed'),
		('JNR_EXPLORER_ADJACENT_SNOW_HILLS_SCIENCE',				'YieldType',			'YIELD_SCIENCE',							'ARGTYPE_IDENTITY'),
		('JNR_EXPLORER_ADJACENT_SNOW_HILLS_SCIENCE',				'TerrainType',			'TERRAIN_SNOW_HILLS',						'ARGTYPE_IDENTITY'),
		('JNR_EXPLORER_ADJACENT_SNOW_HILLS_SCIENCE',				'Amount',				300,										'ScaleByGameSpeed'),
		('JNR_EXPLORER_ADJACENT_SNOW_MOUNTAIN_SCIENCE',				'YieldType',			'YIELD_SCIENCE',							'ARGTYPE_IDENTITY'),
		('JNR_EXPLORER_ADJACENT_SNOW_MOUNTAIN_SCIENCE',				'TerrainType',			'TERRAIN_SNOW_MOUNTAIN',					'ARGTYPE_IDENTITY'),
		('JNR_EXPLORER_ADJACENT_SNOW_MOUNTAIN_SCIENCE',				'Amount',				300,										'ScaleByGameSpeed'),


		('JNR_EXPLORER_ADJACENT_GEOTHERMAL_FISSURE_SCIENCE',		'YieldType',			'YIELD_SCIENCE',							'ARGTYPE_IDENTITY'),
		('JNR_EXPLORER_ADJACENT_GEOTHERMAL_FISSURE_SCIENCE',		'FeatureType',			'FEATURE_GEOTHERMAL_FISSURE',				'ARGTYPE_IDENTITY'),
		('JNR_EXPLORER_ADJACENT_GEOTHERMAL_FISSURE_SCIENCE',		'Amount',				1000,										'ScaleByGameSpeed'),

		('JNR_EXPLORER_ADJACENT_DESERT_SCIENCE',					'YieldType',			'YIELD_SCIENCE',							'ARGTYPE_IDENTITY'),
		('JNR_EXPLORER_ADJACENT_DESERT_SCIENCE',					'TerrainType',			'TERRAIN_DESERT',							'ARGTYPE_IDENTITY'),
		('JNR_EXPLORER_ADJACENT_DESERT_SCIENCE',					'Amount',				200,										'ScaleByGameSpeed'),
		('JNR_EXPLORER_ADJACENT_DESERT_HILLS_SCIENCE',				'YieldType',			'YIELD_SCIENCE',							'ARGTYPE_IDENTITY'),
		('JNR_EXPLORER_ADJACENT_DESERT_HILLS_SCIENCE',				'TerrainType',			'TERRAIN_DESERT_HILLS',						'ARGTYPE_IDENTITY'),
		('JNR_EXPLORER_ADJACENT_DESERT_HILLS_SCIENCE',				'Amount',				200,										'ScaleByGameSpeed'),
		('JNR_EXPLORER_ADJACENT_DESERT_MOUNTAIN_SCIENCE',			'YieldType',			'YIELD_SCIENCE',							'ARGTYPE_IDENTITY'),
		('JNR_EXPLORER_ADJACENT_DESERT_MOUNTAIN_SCIENCE',			'TerrainType',			'TERRAIN_DESERT_MOUNTAIN',					'ARGTYPE_IDENTITY'),
		('JNR_EXPLORER_ADJACENT_DESERT_MOUNTAIN_SCIENCE',			'Amount',				200,										'ScaleByGameSpeed'),
		('JNR_EXPLORER_ADJACENT_OASIS_SCIENCE',						'YieldType',			'YIELD_SCIENCE',							'ARGTYPE_IDENTITY'),
		('JNR_EXPLORER_ADJACENT_OASIS_SCIENCE',						'FeatureType',			'FEATURE_OASIS',							'ARGTYPE_IDENTITY'),
		('JNR_EXPLORER_ADJACENT_OASIS_SCIENCE',						'Amount',				400,										'ScaleByGameSpeed'),
		('JNR_EXPLORER_TRADE_ROUTE_FOREIGN_CONTINENT',				'Amount',				1,											'ARGTYPE_IDENTITY'),

		('JNR_EXPLORER_ADJACENT_MARSH_SCIENCE',						'YieldType',			'YIELD_SCIENCE',							'ARGTYPE_IDENTITY'),
		('JNR_EXPLORER_ADJACENT_MARSH_SCIENCE',						'FeatureType',			'FEATURE_MARSH',							'ARGTYPE_IDENTITY'),
		('JNR_EXPLORER_ADJACENT_MARSH_SCIENCE',						'Amount',				750,										'ScaleByGameSpeed'),
		
		('JNR_EXPLORER_ADJACENT_SEA_FEATURE_REEF_SCIENCE_ATTACH',	'ModifierId',			'JNR_EXPLORER_ADJACENT_SEA_FEATURE_REEF_SCIENCE',	'ARGTYPE_IDENTITY'),
		('JNR_EXPLORER_ADJACENT_SEA_FEATURE_REEF_CULTURE_ATTACH',	'ModifierId',			'JNR_EXPLORER_ADJACENT_SEA_FEATURE_REEF_CULTURE',	'ARGTYPE_IDENTITY'),
		('JNR_EXPLORER_ADJACENT_SEA_FEATURE_REEF_SCIENCE',			'YieldType',			'YIELD_SCIENCE',							'ARGTYPE_IDENTITY'),
		('JNR_EXPLORER_ADJACENT_SEA_FEATURE_REEF_SCIENCE',			'FeatureType',			'FEATURE_REEF',								'ARGTYPE_IDENTITY'),
		('JNR_EXPLORER_ADJACENT_SEA_FEATURE_REEF_SCIENCE',			'Amount',				250,										'ScaleByGameSpeed'),
		('JNR_EXPLORER_ADJACENT_SEA_FEATURE_REEF_CULTURE',			'YieldType',			'YIELD_CULTURE',							'ARGTYPE_IDENTITY'),
		('JNR_EXPLORER_ADJACENT_SEA_FEATURE_REEF_CULTURE',			'FeatureType',			'FEATURE_REEF',								'ARGTYPE_IDENTITY'),
		('JNR_EXPLORER_ADJACENT_SEA_FEATURE_REEF_CULTURE',			'Amount',				250,										'ScaleByGameSpeed'),

		('JNR_EXPLORER_ADJACENT_ICE_SCIENCE',						'YieldType',			'YIELD_SCIENCE',							'ARGTYPE_IDENTITY'),
		('JNR_EXPLORER_ADJACENT_ICE_SCIENCE',						'FeatureType',			'FEATURE_ICE',								'ARGTYPE_IDENTITY'),
		('JNR_EXPLORER_ADJACENT_ICE_SCIENCE',						'Amount',				600,										'ScaleByGameSpeed'),
		
		('JNR_EXPLORER_ADJACENT_MOUNTAIN_GRASS_SCIENCE',			'YieldType',			'YIELD_SCIENCE',							'ARGTYPE_IDENTITY'),
		('JNR_EXPLORER_ADJACENT_MOUNTAIN_GRASS_SCIENCE',			'TerrainType',			'TERRAIN_GRASS_MOUNTAIN',					'ARGTYPE_IDENTITY'),
		('JNR_EXPLORER_ADJACENT_MOUNTAIN_GRASS_SCIENCE',			'Amount',				750,										'ScaleByGameSpeed'),
		('JNR_EXPLORER_ADJACENT_MOUNTAIN_PLAINS_SCIENCE',			'YieldType',			'YIELD_SCIENCE',							'ARGTYPE_IDENTITY'),
		('JNR_EXPLORER_ADJACENT_MOUNTAIN_PLAINS_SCIENCE',			'TerrainType',			'TERRAIN_PLAINS_MOUNTAIN',					'ARGTYPE_IDENTITY'),
		('JNR_EXPLORER_ADJACENT_MOUNTAIN_PLAINS_SCIENCE',			'Amount',				750,										'ScaleByGameSpeed'),
		('JNR_EXPLORER_ADJACENT_MOUNTAIN_DESERT_SCIENCE',			'YieldType',			'YIELD_SCIENCE',							'ARGTYPE_IDENTITY'),
		('JNR_EXPLORER_ADJACENT_MOUNTAIN_DESERT_SCIENCE',			'TerrainType',			'TERRAIN_DESERT_MOUNTAIN',					'ARGTYPE_IDENTITY'),
		('JNR_EXPLORER_ADJACENT_MOUNTAIN_DESERT_SCIENCE',			'Amount',				750,										'ScaleByGameSpeed'),
		('JNR_EXPLORER_ADJACENT_MOUNTAIN_TUNDRA_SCIENCE',			'YieldType',			'YIELD_SCIENCE',							'ARGTYPE_IDENTITY'),
		('JNR_EXPLORER_ADJACENT_MOUNTAIN_TUNDRA_SCIENCE',			'TerrainType',			'TERRAIN_TUNDRA_MOUNTAIN',					'ARGTYPE_IDENTITY'),
		('JNR_EXPLORER_ADJACENT_MOUNTAIN_TUNDRA_SCIENCE',			'Amount',				750,										'ScaleByGameSpeed'),
		('JNR_EXPLORER_ADJACENT_MOUNTAIN_SNOW_SCIENCE',				'YieldType',			'YIELD_SCIENCE',							'ARGTYPE_IDENTITY'),
		('JNR_EXPLORER_ADJACENT_MOUNTAIN_SNOW_SCIENCE',				'TerrainType',			'TERRAIN_SNOW_MOUNTAIN',					'ARGTYPE_IDENTITY'),
		('JNR_EXPLORER_ADJACENT_MOUNTAIN_SNOW_SCIENCE',				'Amount',				750,										'ScaleByGameSpeed');
--------------------------------------------------------------

-- GreatPersonIndividualActionModifiers
--------------------------------------------------------------
INSERT OR IGNORE INTO GreatPersonIndividualActionModifiers
		(GreatPersonIndividualType,								AttachmentTargetType,										ModifierId)
VALUES	('GREAT_PERSON_INDIVIDUAL_JNR_IBN_BATTUTA',				'GREAT_PERSON_ACTION_ATTACHMENT_TARGET_DISTRICT_IN_TILE',	'JNR_EXPLORER_EXCESS_LUXURIES_SCIENCE'),
		('GREAT_PERSON_INDIVIDUAL_JNR_IBN_BATTUTA',				'GREAT_PERSON_ACTION_ATTACHMENT_TARGET_DISTRICT_IN_TILE',	'JNR_EXPLORER_EXCESS_LUXURIES_TOURISM'),
		('GREAT_PERSON_INDIVIDUAL_JNR_TOPA_INCA_YUPANQUI',		'GREAT_PERSON_ACTION_ATTACHMENT_TARGET_UNIT_GREATPERSON',	'JNR_EXPLORER_ADJACENT_OCEAN_SCIENCE'),
		('GREAT_PERSON_INDIVIDUAL_JNR_VASCO_DA_GAMA',			'GREAT_PERSON_ACTION_ATTACHMENT_TARGET_UNIT_GREATPERSON',	'JNR_EXPLORER_ADJACENT_COAST_SCIENCE'),
		('GREAT_PERSON_INDIVIDUAL_JNR_VASCO_DA_GAMA',			'GREAT_PERSON_ACTION_ATTACHMENT_TARGET_UNIT_GREATPERSON',	'JNR_EXPLORER_ADJACENT_COAST_GOLD'),

		('GREAT_PERSON_INDIVIDUAL_JNR_BUNGAREE',				'GREAT_PERSON_ACTION_ATTACHMENT_TARGET_UNIT_GREATPERSON',	'JNR_EXPLORER_ADJACENT_REEF_SCIENCE'),
		('GREAT_PERSON_INDIVIDUAL_JNR_CARL_LINNAEUS',			'GREAT_PERSON_ACTION_ATTACHMENT_TARGET_UNIT_GREATPERSON',	'JNR_EXPLORER_ADJACENT_WOODS_SCIENCE'),
		('GREAT_PERSON_INDIVIDUAL_JNR_JOHN_KIZELL',				'GREAT_PERSON_ACTION_ATTACHMENT_TARGET_UNIT_GREATPERSON',	'JNR_EXPLORER_SETTLER_NO_FLOODPLAINS'),
		('GREAT_PERSON_INDIVIDUAL_JNR_JOHN_KIZELL',				'GREAT_PERSON_ACTION_ATTACHMENT_TARGET_UNIT_GREATPERSON',	'JNR_EXPLORER_FLOODPLAINS_SCIENCE_ATTACH'),
		('GREAT_PERSON_INDIVIDUAL_JNR_JOHN_KIZELL',				'GREAT_PERSON_ACTION_ATTACHMENT_TARGET_UNIT_GREATPERSON',	'JNR_EXPLORER_GRASS_FLOODPLAINS_SCIENCE_ATTACH'),
		('GREAT_PERSON_INDIVIDUAL_JNR_JOHN_KIZELL',				'GREAT_PERSON_ACTION_ATTACHMENT_TARGET_UNIT_GREATPERSON',	'JNR_EXPLORER_PLAINS_FLOODPLAINS_SCIENCE_ATTACH'),
		('GREAT_PERSON_INDIVIDUAL_JNR_SACAGAWEA',				'GREAT_PERSON_ACTION_ATTACHMENT_TARGET_UNIT_GREATPERSON',	'GREATPERSON_GRANT_PLOT'),
		('GREAT_PERSON_INDIVIDUAL_JNR_SACAGAWEA',				'GREAT_PERSON_ACTION_ATTACHMENT_TARGET_UNIT_GREATPERSON',	'JNR_EXPLORER_CHARMING_PLOT_SCIENCE'),
		('GREAT_PERSON_INDIVIDUAL_JNR_SACAGAWEA',				'GREAT_PERSON_ACTION_ATTACHMENT_TARGET_UNIT_GREATPERSON',	'JNR_EXPLORER_BREATHTAKING_PLOT_SCIENCE'),

		('GREAT_PERSON_INDIVIDUAL_JNR_ALEXANDER_VON_HUMBOLDT',	'GREAT_PERSON_ACTION_ATTACHMENT_TARGET_UNIT_GREATPERSON',	'JNR_EXPLORER_DIVERSITY_ICE_SCIENCE'),
		('GREAT_PERSON_INDIVIDUAL_JNR_ALEXANDER_VON_HUMBOLDT',	'GREAT_PERSON_ACTION_ATTACHMENT_TARGET_UNIT_GREATPERSON',	'JNR_EXPLORER_DIVERSITY_JUNGLE_SCIENCE'),
		('GREAT_PERSON_INDIVIDUAL_JNR_ALEXANDER_VON_HUMBOLDT',	'GREAT_PERSON_ACTION_ATTACHMENT_TARGET_UNIT_GREATPERSON',	'JNR_EXPLORER_DIVERSITY_FOREST_SCIENCE'),
		('GREAT_PERSON_INDIVIDUAL_JNR_ALEXANDER_VON_HUMBOLDT',	'GREAT_PERSON_ACTION_ATTACHMENT_TARGET_UNIT_GREATPERSON',	'JNR_EXPLORER_DIVERSITY_OASIS_SCIENCE'),
		('GREAT_PERSON_INDIVIDUAL_JNR_ALEXANDER_VON_HUMBOLDT',	'GREAT_PERSON_ACTION_ATTACHMENT_TARGET_UNIT_GREATPERSON',	'JNR_EXPLORER_DIVERSITY_MARSH_SCIENCE'),
		('GREAT_PERSON_INDIVIDUAL_JNR_ALEXANDER_VON_HUMBOLDT',	'GREAT_PERSON_ACTION_ATTACHMENT_TARGET_UNIT_GREATPERSON',	'JNR_EXPLORER_DIVERSITY_REEF_SCIENCE'),
		('GREAT_PERSON_INDIVIDUAL_JNR_ALEXANDER_VON_HUMBOLDT',	'GREAT_PERSON_ACTION_ATTACHMENT_TARGET_UNIT_GREATPERSON',	'JNR_EXPLORER_DIVERSITY_FLOODPLAINS_SCIENCE'),
		('GREAT_PERSON_INDIVIDUAL_JNR_ALEXANDER_VON_HUMBOLDT',	'GREAT_PERSON_ACTION_ATTACHMENT_TARGET_UNIT_GREATPERSON',	'JNR_EXPLORER_DIVERSITY_FLOODPLAINS_GRASS_SCIENCE'),
		('GREAT_PERSON_INDIVIDUAL_JNR_ALEXANDER_VON_HUMBOLDT',	'GREAT_PERSON_ACTION_ATTACHMENT_TARGET_UNIT_GREATPERSON',	'JNR_EXPLORER_DIVERSITY_FLOODPLAINS_PLAINS_SCIENCE'),
		('GREAT_PERSON_INDIVIDUAL_JNR_ALEXANDER_VON_HUMBOLDT',	'GREAT_PERSON_ACTION_ATTACHMENT_TARGET_UNIT_GREATPERSON',	'JNR_EXPLORER_DIVERSITY_VOLCANO_SCIENCE'),
		('GREAT_PERSON_INDIVIDUAL_JNR_ALEXANDER_VON_HUMBOLDT',	'GREAT_PERSON_ACTION_ATTACHMENT_TARGET_UNIT_GREATPERSON',	'JNR_EXPLORER_DIVERSITY_VOLCANIC_SOIL_SCIENCE'),
		('GREAT_PERSON_INDIVIDUAL_JNR_ISABELLA_BIRD',			'GREAT_PERSON_ACTION_ATTACHMENT_TARGET_UNIT_GREATPERSON',	'JNR_EXPLORER_ADJACENT_VOLCANO_SCIENCE'),
		('GREAT_PERSON_INDIVIDUAL_JNR_ISABELLA_BIRD',			'GREAT_PERSON_ACTION_ATTACHMENT_TARGET_UNIT_GREATPERSON',	'JNR_EXPLORER_ADJACENT_VOLCANIC_SOIL_SCIENCE'),
		('GREAT_PERSON_INDIVIDUAL_JNR_ISABELLA_BIRD',			'GREAT_PERSON_ACTION_ATTACHMENT_TARGET_UNIT_GREATPERSON',	'JNR_EXPLORER_VOLCANO_APPEAL'),
		('GREAT_PERSON_INDIVIDUAL_JNR_PYOTR_KROPOTKIN',			'GREAT_PERSON_ACTION_ATTACHMENT_TARGET_UNIT_GREATPERSON',	'JNR_EXPLORER_ADJACENT_TUNDRA_SCIENCE'),
		('GREAT_PERSON_INDIVIDUAL_JNR_PYOTR_KROPOTKIN',			'GREAT_PERSON_ACTION_ATTACHMENT_TARGET_UNIT_GREATPERSON',	'JNR_EXPLORER_ADJACENT_TUNDRA_HILLS_SCIENCE'),
		('GREAT_PERSON_INDIVIDUAL_JNR_PYOTR_KROPOTKIN',			'GREAT_PERSON_ACTION_ATTACHMENT_TARGET_UNIT_GREATPERSON',	'JNR_EXPLORER_ADJACENT_TUNDRA_MOUNTAIN_SCIENCE'),
		('GREAT_PERSON_INDIVIDUAL_JNR_PYOTR_KROPOTKIN',			'GREAT_PERSON_ACTION_ATTACHMENT_TARGET_UNIT_GREATPERSON',	'JNR_EXPLORER_1MODERNCIVICSBOOST'),
		('GREAT_PERSON_INDIVIDUAL_JNR_PYOTR_KROPOTKIN',			'GREAT_PERSON_ACTION_ATTACHMENT_TARGET_UNIT_GREATPERSON',	'JNR_EXPLORER_1MODERNCIVICSBOOST_FOREIGN_CONTINENT'),

		('GREAT_PERSON_INDIVIDUAL_JNR_CANDIDO_RONDON',			'GREAT_PERSON_ACTION_ATTACHMENT_TARGET_UNIT_GREATPERSON',	'JNR_EXPLORER_ADJACENT_RAINFOREST_SCIENCE'),
		('GREAT_PERSON_INDIVIDUAL_JNR_FRIDTJOF_NANSEN',			'GREAT_PERSON_ACTION_ATTACHMENT_TARGET_CITY',				'JNR_EXPLORER_FAVOR'),
		('GREAT_PERSON_INDIVIDUAL_JNR_FRIDTJOF_NANSEN',			'GREAT_PERSON_ACTION_ATTACHMENT_TARGET_CITY',				'JNR_EXPLORER_FAVOR_TUNDRA'),
		('GREAT_PERSON_INDIVIDUAL_JNR_FRIDTJOF_NANSEN',			'GREAT_PERSON_ACTION_ATTACHMENT_TARGET_CITY',				'JNR_EXPLORER_FAVOR_SNOW'),
		('GREAT_PERSON_INDIVIDUAL_JNR_FRIDTJOF_NANSEN',			'GREAT_PERSON_ACTION_ATTACHMENT_TARGET_CITY',				'JNR_EXPLORER_FAVOR_OCEAN'),
		('GREAT_PERSON_INDIVIDUAL_JNR_NELLIE_BLY',				'GREAT_PERSON_ACTION_ATTACHMENT_TARGET_UNIT_GREATPERSON',	'JNR_EXPLORER_EXTRA_ERA_SCORE'),
		('GREAT_PERSON_INDIVIDUAL_JNR_ROALD_AMUNDSEN',			'GREAT_PERSON_ACTION_ATTACHMENT_TARGET_UNIT_GREATPERSON',	'JNR_EXPLORER_ADJACENT_SNOW_SCIENCE'),
		('GREAT_PERSON_INDIVIDUAL_JNR_ROALD_AMUNDSEN',			'GREAT_PERSON_ACTION_ATTACHMENT_TARGET_UNIT_GREATPERSON',	'JNR_EXPLORER_ADJACENT_SNOW_HILLS_SCIENCE'),
		('GREAT_PERSON_INDIVIDUAL_JNR_ROALD_AMUNDSEN',			'GREAT_PERSON_ACTION_ATTACHMENT_TARGET_UNIT_GREATPERSON',	'JNR_EXPLORER_ADJACENT_SNOW_MOUNTAIN_SCIENCE'),

		('GREAT_PERSON_INDIVIDUAL_JNR_ALFRED_WEGENER',			'GREAT_PERSON_ACTION_ATTACHMENT_TARGET_UNIT_GREATPERSON',	'JNR_EXPLORER_ADJACENT_GEOTHERMAL_FISSURE_SCIENCE'),
		('GREAT_PERSON_INDIVIDUAL_JNR_EVA_DICKSON',				'GREAT_PERSON_ACTION_ATTACHMENT_TARGET_UNIT_GREATPERSON',	'JNR_EXPLORER_ADJACENT_DESERT_SCIENCE'),
		('GREAT_PERSON_INDIVIDUAL_JNR_EVA_DICKSON',				'GREAT_PERSON_ACTION_ATTACHMENT_TARGET_UNIT_GREATPERSON',	'JNR_EXPLORER_ADJACENT_DESERT_HILLS_SCIENCE'),
		('GREAT_PERSON_INDIVIDUAL_JNR_EVA_DICKSON',				'GREAT_PERSON_ACTION_ATTACHMENT_TARGET_UNIT_GREATPERSON',	'JNR_EXPLORER_ADJACENT_DESERT_MOUNTAIN_SCIENCE'),
		('GREAT_PERSON_INDIVIDUAL_JNR_EVA_DICKSON',				'GREAT_PERSON_ACTION_ATTACHMENT_TARGET_UNIT_GREATPERSON',	'JNR_EXPLORER_ADJACENT_OASIS_SCIENCE'),
		('GREAT_PERSON_INDIVIDUAL_JNR_EVA_DICKSON',				'GREAT_PERSON_ACTION_ATTACHMENT_TARGET_UNIT_GREATPERSON',	'JNR_EXPLORER_TRADE_ROUTE_FOREIGN_CONTINENT'),
		('GREAT_PERSON_INDIVIDUAL_JNR_VAINO_AUER',				'GREAT_PERSON_ACTION_ATTACHMENT_TARGET_UNIT_GREATPERSON',	'JNR_EXPLORER_ADJACENT_MARSH_SCIENCE'),
		
		('GREAT_PERSON_INDIVIDUAL_JNR_JACQUES_YVES_COUSTEAU',	'GREAT_PERSON_ACTION_ATTACHMENT_TARGET_CITY',				'JNR_EXPLORER_ADJACENT_SEA_FEATURE_REEF_SCIENCE'),
		('GREAT_PERSON_INDIVIDUAL_JNR_JACQUES_YVES_COUSTEAU',	'GREAT_PERSON_ACTION_ATTACHMENT_TARGET_CITY',				'JNR_EXPLORER_ADJACENT_SEA_FEATURE_REEF_CULTURE'),
		('GREAT_PERSON_INDIVIDUAL_JNR_MARIA_KLENOVA',			'GREAT_PERSON_ACTION_ATTACHMENT_TARGET_UNIT_GREATPERSON',	'JNR_EXPLORER_ADJACENT_ICE_SCIENCE'),
		('GREAT_PERSON_INDIVIDUAL_JNR_TENZING_NORGAY',			'GREAT_PERSON_ACTION_ATTACHMENT_TARGET_UNIT_GREATPERSON',	'JNR_EXPLORER_ADJACENT_MOUNTAIN_GRASS_SCIENCE'),
		('GREAT_PERSON_INDIVIDUAL_JNR_TENZING_NORGAY',			'GREAT_PERSON_ACTION_ATTACHMENT_TARGET_UNIT_GREATPERSON',	'JNR_EXPLORER_ADJACENT_MOUNTAIN_PLAINS_SCIENCE'),
		('GREAT_PERSON_INDIVIDUAL_JNR_TENZING_NORGAY',			'GREAT_PERSON_ACTION_ATTACHMENT_TARGET_UNIT_GREATPERSON',	'JNR_EXPLORER_ADJACENT_MOUNTAIN_DESERT_SCIENCE'),
		('GREAT_PERSON_INDIVIDUAL_JNR_TENZING_NORGAY',			'GREAT_PERSON_ACTION_ATTACHMENT_TARGET_UNIT_GREATPERSON',	'JNR_EXPLORER_ADJACENT_MOUNTAIN_TUNDRA_SCIENCE'),
		('GREAT_PERSON_INDIVIDUAL_JNR_TENZING_NORGAY',			'GREAT_PERSON_ACTION_ATTACHMENT_TARGET_UNIT_GREATPERSON',	'JNR_EXPLORER_ADJACENT_MOUNTAIN_SNOW_SCIENCE');
--------------------------------------------------------------