/*
	Leader Unique Ability
	Author: iPlayGamesITA
	Original template by: MC
	Thanks to everyone in the Civ VI Modding Helpline Discord Server!
*/
-----------------------------------------------
-- DAERLAN
-----------------------------------------------
INSERT INTO Types
		(Type,										Kind			)
VALUES	('MINOR_CIV_IPG_DAERLAN_MINOR_TRAIT',		'KIND_TRAIT'	),
		('ABILITY_DAERLAN_CAVALRY_GREAT_GENERAL',	'KIND_ABILITY'	);

INSERT INTO TypeTags
		(Type,										Tag						)
VALUES	('ABILITY_DAERLAN_CAVALRY_GREAT_GENERAL',	'CLASS_HEAVY_CAVALRY'	),
		('ABILITY_DAERLAN_CAVALRY_GREAT_GENERAL',	'CLASS_LIGHT_CAVALRY'	);

INSERT INTO	Traits
		(TraitType,								Name,											Description											)
VALUES	('MINOR_CIV_IPG_DAERLAN_MINOR_TRAIT',	'LOC_MINOR_CIV_IPG_DAERLAN_MINOR_TRAIT_NAME',	'LOC_MINOR_CIV_IPG_DAERLAN_MINOR_TRAIT_DESCRIPTION'	);

INSERT INTO UnitAbilities
		(UnitAbilityType,							Inactive,	Description												)
VALUES	('ABILITY_DAERLAN_CAVALRY_GREAT_GENERAL',	1,			'LOC_ABILITY_DAERLAN_CAVALRY_GREAT_GENERAL_DESCRIPTION'	);

INSERT INTO	LeaderTraits
		(LeaderType,							TraitType							)
VALUES	('LEADER_MINOR_CIV_IPG_DAERLAN_MINOR',	'MINOR_CIV_IPG_DAERLAN_MINOR_TRAIT'	);

INSERT INTO TraitModifiers 
		(TraitType,								ModifierId																)
VALUES	('MINOR_CIV_IPG_DAERLAN_MINOR_TRAIT',	'MINOR_CIV_IPG_DAERLAN_MINOR_UNIQUE_INFLUENCE_CAVALRY_ABILITY_GRANT'	);

INSERT INTO UnitAbilityModifiers
        (UnitAbilityType,							ModifierId								)
VALUES	('ABILITY_DAERLAN_CAVALRY_GREAT_GENERAL',	'DAERLAN_CAVALRY_GREAT_GENERAL_POINTS'	);

INSERT INTO Modifiers
		(ModifierId,															ModifierType,									SubjectRequirementSetId	)
VALUES	('MINOR_CIV_IPG_DAERLAN_MINOR_UNIQUE_INFLUENCE_CAVALRY_ABILITY_GRANT',	'MODIFIER_ALL_PLAYERS_ATTACH_MODIFIER',			'PLAYER_IS_SUZERAIN'	),
		('DAERLAN_CAVALRY_UNITS_ABILITY_GRANT',									'MODIFIER_PLAYER_UNITS_GRANT_ABILITY',			null					),
		('DAERLAN_CAVALRY_GREAT_GENERAL_POINTS',				'MODIFIER_PLAYER_UNIT_ADJUST_GREAT_PEOPLE_POINTS_PER_KILL',		null					);

INSERT INTO ModifierArguments 
		(ModifierId,															Name,			Value									)
VALUES	('MINOR_CIV_IPG_DAERLAN_MINOR_UNIQUE_INFLUENCE_CAVALRY_ABILITY_GRANT',	'ModifierId',	'DAERLAN_CAVALRY_UNITS_ABILITY_GRANT'	),
		('DAERLAN_CAVALRY_UNITS_ABILITY_GRANT',									'AbilityType',	'ABILITY_DAERLAN_CAVALRY_GREAT_GENERAL'	),
		('DAERLAN_CAVALRY_GREAT_GENERAL_POINTS',						'GreatPersonClassType',	'GREAT_PERSON_CLASS_GENERAL'	),
		('DAERLAN_CAVALRY_GREAT_GENERAL_POINTS',								'Amount',		3								);
-----------------------------------------------
-- MAGNE
-----------------------------------------------
INSERT INTO Types
		(Type,									Kind		)
VALUES	('MINOR_CIV_IPG_MAGNE_MINOR_TRAIT',		'KIND_TRAIT'),
		('ABILITY_MAGNE_RECON',					'KIND_ABILITY');

INSERT INTO TypeTags
		(Type,						Tag			)
VALUES	('ABILITY_MAGNE_RECON',		'CLASS_RECON');

INSERT INTO	Traits
		(TraitType,							Name,										Description											)
VALUES	('MINOR_CIV_IPG_MAGNE_MINOR_TRAIT',	'LOC_MINOR_CIV_IPG_MAGNE_MINOR_TRAIT_NAME',	'LOC_MINOR_CIV_IPG_MAGNE_MINOR_TRAIT_DESCRIPTION'	);

INSERT INTO UnitAbilities
		(UnitAbilityType,			Description,							Inactive)
VALUES	('ABILITY_MAGNE_RECON',		'LOC_ABILITY_MAGNE_RECON_DESCRIPTION',	1		);

INSERT INTO	LeaderTraits
		(LeaderType,							TraitType								)
VALUES	('LEADER_MINOR_CIV_IPG_MAGNE_MINOR',	'MINOR_CIV_IPG_MAGNE_MINOR_TRAIT'	);

INSERT INTO TraitModifiers 
		(TraitType,							ModifierId															)
VALUES	('MINOR_CIV_IPG_MAGNE_MINOR_TRAIT',	'MINOR_CIV_IPG_MAGNE_MINOR_UNIQUE_INFLUENCE_RECON_ABILITY_GRANT'	);

INSERT INTO UnitAbilityModifiers
		(UnitAbilityType,			ModifierId					)
VALUES	('ABILITY_MAGNE_RECON',		'MAGNE_RECON_EXTRA_SIGHT'	),
		('ABILITY_MAGNE_RECON',		'MAGNE_RECON_IGNORE_ZOC'	);

INSERT INTO Modifiers
		(ModifierId,														ModifierType,								SubjectRequirementSetId	)
VALUES	('MINOR_CIV_IPG_MAGNE_MINOR_UNIQUE_INFLUENCE_RECON_ABILITY_GRANT',	'MODIFIER_ALL_PLAYERS_ATTACH_MODIFIER',		'PLAYER_IS_SUZERAIN'	),
		('MAGNE_RECON_UNITS_ABILITY_GRANT',									'MODIFIER_PLAYER_UNITS_GRANT_ABILITY',		null					),
		('MAGNE_RECON_EXTRA_SIGHT',											'MODIFIER_PLAYER_UNIT_ADJUST_SIGHT',		null					),
		('MAGNE_RECON_IGNORE_ZOC',											'MODIFIER_PLAYER_UNIT_ADJUST_IGNORE_ZOC',	null					);

INSERT INTO ModifierArguments 
		(ModifierId,														Name,				Value	)
VALUES	('MINOR_CIV_IPG_MAGNE_MINOR_UNIQUE_INFLUENCE_RECON_ABILITY_GRANT',	'ModifierId',		'MAGNE_RECON_UNITS_ABILITY_GRANT'	),
		('MAGNE_RECON_UNITS_ABILITY_GRANT',									'AbilityType',		'ABILITY_MAGNE_RECON'	),
		('MAGNE_RECON_EXTRA_SIGHT',											'Amount',			1		),
		('MAGNE_RECON_IGNORE_ZOC',											'Ignore',			1		);
-----------------------------------------------
-- ETOLIA
-----------------------------------------------
INSERT INTO Types
		(Type,									Kind		)
VALUES	('MINOR_CIV_IPG_ETOLIA_MINOR_TRAIT',	'KIND_TRAIT');

INSERT INTO	Traits
		(TraitType,								Name,											Description												)
VALUES	('MINOR_CIV_IPG_ETOLIA_MINOR_TRAIT',	'LOC_MINOR_CIV_IPG_ETOLIA_MINOR_TRAIT_NAME',	'LOC_MINOR_CIV_IPG_ETOLIA_MINOR_TRAIT_DESCRIPTION'	);

INSERT INTO	LeaderTraits
		(LeaderType,							TraitType							)
VALUES	('LEADER_MINOR_CIV_IPG_ETOLIA_MINOR',	'MINOR_CIV_IPG_ETOLIA_MINOR_TRAIT'	);

INSERT INTO TraitModifiers 
		(TraitType,								ModifierId													)
VALUES	('MINOR_CIV_IPG_ETOLIA_MINOR_TRAIT',	'MINOR_CIV_IPG_ETOLIA_MINOR_UNIQUE_INFLUENCE_CIVIC_BOOST'	);

INSERT INTO Modifiers
		(ModifierId,												ModifierType,								SubjectRequirementSetId	)
VALUES	('MINOR_CIV_IPG_ETOLIA_MINOR_UNIQUE_INFLUENCE_CIVIC_BOOST',	'MODIFIER_ALL_PLAYERS_ATTACH_MODIFIER',		'PLAYER_IS_SUZERAIN'	),
		('ETOLIA_CIVIC_BOOST',										'MODIFIER_PLAYER_ADJUST_CIVIC_BOOST',		null					);

INSERT INTO ModifierArguments 
		(ModifierId,												Name,			Value,					Extra	)
VALUES	('MINOR_CIV_IPG_ETOLIA_MINOR_UNIQUE_INFLUENCE_CIVIC_BOOST',	'ModifierId',	'ETOLIA_CIVIC_BOOST',	null	),
		('ETOLIA_CIVIC_BOOST',										'Amount',		10,						-1		);
-----------------------------------------------
-- GESO
-----------------------------------------------
INSERT INTO Types
		(Type,								Kind		)
VALUES	('MINOR_CIV_IPG_GESO_MINOR_TRAIT',	'KIND_TRAIT');

INSERT INTO	Traits
		(TraitType,							Name,										Description											)
VALUES	('MINOR_CIV_IPG_GESO_MINOR_TRAIT',	'LOC_MINOR_CIV_IPG_GESO_MINOR_TRAIT_NAME',	'LOC_MINOR_CIV_IPG_GESO_MINOR_TRAIT_DESCRIPTION'	);

INSERT INTO	LeaderTraits
		(LeaderType,						TraitType							)
VALUES	('LEADER_MINOR_CIV_IPG_GESO_MINOR',	'MINOR_CIV_IPG_GESO_MINOR_TRAIT'	);

INSERT INTO TraitModifiers 
		(TraitType,							ModifierId																)
VALUES	('MINOR_CIV_IPG_GESO_MINOR_TRAIT',	'MINOR_CIV_IPG_GESO_MINOR_UNIQUE_INFLUENCE_FAITH_CITY_CAPTURE'			),
		('MINOR_CIV_IPG_GESO_MINOR_TRAIT',	'MINOR_CIV_IPG_GESO_MINOR_UNIQUE_INFLUENCE_FAITH_CITY_CAPTURE_COLONIAL'	);

INSERT INTO Modifiers
		(ModifierId,																ModifierType,								SubjectRequirementSetId,	Permanent,	RunOnce	)
VALUES	('MINOR_CIV_IPG_GESO_MINOR_UNIQUE_INFLUENCE_FAITH_CITY_CAPTURE',			'MODIFIER_ALL_PLAYERS_ATTACH_MODIFIER',		'PLAYER_IS_SUZERAIN',			0,			0	),
		('MINOR_CIV_IPG_GESO_MINOR_UNIQUE_INFLUENCE_FAITH_CITY_CAPTURE_COLONIAL',	'MODIFIER_ALL_PLAYERS_ATTACH_MODIFIER',		'PLAYER_IS_SUZERAIN',			0,			0	),
		('GESO_FAITH_CITY_CAPTURE_ATTACH_MODIFIER',							'MODIFIER_PLAYER_CAPTURED_CITY_ATTACH_MODIFIER',	null,							0,			0	),
		('GESO_FAITH_CITY_CAPTURE_COLONIAL_ATTACH_MODIFIER',			'MODIFIER_PLAYER_CAPTURED_CITY_ATTACH_MODIFIER',	'GESO_COLONIALISM_REQUIREMENTS',	0,			0	),
		('GESO_FAITH_CITY_CAPTURE_YIELD',											'MODIFIER_PLAYER_GRANT_YIELD',				null,							1,			1	),
		('GESO_FAITH_CITY_CAPTURE_COLONIAL_YIELD',									'MODIFIER_PLAYER_GRANT_YIELD',				null,							1,			1	);

INSERT INTO ModifierArguments 
		(ModifierId,																Name,			Value			)
VALUES	('MINOR_CIV_IPG_GESO_MINOR_UNIQUE_INFLUENCE_FAITH_CITY_CAPTURE',			'ModifierId',	'GESO_FAITH_CITY_CAPTURE_ATTACH_MODIFIER'			),
		('MINOR_CIV_IPG_GESO_MINOR_UNIQUE_INFLUENCE_FAITH_CITY_CAPTURE_COLONIAL',	'ModifierId',	'GESO_FAITH_CITY_CAPTURE_COLONIAL_ATTACH_MODIFIER'	),
		('GESO_FAITH_CITY_CAPTURE_ATTACH_MODIFIER',									'ModifierId',	'GESO_FAITH_CITY_CAPTURE_YIELD'						),
		('GESO_FAITH_CITY_CAPTURE_COLONIAL_ATTACH_MODIFIER',						'ModifierId',	'GESO_FAITH_CITY_CAPTURE_COLONIAL_YIELD'			),
		('GESO_FAITH_CITY_CAPTURE_YIELD',											'YieldType',	'YIELD_FAITH'										),
		('GESO_FAITH_CITY_CAPTURE_COLONIAL_YIELD',									'YieldType',	'YIELD_FAITH'										);
INSERT INTO ModifierArguments
		(ModifierId,								Name,		Type,					Value	)
VALUES	('GESO_FAITH_CITY_CAPTURE_YIELD',			'Amount',	'ScaleByGameSpeed',		100		),
		('GESO_FAITH_CITY_CAPTURE_COLONIAL_YIELD',	'Amount',	'ScaleByGameSpeed',		200		);

INSERT INTO RequirementSets
		(RequirementSetId,					RequirementSetType			)
VALUES	('GESO_COLONIALISM_REQUIREMENTS',	'REQUIREMENTSET_TEST_ALL'	);

INSERT INTO RequirementSetRequirements
		(RequirementSetId,					RequirementId					)
VALUES	('GESO_COLONIALISM_REQUIREMENTS',	'GESO_PLAYER_HAS_COLONIALISM'	);

INSERT INTO Requirements
		(RequirementId,						RequirementType					)
VALUES	('GESO_PLAYER_HAS_COLONIALISM',		'REQUIREMENT_PLAYER_HAS_CIVIC'	);

INSERT INTO RequirementArguments
		(RequirementId,						Name,			Value				)
VALUES	('GESO_PLAYER_HAS_COLONIALISM',		'CivicType',	'CIVIC_COLONIALISM'	);
-----------------------------------------------
-- MAG TURGA
-----------------------------------------------
INSERT INTO Types
		(Type,										Kind		)
VALUES	('MINOR_CIV_IPG_MAG_TURGA_MINOR_TRAIT',		'KIND_TRAIT');

INSERT INTO	Traits
		(TraitType,									Name,												Description													)
VALUES	('MINOR_CIV_IPG_MAG_TURGA_MINOR_TRAIT',		'LOC_MINOR_CIV_IPG_MAG_TURGA_MINOR_TRAIT_NAME',		'LOC_MINOR_CIV_IPG_MAG_TURGA_MINOR_TRAIT_DESCRIPTION'		);

INSERT INTO	LeaderTraits
		(LeaderType,								TraitType								)
VALUES	('LEADER_MINOR_CIV_IPG_MAG_TURGA_MINOR',	'MINOR_CIV_IPG_MAG_TURGA_MINOR_TRAIT'	);

INSERT INTO TraitModifiers 
		(TraitType,									ModifierId																	)
VALUES	('MINOR_CIV_IPG_MAG_TURGA_MINOR_TRAIT',		'MINOR_CIV_IPG_MAG_TURGA_MINOR_UNIQUE_INFLUENCE_INDUSTRIAL_ZONE_ADJACENCY'	);

INSERT INTO Modifiers
		(ModifierId,																	ModifierType,									SubjectRequirementSetId	)
VALUES	('MINOR_CIV_IPG_MAG_TURGA_MINOR_UNIQUE_INFLUENCE_INDUSTRIAL_ZONE_ADJACENCY',	'MODIFIER_ALL_PLAYERS_ATTACH_MODIFIER',			'PLAYER_IS_SUZERAIN'	),
		('MODIFIER_MAG_TURGA_INDUSTRIAL_ZONE_ADJACENCY_WOODS',							'MODIFIER_PLAYER_CITIES_FEATURE_ADJACENCY',		null					);

INSERT INTO ModifierArguments 
		(ModifierId,																	Name,				Value						)
VALUES	('MINOR_CIV_IPG_MAG_TURGA_MINOR_UNIQUE_INFLUENCE_INDUSTRIAL_ZONE_ADJACENCY',	'ModifierId',		'MODIFIER_MAG_TURGA_INDUSTRIAL_ZONE_ADJACENCY_WOODS'),
		('MODIFIER_MAG_TURGA_INDUSTRIAL_ZONE_ADJACENCY_WOODS',							'DistrictType',		'DISTRICT_INDUSTRIAL_ZONE'	),
		('MODIFIER_MAG_TURGA_INDUSTRIAL_ZONE_ADJACENCY_WOODS',							'FeatureType',		'FEATURE_FOREST'			),
		('MODIFIER_MAG_TURGA_INDUSTRIAL_ZONE_ADJACENCY_WOODS',							'YieldType',		'YIELD_PRODUCTION'			),
		('MODIFIER_MAG_TURGA_INDUSTRIAL_ZONE_ADJACENCY_WOODS',							'Amount',			1							),
		('MODIFIER_MAG_TURGA_INDUSTRIAL_ZONE_ADJACENCY_WOODS',							'TilesRequired',	2							),
		('MODIFIER_MAG_TURGA_INDUSTRIAL_ZONE_ADJACENCY_WOODS',							'Description',		'LOC_MAG_TURGA_INDUSTRIAL_ZONE_ADJACENCY');
-----------------------------------------------
-- EBBING
-----------------------------------------------
INSERT INTO Types
		(Type,									Kind		)
VALUES	('MINOR_CIV_IPG_EBBING_MINOR_TRAIT',	'KIND_TRAIT');

INSERT INTO	Traits
		(TraitType,								Name,											Description												)
VALUES	('MINOR_CIV_IPG_EBBING_MINOR_TRAIT',	'LOC_MINOR_CIV_IPG_EBBING_MINOR_TRAIT_NAME',	'LOC_MINOR_CIV_IPG_EBBING_MINOR_TRAIT_DESCRIPTION'		);

INSERT INTO	LeaderTraits
		(LeaderType,							TraitType							)
VALUES	('LEADER_MINOR_CIV_IPG_EBBING_MINOR',	'MINOR_CIV_IPG_EBBING_MINOR_TRAIT'	);

INSERT INTO TraitModifiers 
		(TraitType,								ModifierId																)
VALUES	('MINOR_CIV_IPG_EBBING_MINOR_TRAIT',	'MINOR_CIV_IPG_EBBING_MINOR_UNIQUE_INFLUENCE_GOLD_RIVER_IMPROVEMENT'	);

INSERT INTO Modifiers
		(ModifierId,															ModifierType,										SubjectRequirementSetId		)
VALUES	('MINOR_CIV_IPG_EBBING_MINOR_UNIQUE_INFLUENCE_GOLD_RIVER_IMPROVEMENT',	'MODIFIER_ALL_PLAYERS_ATTACH_MODIFIER',				'PLAYER_IS_SUZERAIN'		),
		('MODIFIER_EBBING_GOLD_RIVER_IMPROVEMENT',								'MODIFIER_PLAYER_ADJUST_PLOT_YIELD',				'EBBING_PLOT_REQUIREMENTS'	);

INSERT INTO ModifierArguments 
		(ModifierId,															Name,			Value	)
VALUES	('MINOR_CIV_IPG_EBBING_MINOR_UNIQUE_INFLUENCE_GOLD_RIVER_IMPROVEMENT',	'ModifierId',	'MODIFIER_EBBING_GOLD_RIVER_IMPROVEMENT'	),
		('MODIFIER_EBBING_GOLD_RIVER_IMPROVEMENT',								'YieldType',	'YIELD_GOLD'	),
		('MODIFIER_EBBING_GOLD_RIVER_IMPROVEMENT',								'Amount',		1		);

INSERT INTO RequirementSets
		(RequirementSetId,				RequirementSetType			)
VALUES	('EBBING_PLOT_REQUIREMENTS',	'REQUIREMENTSET_TEST_ALL'	);

INSERT INTO RequirementSetRequirements
		(RequirementSetId,				RequirementId						)
VALUES	('EBBING_PLOT_REQUIREMENTS',	'EBBING_REQUIRES_PLOT_IMPROVEMENT'	),
		('EBBING_PLOT_REQUIREMENTS',	'REQUIRES_PLOT_ADJACENT_TO_RIVER'	);

INSERT INTO Requirements
		(RequirementId,							RequirementType							)
VALUES	('EBBING_REQUIRES_PLOT_IMPROVEMENT',	'REQUIREMENT_PLOT_HAS_ANY_IMPROVEMENT'	);