/*
	Core Leader Definition
	Author: iPlayGamesITA
	Original template by: MC
	Thanks to everyone in the Civ VI Modding Helpline Discord Server!
*/

-----------------------------------------------
-- Types
-----------------------------------------------
INSERT INTO	Types
			(Type,										Kind			)
VALUES		('LEADER_MINOR_CIV_IPG_DAERLAN_MINOR',		'KIND_LEADER'	),
			('LEADER_MINOR_CIV_IPG_MAGNE_MINOR',		'KIND_LEADER'	),
			('LEADER_MINOR_CIV_IPG_ETOLIA_MINOR',		'KIND_LEADER'	),
			('LEADER_MINOR_CIV_IPG_GESO_MINOR',			'KIND_LEADER'	),
			('LEADER_MINOR_CIV_IPG_MAG_TURGA_MINOR',	'KIND_LEADER'	),
			('LEADER_MINOR_CIV_IPG_EBBING_MINOR',		'KIND_LEADER'	);
-----------------------------------------------
-- Leaders
-----------------------------------------------
INSERT INTO	Leaders
			(LeaderType,								Name,												InheritFrom,						SceneLayers		)
VALUES		('LEADER_MINOR_CIV_IPG_DAERLAN_MINOR',		'LOC_CIVILIZATION_IPG_DAERLAN_MINOR_NAME',			'LEADER_MINOR_CIV_MILITARISTIC',	1	),
			('LEADER_MINOR_CIV_IPG_MAGNE_MINOR',		'LOC_CIVILIZATION_IPG_MAGNE_MINOR_NAME',			'LEADER_MINOR_CIV_SCIENTIFIC',		1	),
			('LEADER_MINOR_CIV_IPG_ETOLIA_MINOR',		'LOC_CIVILIZATION_IPG_ETOLIA_MINOR_NAME',			'LEADER_MINOR_CIV_CULTURAL',		1	),
			('LEADER_MINOR_CIV_IPG_GESO_MINOR',			'LOC_CIVILIZATION_IPG_GESO_MINOR_NAME',				'LEADER_MINOR_CIV_RELIGIOUS',		1	),
			('LEADER_MINOR_CIV_IPG_MAG_TURGA_MINOR',	'LOC_CIVILIZATION_IPG_MAG_TURGA_MINOR_NAME',		'LEADER_MINOR_CIV_INDUSTRIAL',		1	),
			('LEADER_MINOR_CIV_IPG_EBBING_MINOR',		'LOC_CIVILIZATION_IPG_EBBING_MINOR_NAME',			'LEADER_MINOR_CIV_TRADE',			1	);
-----------------------------------------------
-- CivilizationLeaders
-----------------------------------------------
INSERT INTO	CivilizationLeaders
			(CivilizationType,							LeaderType,									CapitalName							)
VALUES		('CIVILIZATION_IPG_DAERLAN_MINOR',			'LEADER_MINOR_CIV_IPG_DAERLAN_MINOR',		'LOC_CITY_NAME_IPG_DAERLAN_MINOR'	),
			('CIVILIZATION_IPG_MAGNE_MINOR',			'LEADER_MINOR_CIV_IPG_MAGNE_MINOR',			'LOC_CITY_NAME_IPG_MAGNE_MINOR'		),
			('CIVILIZATION_IPG_ETOLIA_MINOR',			'LEADER_MINOR_CIV_IPG_ETOLIA_MINOR',		'LOC_CITY_NAME_IPG_ETOLIA_MINOR'	),
			('CIVILIZATION_IPG_GESO_MINOR',				'LEADER_MINOR_CIV_IPG_GESO_MINOR',			'LOC_CITY_NAME_IPG_GESO_MINOR'		),
			('CIVILIZATION_IPG_MAG_TURGA_MINOR',		'LEADER_MINOR_CIV_IPG_MAG_TURGA_MINOR',		'LOC_CITY_NAME_IPG_MAG_TURGA_MINOR'	),
			('CIVILIZATION_IPG_EBBING_MINOR',			'LEADER_MINOR_CIV_IPG_EBBING_MINOR',		'LOC_CITY_NAME_IPG_EBBING_MINOR'	);
-----------------------------------------------
-- CityNames
-----------------------------------------------
INSERT INTO	CityNames
			(CivilizationType,							LeaderType,								SortIndex,	CityName							)
VALUES		('CIVILIZATION_IPG_DAERLAN_MINOR',			'LEADER_MINOR_CIV_IPG_DAERLAN_MINOR',	-1,			'LOC_CITY_NAME_IPG_DAERLAN_MINOR'	),
			('CIVILIZATION_IPG_MAGNE_MINOR',			'LEADER_MINOR_CIV_IPG_MAGNE_MINOR',		-1,			'LOC_CITY_NAME_IPG_MAGNE_MINOR'		),
			('CIVILIZATION_IPG_ETOLIA_MINOR',			'LEADER_MINOR_CIV_IPG_ETOLIA_MINOR',	-1,			'LOC_CITY_NAME_IPG_ETOLIA_MINOR'	),
			('CIVILIZATION_IPG_GESO_MINOR',				'LEADER_MINOR_CIV_IPG_GESO_MINOR',		-1,			'LOC_CITY_NAME_IPG_GESO_MINOR'		),
			('CIVILIZATION_IPG_MAG_TURGA_MINOR',		'LEADER_MINOR_CIV_IPG_MAG_TURGA_MINOR',	-1,			'LOC_CITY_NAME_IPG_MAG_TURGA_MINOR'	),
			('CIVILIZATION_IPG_EBBING_MINOR',			'LEADER_MINOR_CIV_IPG_EBBING_MINOR',	-1,			'LOC_CITY_NAME_IPG_EBBING_MINOR'	);
