-- UC_COM_Requirements
-- Author: JNR
--------------------------------------------------------------

-- Requirements
--------------------------------------------------------------
INSERT OR IGNORE INTO Requirements
		(RequirementId,											RequirementType,								Inverse)
VALUES	('REQUIRES_CITY_HAS_MINT_JNR',							'REQUIREMENT_CITY_HAS_BUILDING',				0),
		('REQUIRES_CITY_HAS_WAYSTATION_JNR',					'REQUIREMENT_CITY_HAS_BUILDING',				0),
		('REQUIRES_CITY_HAS_BANK_JNR',							'REQUIREMENT_CITY_HAS_BUILDING',				0),
		('REQUIRES_CITY_HAS_GUILDHALL_JNR',						'REQUIREMENT_CITY_HAS_BUILDING',				0),
		('REQUIRES_CITY_HAS_MERCHANT_QUARTER_JNR',				'REQUIREMENT_CITY_HAS_BUILDING',				0),
		('REQUIRES_CITY_HAS_COMMODITY_EXCHANGE_JNR',			'REQUIREMENT_CITY_HAS_BUILDING',				0),
		('REQUIRES_CITY_HAS_MARKETING_AGENCY_JNR',				'REQUIREMENT_CITY_HAS_BUILDING',				0),
		('REQUIRES_CITY_HAS_LIGHTHOUSE_FISHING_JNR',			'REQUIREMENT_CITY_HAS_BUILDING',				0),
		('REQUIRES_CITY_HAS_FISH_MARKET_JNR',					'REQUIREMENT_CITY_HAS_BUILDING',				0),
		('REQUIRES_CITY_HAS_ENTREPOT_JNR',						'REQUIREMENT_CITY_HAS_BUILDING',				0),
		('REQUIRES_CITY_HAS_OFFSHORE_TERMINAL_JNR',				'REQUIREMENT_CITY_HAS_BUILDING',				0),
		('REQUIRES_HARBOR_HAS_HIGH_ADJACENCY_JNR',				'REQUIREMENT_CITY_HAS_HIGH_ADJACENCY_DISTRICT',	0),
		('REQUIRES_DISTRICT_IS_AERODROME_JNR',					'REQUIREMENT_DISTRICT_TYPE_MATCHES',			0),
		('RADIUS_6_TILES_REQUIREMENT_JNR',						'REQUIREMENT_PLOT_ADJACENT_TO_OWNER',			0),
		('REQUIRES_NO_MINT_JNR',								'REQUIREMENT_CITY_HAS_BUILDING',				1),
		('REQUIRES_NO_WAYSTATION_JNR',							'REQUIREMENT_CITY_HAS_BUILDING',				1),
		('REQUIRES_CITY_HAS_NO_AIRPORT_JNR',					'REQUIREMENT_CITY_HAS_BUILDING',				1),
		('REQUIRES_CITY_HAS_COMMERCIAL_TIER3_REQUIREMENTS_JNR',	'REQUIREMENT_REQUIREMENTSET_IS_MET',			0);
--------------------------------------------------------------

-- RequirementArguments
--------------------------------------------------------------
INSERT OR IGNORE INTO RequirementArguments
		(RequirementId,											Name,				Value)
VALUES	('REQUIRES_CITY_HAS_MINT_JNR',							'BuildingType',		'BUILDING_JNR_MINT'),
		('REQUIRES_CITY_HAS_WAYSTATION_JNR',					'BuildingType',		'BUILDING_JNR_WAYSTATION'),
		('REQUIRES_CITY_HAS_BANK_JNR',							'BuildingType',		'BUILDING_BANK'),
		('REQUIRES_CITY_HAS_GUILDHALL_JNR',						'BuildingType',		'BUILDING_JNR_GUILDHALL'),
		('REQUIRES_CITY_HAS_MERCHANT_QUARTER_JNR',				'BuildingType',		'BUILDING_JNR_MERCHANT_QUARTER'),
		('REQUIRES_CITY_HAS_COMMODITY_EXCHANGE_JNR',			'BuildingType',		'BUILDING_JNR_COMMODITY_EXCHANGE'),
		('REQUIRES_CITY_HAS_MARKETING_AGENCY_JNR',				'BuildingType',		'BUILDING_JNR_MARKETING_AGENCY'),
		('REQUIRES_CITY_HAS_LIGHTHOUSE_FISHING_JNR',			'BuildingType',		'BUILDING_JNR_LIGHTHOUSE_FISHING'),
		('REQUIRES_CITY_HAS_FISH_MARKET_JNR',					'BuildingType',		'BUILDING_JNR_FISH_MARKET'),
		('REQUIRES_CITY_HAS_ENTREPOT_JNR',						'BuildingType',		'BUILDING_JNR_ENTREPOT'),
		('REQUIRES_CITY_HAS_OFFSHORE_TERMINAL_JNR',				'BuildingType',		'BUILDING_JNR_OFFSHORE_TERMINAL'),
		('REQUIRES_HARBOR_HAS_HIGH_ADJACENCY_JNR',				'DistrictType',		'DISTRICT_HARBOR'),
		('REQUIRES_HARBOR_HAS_HIGH_ADJACENCY_JNR',				'YieldType',		'YIELD_GOLD'),
		('REQUIRES_HARBOR_HAS_HIGH_ADJACENCY_JNR',				'Amount',			5),
		('REQUIRES_DISTRICT_IS_AERODROME_JNR',					'DistrictType',		'DISTRICT_AERODROME'),
		('RADIUS_6_TILES_REQUIREMENT_JNR',						'MinDistance',		0),
		('RADIUS_6_TILES_REQUIREMENT_JNR',						'MaxDistance',		6),
		('REQUIRES_NO_MINT_JNR',								'BuildingType',		'BUILDING_JNR_MINT'),
		('REQUIRES_NO_WAYSTATION_JNR',							'BuildingType',		'BUILDING_JNR_WAYSTATION'),
		('REQUIRES_CITY_HAS_NO_AIRPORT_JNR',					'BuildingType',		'BUILDING_AIRPORT'),
		('REQUIRES_CITY_HAS_COMMERCIAL_TIER3_REQUIREMENTS_JNR',	'RequirementSetId',	'BUILDING_IS_COMMERCIAL_TIER3_JNR');

UPDATE RequirementArguments SET Value=5 WHERE RequirementId='REQUIRES_COMMERCIAL_HUB_HAS_HIGH_ADJACENCY' AND Name='Amount';
--------------------------------------------------------------

-- RequirementSets
--------------------------------------------------------------
INSERT OR IGNORE INTO RequirementSets
		(RequirementSetId,									RequirementSetType)
VALUES	('BUILDING_IS_COMMERCIAL_TIER1_JNR',				'REQUIREMENTSET_TEST_ANY'),
		('BUILDING_IS_COMMERCIAL_TIER2_JNR',				'REQUIREMENTSET_TEST_ANY'),
		('BUILDING_IS_COMMERCIAL_TIER3_JNR',				'REQUIREMENTSET_TEST_ANY'),
		('BUILDING_IS_HARBOR_TIER1_JNR',					'REQUIREMENTSET_TEST_ANY'),
		('BUILDING_IS_HARBOR_TIER2_JNR',					'REQUIREMENTSET_TEST_ANY'),
		('BUILDING_IS_HARBOR_TIER3_JNR',					'REQUIREMENTSET_TEST_ANY'),
		('BUILDING_IS_MINT_JNR',							'REQUIREMENTSET_TEST_ALL'),
		('BUILDING_IS_WAYSTATION_JNR',						'REQUIREMENTSET_TEST_ALL'),
		('BUILDING_IS_LIGHTHOUSE_FISHING_JNR',				'REQUIREMENTSET_TEST_ALL'),
		('BUILDING_IS_FISH_MARKET_JNR',						'REQUIREMENTSET_TEST_ALL'),
		('BUILDING_IS_ENTREPOT_JNR',						'REQUIREMENTSET_TEST_ALL'),
		('BUILDING_IS_OFFSHORE_TERMINAL_JNR',				'REQUIREMENTSET_TEST_ALL'),
		('HARBOR_HAS_HIGH_ADJACENCY_JNR',					'REQUIREMENTSET_TEST_ALL'),
		('DISTRICT_IS_AERODROME_JNR',						'REQUIREMENTSET_TEST_ALL'),
		('PLOT_RADIUS_6_TILES_REQUIREMENTS_JNR',			'REQUIREMENTSET_TEST_ALL'),
		('SEAPORT_TRADE_ROUTE_CAPACITY_REQUIREMENTS_JNR',	'REQUIREMENTSET_TEST_ALL');
--------------------------------------------------------------

-- RequirementSetRequirements
--------------------------------------------------------------
INSERT OR IGNORE INTO RequirementSetRequirements
		(RequirementSetId,									RequirementId)
VALUES	('BUILDING_IS_COMMERCIAL_TIER1_JNR',				'REQUIRES_CITY_HAS_MARKET'),
		('BUILDING_IS_COMMERCIAL_TIER1_JNR',				'REQUIRES_CITY_HAS_MINT_JNR'),
		('BUILDING_IS_COMMERCIAL_TIER1_JNR',				'REQUIRES_CITY_HAS_WAYSTATION_JNR'),
		('BUILDING_IS_COMMERCIAL_TIER2_JNR',				'REQUIRES_CITY_HAS_BANK_JNR'),
		('BUILDING_IS_COMMERCIAL_TIER2_JNR',				'REQUIRES_CITY_HAS_GUILDHALL_JNR'),
		('BUILDING_IS_COMMERCIAL_TIER2_JNR',				'REQUIRES_CITY_HAS_MERCHANT_QUARTER_JNR'),
		('BUILDING_IS_COMMERCIAL_TIER3_JNR',				'REQUIRES_CITY_HAS_STOCK_EXCHANGE'),
		('BUILDING_IS_COMMERCIAL_TIER3_JNR',				'REQUIRES_CITY_HAS_COMMODITY_EXCHANGE_JNR'),
		('BUILDING_IS_COMMERCIAL_TIER3_JNR',				'REQUIRES_CITY_HAS_MARKETING_AGENCY_JNR'),
		('BUILDING_IS_MINT_JNR',							'REQUIRES_CITY_HAS_MINT_JNR'),
		('BUILDING_IS_WAYSTATION_JNR',						'REQUIRES_CITY_HAS_WAYSTATION_JNR'),
		('BUILDING_IS_HARBOR_TIER1_JNR',					'REQUIRES_CITY_HAS_LIGHTHOUSE'),
		('BUILDING_IS_HARBOR_TIER1_JNR',					'REQUIRES_CITY_HAS_LIGHTHOUSE_FISHING_JNR'),
		('BUILDING_IS_HARBOR_TIER2_JNR',					'REQUIRES_CITY_HAS_SHIPYARD'),
		('BUILDING_IS_HARBOR_TIER2_JNR',					'REQUIRES_CITY_HAS_FISH_MARKET_JNR'),
		('BUILDING_IS_HARBOR_TIER2_JNR',					'REQUIRES_CITY_HAS_ENTREPOT_JNR'),
		('BUILDING_IS_HARBOR_TIER3_JNR',					'REQUIRES_CITY_HAS_SEAPORT'),
		('BUILDING_IS_HARBOR_TIER3_JNR',					'REQUIRES_CITY_HAS_OFFSHORE_TERMINAL_JNR'),
		('BUILDING_IS_LIGHTHOUSE_FISHING_JNR',				'REQUIRES_CITY_HAS_LIGHTHOUSE_FISHING_JNR'),
		('BUILDING_IS_FISH_MARKET_JNR',						'REQUIRES_CITY_HAS_FISH_MARKET_JNR'),
		('BUILDING_IS_ENTREPOT_JNR',						'REQUIRES_CITY_HAS_ENTREPOT_JNR'),
		('BUILDING_IS_OFFSHORE_TERMINAL_JNR',				'REQUIRES_CITY_HAS_OFFSHORE_TERMINAL_JNR'),
		('HARBOR_HAS_HIGH_ADJACENCY_JNR',					'REQUIRES_HARBOR_HAS_HIGH_ADJACENCY_JNR'),
		('DISTRICT_IS_AERODROME_JNR',						'REQUIRES_DISTRICT_IS_AERODROME_JNR'),
		('PLOT_RADIUS_6_TILES_REQUIREMENTS_JNR',			'RADIUS_6_TILES_REQUIREMENT_JNR'),
		('LIGHTHOUSE_TRADE_ROUTE_CAPACITY_REQUIREMENTS',	'REQUIRES_NO_MINT_JNR'),
		('LIGHTHOUSE_TRADE_ROUTE_CAPACITY_REQUIREMENTS',	'REQUIRES_NO_WAYSTATION_JNR'),
		('SEAPORT_TRADE_ROUTE_CAPACITY_REQUIREMENTS_JNR',	'REQUIRES_CITY_HAS_COMMERCIAL_TIER3_REQUIREMENTS_JNR'),
		('SEAPORT_TRADE_ROUTE_CAPACITY_REQUIREMENTS_JNR',	'REQUIRES_CITY_HAS_NO_AIRPORT_JNR');
--------------------------------------------------------------

-- Modifiers
--------------------------------------------------------------
UPDATE Modifiers SET SubjectRequirementSetId='BUILDING_IS_HARBOR_TIER1_JNR'	WHERE ModifierId='MINOR_CIV_CARDIFF_POWER_LIGHTHOUSE';
UPDATE Modifiers SET SubjectRequirementSetId='BUILDING_IS_HARBOR_TIER2_JNR'	WHERE ModifierId='MINOR_CIV_CARDIFF_POWER_SHIPYARD';
UPDATE Modifiers SET SubjectRequirementSetId='BUILDING_IS_HARBOR_TIER3_JNR'	WHERE ModifierId='MINOR_CIV_CARDIFF_POWER_SEAPORT';

UPDATE Modifiers SET SubjectRequirementSetId='BUILDING_IS_COMMERCIAL_TIER1_JNR'	WHERE ModifierId='MINOR_CIV_STOCKHOLM_GREAT_MERCHANT_POINTS_BONUS';
UPDATE Modifiers SET SubjectRequirementSetId='BUILDING_IS_HARBOR_TIER1_JNR'		WHERE ModifierId='MINOR_CIV_STOCKHOLM_GREAT_ADMIRAL_POINTS_BONUS';
UPDATE Modifiers SET SubjectRequirementSetId='BUILDING_IS_COMMERCIAL_TIER1_JNR'	WHERE ModifierId='MINOR_CIV_BOLOGNA_GREAT_MERCHANT_POINTS_BONUS';
UPDATE Modifiers SET SubjectRequirementSetId='BUILDING_IS_HARBOR_TIER1_JNR'		WHERE ModifierId='MINOR_CIV_BOLOGNA_GREAT_ADMIRAL_POINTS_BONUS';
--------------------------------------------------------------