-- UC_COM_Policies
-- Author: JNR
--------------------------------------------------------------

-- Types
--------------------------------------------------------------
INSERT OR IGNORE INTO Types
		(Type,							Kind)
VALUES	('POLICY_JNR_DEREGULATION',		'KIND_POLICY'),
		('POLICY_JNR_ADMIRALITY_COURT',	'KIND_POLICY'),
		('POLICY_JNR_CONTAINERIZATION',	'KIND_POLICY');
--------------------------------------------------------------

-- Policies
--------------------------------------------------------------
UPDATE Policies SET Description='LOC_POLICY_LAISSEZ_FAIRE_DESCRIPTION_JNR_UC'	WHERE PolicyType='POLICY_LAISSEZ_FAIRE';
UPDATE Policies SET Description='LOC_POLICY_FREE_MARKET_DESCRIPTION_JNR_UC'		WHERE PolicyType='POLICY_FREE_MARKET';

INSERT OR IGNORE INTO Policies
		(PolicyType,					Name,									Description,									PrereqCivic,				GovernmentSlotType)
VALUES	('POLICY_JNR_DEREGULATION',		'LOC_POLICY_JNR_DEREGULATION_NAME',		'LOC_POLICY_JNR_DEREGULATION_DESCRIPTION',		'CIVIC_COLD_WAR',			'SLOT_ECONOMIC'),
		('POLICY_JNR_ADMIRALITY_COURT',	'LOC_POLICY_JNR_ADMIRALITY_COURT_NAME',	'LOC_POLICY_JNR_ADMIRALITY_COURT_DESCRIPTION',	'CIVIC_COLONIALISM',		'SLOT_ECONOMIC'),
		('POLICY_JNR_CONTAINERIZATION',	'LOC_POLICY_JNR_CONTAINERIZATION_NAME',	'LOC_POLICY_JNR_CONTAINERIZATION_DESCRIPTION',	'CIVIC_RAPID_DEPLOYMENT',	'SLOT_ECONOMIC');
--------------------------------------------------------------

-- ObsoletePolicies
--------------------------------------------------------------
INSERT OR IGNORE INTO ObsoletePolicies
		(PolicyType,					ObsoletePolicy)
VALUES	('POLICY_FREE_MARKET',			'POLICY_JNR_DEREGULATION'),
		('POLICY_JNR_ADMIRALITY_COURT',	'POLICY_JNR_CONTAINERIZATION');
--------------------------------------------------------------

-- Modifiers
--------------------------------------------------------------
UPDATE Modifiers SET SubjectRequirementSetId='BUILDING_IS_COMMERCIAL_TIER2_JNR'	WHERE ModifierId='LAISSEZFAIRE_MERCHANT_BANK';
UPDATE Modifiers SET SubjectRequirementSetId='BUILDING_IS_COMMERCIAL_TIER3_JNR'	WHERE ModifierId='LAISSEZFAIRE_MERCHANT_STOCKEXCHANGE';
UPDATE Modifiers SET SubjectRequirementSetId='BUILDING_IS_HARBOR_TIER2_JNR'		WHERE ModifierId='LAISSEZFAIRE_ADMIRAL_SHIPYARD';
UPDATE Modifiers SET SubjectRequirementSetId='BUILDING_IS_HARBOR_TIER3_JNR'		WHERE ModifierId='LAISSEZFAIRE_ADMIRAL_SEAPORT';

INSERT OR IGNORE INTO Modifiers
		(ModifierId,												ModifierType,											SubjectRequirementSetId)
VALUES	('FREEMARKET_HIGH_ADJACENCY_MARKET_JNR',					'MODIFIER_PLAYER_CITIES_ADJUST_BUILDING_YIELD_CHANGE',	'COMMERCIAL_HUB_HAS_HIGH_ADJACENCY'),
		('FREEMARKET_HIGH_ADJACENCY_MINT_JNR',						'MODIFIER_PLAYER_CITIES_ADJUST_BUILDING_YIELD_CHANGE',	'COMMERCIAL_HUB_HAS_HIGH_ADJACENCY'),
		('FREEMARKET_HIGH_ADJACENCY_WAYSTATION_JNR',				'MODIFIER_PLAYER_CITIES_ADJUST_BUILDING_YIELD_CHANGE',	'COMMERCIAL_HUB_HAS_HIGH_ADJACENCY'),
		('FREEMARKET_HIGH_ADJACENCY_BANK_JNR',						'MODIFIER_PLAYER_CITIES_ADJUST_BUILDING_YIELD_CHANGE',	'COMMERCIAL_HUB_HAS_HIGH_ADJACENCY'),
		('FREEMARKET_HIGH_ADJACENCY_GUILDHALL_JNR',					'MODIFIER_PLAYER_CITIES_ADJUST_BUILDING_YIELD_CHANGE',	'COMMERCIAL_HUB_HAS_HIGH_ADJACENCY'),
		('FREEMARKET_HIGH_ADJACENCY_MERCHANT_QUARTER_JNR',			'MODIFIER_PLAYER_CITIES_ADJUST_BUILDING_YIELD_CHANGE',	'COMMERCIAL_HUB_HAS_HIGH_ADJACENCY'),
		('FREEMARKET_HIGH_ADJACENCY_STOCK_EXCHANGE_JNR',			'MODIFIER_PLAYER_CITIES_ADJUST_BUILDING_YIELD_CHANGE',	'COMMERCIAL_HUB_HAS_HIGH_ADJACENCY'),
		('FREEMARKET_HIGH_ADJACENCY_COMMODITY_EXCHANGE_JNR',		'MODIFIER_PLAYER_CITIES_ADJUST_BUILDING_YIELD_CHANGE',	'COMMERCIAL_HUB_HAS_HIGH_ADJACENCY'),
		('FREEMARKET_HIGH_ADJACENCY_MARKETING_AGENCY_JNR',			'MODIFIER_PLAYER_CITIES_ADJUST_BUILDING_YIELD_CHANGE',	'COMMERCIAL_HUB_HAS_HIGH_ADJACENCY'),

		('FREEMARKET_HIGH_POP_MARKET_JNR',							'MODIFIER_PLAYER_CITIES_ADJUST_BUILDING_YIELD_CHANGE',	'CITY_HAS_HIGH_POPULATION'),
		('FREEMARKET_HIGH_POP_MINT_JNR',							'MODIFIER_PLAYER_CITIES_ADJUST_BUILDING_YIELD_CHANGE',	'CITY_HAS_HIGH_POPULATION'),
		('FREEMARKET_HIGH_POP_WAYSTATION_JNR',						'MODIFIER_PLAYER_CITIES_ADJUST_BUILDING_YIELD_CHANGE',	'CITY_HAS_HIGH_POPULATION'),
		('FREEMARKET_HIGH_POP_BANK_JNR',							'MODIFIER_PLAYER_CITIES_ADJUST_BUILDING_YIELD_CHANGE',	'CITY_HAS_HIGH_POPULATION'),
		('FREEMARKET_HIGH_POP_GUILDHALL_JNR',						'MODIFIER_PLAYER_CITIES_ADJUST_BUILDING_YIELD_CHANGE',	'CITY_HAS_HIGH_POPULATION'),
		('FREEMARKET_HIGH_POP_MERCHANT_QUARTER_JNR',				'MODIFIER_PLAYER_CITIES_ADJUST_BUILDING_YIELD_CHANGE',	'CITY_HAS_HIGH_POPULATION'),
		('FREEMARKET_HIGH_POP_STOCK_EXCHANGE_JNR',					'MODIFIER_PLAYER_CITIES_ADJUST_BUILDING_YIELD_CHANGE',	'CITY_HAS_HIGH_POPULATION'),
		('FREEMARKET_HIGH_POP_COMMODITY_EXCHANGE_JNR',				'MODIFIER_PLAYER_CITIES_ADJUST_BUILDING_YIELD_CHANGE',	'CITY_HAS_HIGH_POPULATION'),
		('FREEMARKET_HIGH_POP_MARKETING_AGENCY_JNR',				'MODIFIER_PLAYER_CITIES_ADJUST_BUILDING_YIELD_CHANGE',	'CITY_HAS_HIGH_POPULATION'),
		
		('DEREGULATION_HIGH_ADJACENCY_MARKET_JNR',					'MODIFIER_PLAYER_CITIES_ADJUST_BUILDING_YIELD_CHANGE',	'COMMERCIAL_HUB_HAS_HIGH_ADJACENCY'),
		('DEREGULATION_HIGH_ADJACENCY_MINT_JNR',					'MODIFIER_PLAYER_CITIES_ADJUST_BUILDING_YIELD_CHANGE',	'COMMERCIAL_HUB_HAS_HIGH_ADJACENCY'),
		('DEREGULATION_HIGH_ADJACENCY_WAYSTATION_JNR',				'MODIFIER_PLAYER_CITIES_ADJUST_BUILDING_YIELD_CHANGE',	'COMMERCIAL_HUB_HAS_HIGH_ADJACENCY'),
		('DEREGULATION_HIGH_ADJACENCY_BANK_JNR',					'MODIFIER_PLAYER_CITIES_ADJUST_BUILDING_YIELD_CHANGE',	'COMMERCIAL_HUB_HAS_HIGH_ADJACENCY'),
		('DEREGULATION_HIGH_ADJACENCY_GUILDHALL_JNR',				'MODIFIER_PLAYER_CITIES_ADJUST_BUILDING_YIELD_CHANGE',	'COMMERCIAL_HUB_HAS_HIGH_ADJACENCY'),
		('DEREGULATION_HIGH_ADJACENCY_MERCHANT_QUARTER_JNR',		'MODIFIER_PLAYER_CITIES_ADJUST_BUILDING_YIELD_CHANGE',	'COMMERCIAL_HUB_HAS_HIGH_ADJACENCY'),
		('DEREGULATION_HIGH_ADJACENCY_STOCK_EXCHANGE_JNR',			'MODIFIER_PLAYER_CITIES_ADJUST_BUILDING_YIELD_CHANGE',	'COMMERCIAL_HUB_HAS_HIGH_ADJACENCY'),
		('DEREGULATION_HIGH_ADJACENCY_COMMODITY_EXCHANGE_JNR',		'MODIFIER_PLAYER_CITIES_ADJUST_BUILDING_YIELD_CHANGE',	'COMMERCIAL_HUB_HAS_HIGH_ADJACENCY'),
		('DEREGULATION_HIGH_ADJACENCY_MARKETING_AGENCY_JNR',		'MODIFIER_PLAYER_CITIES_ADJUST_BUILDING_YIELD_CHANGE',	'COMMERCIAL_HUB_HAS_HIGH_ADJACENCY'),

		('DEREGULATION_HIGH_POP_MARKET_JNR',						'MODIFIER_PLAYER_CITIES_ADJUST_BUILDING_YIELD_CHANGE',	'CITY_HAS_HIGH_POPULATION'),
		('DEREGULATION_HIGH_POP_MINT_JNR',							'MODIFIER_PLAYER_CITIES_ADJUST_BUILDING_YIELD_CHANGE',	'CITY_HAS_HIGH_POPULATION'),
		('DEREGULATION_HIGH_POP_WAYSTATION_JNR',					'MODIFIER_PLAYER_CITIES_ADJUST_BUILDING_YIELD_CHANGE',	'CITY_HAS_HIGH_POPULATION'),
		('DEREGULATION_HIGH_POP_BANK_JNR',							'MODIFIER_PLAYER_CITIES_ADJUST_BUILDING_YIELD_CHANGE',	'CITY_HAS_HIGH_POPULATION'),
		('DEREGULATION_HIGH_POP_GUILDHALL_JNR',						'MODIFIER_PLAYER_CITIES_ADJUST_BUILDING_YIELD_CHANGE',	'CITY_HAS_HIGH_POPULATION'),
		('DEREGULATION_HIGH_POP_MERCHANT_QUARTER_JNR',				'MODIFIER_PLAYER_CITIES_ADJUST_BUILDING_YIELD_CHANGE',	'CITY_HAS_HIGH_POPULATION'),
		('DEREGULATION_HIGH_POP_STOCK_EXCHANGE_JNR',				'MODIFIER_PLAYER_CITIES_ADJUST_BUILDING_YIELD_CHANGE',	'CITY_HAS_HIGH_POPULATION'),
		('DEREGULATION_HIGH_POP_COMMODITY_EXCHANGE_JNR',			'MODIFIER_PLAYER_CITIES_ADJUST_BUILDING_YIELD_CHANGE',	'CITY_HAS_HIGH_POPULATION'),
		('DEREGULATION_HIGH_POP_MARKETING_AGENCY_JNR',				'MODIFIER_PLAYER_CITIES_ADJUST_BUILDING_YIELD_CHANGE',	'CITY_HAS_HIGH_POPULATION'),

		('ADMIRALITYCOURT_HIGH_ADJACENCY_LIGHTHOUSE_JNR',			'MODIFIER_PLAYER_CITIES_ADJUST_BUILDING_YIELD_CHANGE',	'HARBOR_HAS_HIGH_ADJACENCY_JNR'),
		('ADMIRALITYCOURT_HIGH_ADJACENCY_LIGHTHOUSE_FISHING_JNR',	'MODIFIER_PLAYER_CITIES_ADJUST_BUILDING_YIELD_CHANGE',	'HARBOR_HAS_HIGH_ADJACENCY_JNR'),
		('ADMIRALITYCOURT_HIGH_ADJACENCY_SHIPYARD_JNR',				'MODIFIER_PLAYER_CITIES_ADJUST_BUILDING_YIELD_CHANGE',	'HARBOR_HAS_HIGH_ADJACENCY_JNR'),
		('ADMIRALITYCOURT_HIGH_ADJACENCY_FISH_MARKET_JNR',			'MODIFIER_PLAYER_CITIES_ADJUST_BUILDING_YIELD_CHANGE',	'HARBOR_HAS_HIGH_ADJACENCY_JNR'),
		('ADMIRALITYCOURT_HIGH_ADJACENCY_ENTREPOT_JNR',				'MODIFIER_PLAYER_CITIES_ADJUST_BUILDING_YIELD_CHANGE',	'HARBOR_HAS_HIGH_ADJACENCY_JNR'),
		('ADMIRALITYCOURT_HIGH_ADJACENCY_SEAPORT_JNR',				'MODIFIER_PLAYER_CITIES_ADJUST_BUILDING_YIELD_CHANGE',	'HARBOR_HAS_HIGH_ADJACENCY_JNR'),
		('ADMIRALITYCOURT_HIGH_ADJACENCY_OFFSHORE_TERMINAL_JNR',	'MODIFIER_PLAYER_CITIES_ADJUST_BUILDING_YIELD_CHANGE',	'HARBOR_HAS_HIGH_ADJACENCY_JNR'),

		('ADMIRALITYCOURT_HIGH_POP_LIGHTHOUSE_JNR',					'MODIFIER_PLAYER_CITIES_ADJUST_BUILDING_YIELD_CHANGE',	'CITY_HAS_HIGH_POPULATION'),
		('ADMIRALITYCOURT_HIGH_POP_LIGHTHOUSE_FISHING_JNR',			'MODIFIER_PLAYER_CITIES_ADJUST_BUILDING_YIELD_CHANGE',	'CITY_HAS_HIGH_POPULATION'),
		('ADMIRALITYCOURT_HIGH_POP_SHIPYARD_JNR',					'MODIFIER_PLAYER_CITIES_ADJUST_BUILDING_YIELD_CHANGE',	'CITY_HAS_HIGH_POPULATION'),
		('ADMIRALITYCOURT_HIGH_POP_FISH_MARKET_JNR',				'MODIFIER_PLAYER_CITIES_ADJUST_BUILDING_YIELD_CHANGE',	'CITY_HAS_HIGH_POPULATION'),
		('ADMIRALITYCOURT_HIGH_POP_ENTREPOT_JNR',					'MODIFIER_PLAYER_CITIES_ADJUST_BUILDING_YIELD_CHANGE',	'CITY_HAS_HIGH_POPULATION'),
		('ADMIRALITYCOURT_HIGH_POP_SEAPORT_JNR',					'MODIFIER_PLAYER_CITIES_ADJUST_BUILDING_YIELD_CHANGE',	'CITY_HAS_HIGH_POPULATION'),
		('ADMIRALITYCOURT_HIGH_POP_OFFSHORE_TERMINAL_JNR',			'MODIFIER_PLAYER_CITIES_ADJUST_BUILDING_YIELD_CHANGE',	'CITY_HAS_HIGH_POPULATION'),
		
		('CONTAINERIZATION_HIGH_ADJACENCY_LIGHTHOUSE_JNR',			'MODIFIER_PLAYER_CITIES_ADJUST_BUILDING_YIELD_CHANGE',	'HARBOR_HAS_HIGH_ADJACENCY_JNR'),
		('CONTAINERIZATION_HIGH_ADJACENCY_LIGHTHOUSE_FISHING_JNR',	'MODIFIER_PLAYER_CITIES_ADJUST_BUILDING_YIELD_CHANGE',	'HARBOR_HAS_HIGH_ADJACENCY_JNR'),
		('CONTAINERIZATION_HIGH_ADJACENCY_SHIPYARD_JNR',			'MODIFIER_PLAYER_CITIES_ADJUST_BUILDING_YIELD_CHANGE',	'HARBOR_HAS_HIGH_ADJACENCY_JNR'),
		('CONTAINERIZATION_HIGH_ADJACENCY_FISH_MARKET_JNR',			'MODIFIER_PLAYER_CITIES_ADJUST_BUILDING_YIELD_CHANGE',	'HARBOR_HAS_HIGH_ADJACENCY_JNR'),
		('CONTAINERIZATION_HIGH_ADJACENCY_ENTREPOT_JNR',			'MODIFIER_PLAYER_CITIES_ADJUST_BUILDING_YIELD_CHANGE',	'HARBOR_HAS_HIGH_ADJACENCY_JNR'),
		('CONTAINERIZATION_HIGH_ADJACENCY_SEAPORT_JNR',				'MODIFIER_PLAYER_CITIES_ADJUST_BUILDING_YIELD_CHANGE',	'HARBOR_HAS_HIGH_ADJACENCY_JNR'),
		('CONTAINERIZATION_HIGH_ADJACENCY_OFFSHORE_TERMINAL_JNR',	'MODIFIER_PLAYER_CITIES_ADJUST_BUILDING_YIELD_CHANGE',	'HARBOR_HAS_HIGH_ADJACENCY_JNR'),

		('CONTAINERIZATION_HIGH_POP_LIGHTHOUSE_JNR',				'MODIFIER_PLAYER_CITIES_ADJUST_BUILDING_YIELD_CHANGE',	'CITY_HAS_HIGH_POPULATION'),
		('CONTAINERIZATION_HIGH_POP_LIGHTHOUSE_FISHING_JNR',		'MODIFIER_PLAYER_CITIES_ADJUST_BUILDING_YIELD_CHANGE',	'CITY_HAS_HIGH_POPULATION'),
		('CONTAINERIZATION_HIGH_POP_SHIPYARD_JNR',					'MODIFIER_PLAYER_CITIES_ADJUST_BUILDING_YIELD_CHANGE',	'CITY_HAS_HIGH_POPULATION'),
		('CONTAINERIZATION_HIGH_POP_FISH_MARKET_JNR',				'MODIFIER_PLAYER_CITIES_ADJUST_BUILDING_YIELD_CHANGE',	'CITY_HAS_HIGH_POPULATION'),
		('CONTAINERIZATION_HIGH_POP_ENTREPOT_JNR',					'MODIFIER_PLAYER_CITIES_ADJUST_BUILDING_YIELD_CHANGE',	'CITY_HAS_HIGH_POPULATION'),
		('CONTAINERIZATION_HIGH_POP_SEAPORT_JNR',					'MODIFIER_PLAYER_CITIES_ADJUST_BUILDING_YIELD_CHANGE',	'CITY_HAS_HIGH_POPULATION'),
		('CONTAINERIZATION_HIGH_POP_OFFSHORE_TERMINAL_JNR',			'MODIFIER_PLAYER_CITIES_ADJUST_BUILDING_YIELD_CHANGE',	'CITY_HAS_HIGH_POPULATION');
--------------------------------------------------------------

-- ModifierArguments
--------------------------------------------------------------
INSERT OR IGNORE INTO ModifierArguments
		(ModifierId,												Name,			Value)
VALUES	('FREEMARKET_HIGH_ADJACENCY_MARKET_JNR',					'BuildingType',	'BUILDING_MARKET'),
		('FREEMARKET_HIGH_ADJACENCY_MINT_JNR',						'BuildingType',	'BUILDING_JNR_MINT'),
		('FREEMARKET_HIGH_ADJACENCY_WAYSTATION_JNR',				'BuildingType',	'BUILDING_JNR_WAYSTATION'),
		('FREEMARKET_HIGH_ADJACENCY_BANK_JNR',						'BuildingType',	'BUILDING_BANK'),
		('FREEMARKET_HIGH_ADJACENCY_GUILDHALL_JNR',					'BuildingType',	'BUILDING_JNR_GUILDHALL'),
		('FREEMARKET_HIGH_ADJACENCY_MERCHANT_QUARTER_JNR',			'BuildingType',	'BUILDING_JNR_MERCHANT_QUARTER'),
		('FREEMARKET_HIGH_ADJACENCY_STOCK_EXCHANGE_JNR',			'BuildingType',	'BUILDING_STOCK_EXCHANGE'),
		('FREEMARKET_HIGH_ADJACENCY_COMMODITY_EXCHANGE_JNR',		'BuildingType',	'BUILDING_JNR_COMMODITY_EXCHANGE'),
		('FREEMARKET_HIGH_ADJACENCY_MARKETING_AGENCY_JNR',			'BuildingType',	'BUILDING_JNR_MARKETING_AGENCY'),
		('FREEMARKET_HIGH_ADJACENCY_MARKET_JNR',					'YieldType',	'YIELD_GOLD'),
		('FREEMARKET_HIGH_ADJACENCY_MINT_JNR',						'YieldType',	'YIELD_GOLD'),
		('FREEMARKET_HIGH_ADJACENCY_WAYSTATION_JNR',				'YieldType',	'YIELD_GOLD'),
		('FREEMARKET_HIGH_ADJACENCY_BANK_JNR',						'YieldType',	'YIELD_GOLD'),
		('FREEMARKET_HIGH_ADJACENCY_GUILDHALL_JNR',					'YieldType',	'YIELD_GOLD'),
		('FREEMARKET_HIGH_ADJACENCY_MERCHANT_QUARTER_JNR',			'YieldType',	'YIELD_GOLD'),
		('FREEMARKET_HIGH_ADJACENCY_STOCK_EXCHANGE_JNR',			'YieldType',	'YIELD_GOLD'),
		('FREEMARKET_HIGH_ADJACENCY_COMMODITY_EXCHANGE_JNR',		'YieldType',	'YIELD_GOLD'),
		('FREEMARKET_HIGH_ADJACENCY_MARKETING_AGENCY_JNR',			'YieldType',	'YIELD_GOLD'),
		('FREEMARKET_HIGH_ADJACENCY_MARKET_JNR',					'Amount',		2),
		('FREEMARKET_HIGH_ADJACENCY_MINT_JNR',						'Amount',		2),
		('FREEMARKET_HIGH_ADJACENCY_WAYSTATION_JNR',				'Amount',		2),
		('FREEMARKET_HIGH_ADJACENCY_BANK_JNR',						'Amount',		2),
		('FREEMARKET_HIGH_ADJACENCY_GUILDHALL_JNR',					'Amount',		2),
		('FREEMARKET_HIGH_ADJACENCY_MERCHANT_QUARTER_JNR',			'Amount',		2),
		('FREEMARKET_HIGH_ADJACENCY_STOCK_EXCHANGE_JNR',			'Amount',		2),
		('FREEMARKET_HIGH_ADJACENCY_COMMODITY_EXCHANGE_JNR',		'Amount',		2),
		('FREEMARKET_HIGH_ADJACENCY_MARKETING_AGENCY_JNR',			'Amount',		2),

		('FREEMARKET_HIGH_POP_MARKET_JNR',							'BuildingType',	'BUILDING_MARKET'),
		('FREEMARKET_HIGH_POP_MINT_JNR',							'BuildingType',	'BUILDING_JNR_MINT'),
		('FREEMARKET_HIGH_POP_WAYSTATION_JNR',						'BuildingType',	'BUILDING_JNR_WAYSTATION'),
		('FREEMARKET_HIGH_POP_BANK_JNR',							'BuildingType',	'BUILDING_BANK'),
		('FREEMARKET_HIGH_POP_GUILDHALL_JNR',						'BuildingType',	'BUILDING_JNR_GUILDHALL'),
		('FREEMARKET_HIGH_POP_MERCHANT_QUARTER_JNR',				'BuildingType',	'BUILDING_JNR_MERCHANT_QUARTER'),
		('FREEMARKET_HIGH_POP_STOCK_EXCHANGE_JNR',					'BuildingType',	'BUILDING_STOCK_EXCHANGE'),
		('FREEMARKET_HIGH_POP_COMMODITY_EXCHANGE_JNR',				'BuildingType',	'BUILDING_JNR_COMMODITY_EXCHANGE'),
		('FREEMARKET_HIGH_POP_MARKETING_AGENCY_JNR',				'BuildingType',	'BUILDING_JNR_MARKETING_AGENCY'),
		('FREEMARKET_HIGH_POP_MARKET_JNR',							'YieldType',	'YIELD_GOLD'),
		('FREEMARKET_HIGH_POP_MINT_JNR',							'YieldType',	'YIELD_GOLD'),
		('FREEMARKET_HIGH_POP_WAYSTATION_JNR',						'YieldType',	'YIELD_GOLD'),
		('FREEMARKET_HIGH_POP_BANK_JNR',							'YieldType',	'YIELD_GOLD'),
		('FREEMARKET_HIGH_POP_GUILDHALL_JNR',						'YieldType',	'YIELD_GOLD'),
		('FREEMARKET_HIGH_POP_MERCHANT_QUARTER_JNR',				'YieldType',	'YIELD_GOLD'),
		('FREEMARKET_HIGH_POP_STOCK_EXCHANGE_JNR',					'YieldType',	'YIELD_GOLD'),
		('FREEMARKET_HIGH_POP_COMMODITY_EXCHANGE_JNR',				'YieldType',	'YIELD_GOLD'),
		('FREEMARKET_HIGH_POP_MARKETING_AGENCY_JNR',				'YieldType',	'YIELD_GOLD'),
		('FREEMARKET_HIGH_POP_MARKET_JNR',							'Amount',		2),
		('FREEMARKET_HIGH_POP_MINT_JNR',							'Amount',		2),
		('FREEMARKET_HIGH_POP_WAYSTATION_JNR',						'Amount',		2),
		('FREEMARKET_HIGH_POP_BANK_JNR',							'Amount',		2),
		('FREEMARKET_HIGH_POP_GUILDHALL_JNR',						'Amount',		2),
		('FREEMARKET_HIGH_POP_MERCHANT_QUARTER_JNR',				'Amount',		2),
		('FREEMARKET_HIGH_POP_STOCK_EXCHANGE_JNR',					'Amount',		2),
		('FREEMARKET_HIGH_POP_COMMODITY_EXCHANGE_JNR',				'Amount',		2),
		('FREEMARKET_HIGH_POP_MARKETING_AGENCY_JNR',				'Amount',		2),
		
		('DEREGULATION_HIGH_ADJACENCY_MARKET_JNR',					'BuildingType',	'BUILDING_MARKET'),
		('DEREGULATION_HIGH_ADJACENCY_MINT_JNR',					'BuildingType',	'BUILDING_JNR_MINT'),
		('DEREGULATION_HIGH_ADJACENCY_WAYSTATION_JNR',				'BuildingType',	'BUILDING_JNR_WAYSTATION'),
		('DEREGULATION_HIGH_ADJACENCY_BANK_JNR',					'BuildingType',	'BUILDING_BANK'),
		('DEREGULATION_HIGH_ADJACENCY_GUILDHALL_JNR',				'BuildingType',	'BUILDING_JNR_GUILDHALL'),
		('DEREGULATION_HIGH_ADJACENCY_MERCHANT_QUARTER_JNR',		'BuildingType',	'BUILDING_JNR_MERCHANT_QUARTER'),
		('DEREGULATION_HIGH_ADJACENCY_STOCK_EXCHANGE_JNR',			'BuildingType',	'BUILDING_STOCK_EXCHANGE'),
		('DEREGULATION_HIGH_ADJACENCY_COMMODITY_EXCHANGE_JNR',		'BuildingType',	'BUILDING_JNR_COMMODITY_EXCHANGE'),
		('DEREGULATION_HIGH_ADJACENCY_MARKETING_AGENCY_JNR',		'BuildingType',	'BUILDING_JNR_MARKETING_AGENCY'),
		('DEREGULATION_HIGH_ADJACENCY_MARKET_JNR',					'YieldType',	'YIELD_GOLD'),
		('DEREGULATION_HIGH_ADJACENCY_MINT_JNR',					'YieldType',	'YIELD_GOLD'),
		('DEREGULATION_HIGH_ADJACENCY_WAYSTATION_JNR',				'YieldType',	'YIELD_GOLD'),
		('DEREGULATION_HIGH_ADJACENCY_BANK_JNR',					'YieldType',	'YIELD_GOLD'),
		('DEREGULATION_HIGH_ADJACENCY_GUILDHALL_JNR',				'YieldType',	'YIELD_GOLD'),
		('DEREGULATION_HIGH_ADJACENCY_MERCHANT_QUARTER_JNR',		'YieldType',	'YIELD_GOLD'),
		('DEREGULATION_HIGH_ADJACENCY_STOCK_EXCHANGE_JNR',			'YieldType',	'YIELD_GOLD'),
		('DEREGULATION_HIGH_ADJACENCY_COMMODITY_EXCHANGE_JNR',		'YieldType',	'YIELD_GOLD'),
		('DEREGULATION_HIGH_ADJACENCY_MARKETING_AGENCY_JNR',		'YieldType',	'YIELD_GOLD'),
		('DEREGULATION_HIGH_ADJACENCY_MARKET_JNR',					'Amount',		2),
		('DEREGULATION_HIGH_ADJACENCY_MINT_JNR',					'Amount',		2),
		('DEREGULATION_HIGH_ADJACENCY_WAYSTATION_JNR',				'Amount',		2),
		('DEREGULATION_HIGH_ADJACENCY_BANK_JNR',					'Amount',		4),
		('DEREGULATION_HIGH_ADJACENCY_GUILDHALL_JNR',				'Amount',		4),
		('DEREGULATION_HIGH_ADJACENCY_MERCHANT_QUARTER_JNR',		'Amount',		4),
		('DEREGULATION_HIGH_ADJACENCY_STOCK_EXCHANGE_JNR',			'Amount',		6),
		('DEREGULATION_HIGH_ADJACENCY_COMMODITY_EXCHANGE_JNR',		'Amount',		6),
		('DEREGULATION_HIGH_ADJACENCY_MARKETING_AGENCY_JNR',		'Amount',		6),

		('DEREGULATION_HIGH_POP_MARKET_JNR',						'BuildingType',	'BUILDING_MARKET'),
		('DEREGULATION_HIGH_POP_MINT_JNR',							'BuildingType',	'BUILDING_JNR_MINT'),
		('DEREGULATION_HIGH_POP_WAYSTATION_JNR',					'BuildingType',	'BUILDING_JNR_WAYSTATION'),
		('DEREGULATION_HIGH_POP_BANK_JNR',							'BuildingType',	'BUILDING_BANK'),
		('DEREGULATION_HIGH_POP_GUILDHALL_JNR',						'BuildingType',	'BUILDING_JNR_GUILDHALL'),
		('DEREGULATION_HIGH_POP_MERCHANT_QUARTER_JNR',				'BuildingType',	'BUILDING_JNR_MERCHANT_QUARTER'),
		('DEREGULATION_HIGH_POP_STOCK_EXCHANGE_JNR',				'BuildingType',	'BUILDING_STOCK_EXCHANGE'),
		('DEREGULATION_HIGH_POP_COMMODITY_EXCHANGE_JNR',			'BuildingType',	'BUILDING_JNR_COMMODITY_EXCHANGE'),
		('DEREGULATION_HIGH_POP_MARKETING_AGENCY_JNR',				'BuildingType',	'BUILDING_JNR_MARKETING_AGENCY'),
		('DEREGULATION_HIGH_POP_MARKET_JNR',						'YieldType',	'YIELD_GOLD'),
		('DEREGULATION_HIGH_POP_MINT_JNR',							'YieldType',	'YIELD_GOLD'),
		('DEREGULATION_HIGH_POP_WAYSTATION_JNR',					'YieldType',	'YIELD_GOLD'),
		('DEREGULATION_HIGH_POP_BANK_JNR',							'YieldType',	'YIELD_GOLD'),
		('DEREGULATION_HIGH_POP_GUILDHALL_JNR',						'YieldType',	'YIELD_GOLD'),
		('DEREGULATION_HIGH_POP_MERCHANT_QUARTER_JNR',				'YieldType',	'YIELD_GOLD'),
		('DEREGULATION_HIGH_POP_STOCK_EXCHANGE_JNR',				'YieldType',	'YIELD_GOLD'),
		('DEREGULATION_HIGH_POP_COMMODITY_EXCHANGE_JNR',			'YieldType',	'YIELD_GOLD'),
		('DEREGULATION_HIGH_POP_MARKETING_AGENCY_JNR',				'YieldType',	'YIELD_GOLD'),
		('DEREGULATION_HIGH_POP_MARKET_JNR',						'Amount',		2),
		('DEREGULATION_HIGH_POP_MINT_JNR',							'Amount',		2),
		('DEREGULATION_HIGH_POP_WAYSTATION_JNR',					'Amount',		2),
		('DEREGULATION_HIGH_POP_BANK_JNR',							'Amount',		4),
		('DEREGULATION_HIGH_POP_GUILDHALL_JNR',						'Amount',		4),
		('DEREGULATION_HIGH_POP_MERCHANT_QUARTER_JNR',				'Amount',		4),
		('DEREGULATION_HIGH_POP_STOCK_EXCHANGE_JNR',				'Amount',		6),
		('DEREGULATION_HIGH_POP_COMMODITY_EXCHANGE_JNR',			'Amount',		6),
		('DEREGULATION_HIGH_POP_MARKETING_AGENCY_JNR',				'Amount',		6),

		('ADMIRALITYCOURT_HIGH_ADJACENCY_LIGHTHOUSE_JNR',			'BuildingType',	'BUILDING_LIGHTHOUSE'),
		('ADMIRALITYCOURT_HIGH_ADJACENCY_LIGHTHOUSE_FISHING_JNR',	'BuildingType',	'BUILDING_JNR_LIGHTHOUSE_FISHING'),
		('ADMIRALITYCOURT_HIGH_ADJACENCY_SHIPYARD_JNR',				'BuildingType',	'BUILDING_SHIPYARD'),
		('ADMIRALITYCOURT_HIGH_ADJACENCY_FISH_MARKET_JNR',			'BuildingType',	'BUILDING_JNR_FISH_MARKET'),
		('ADMIRALITYCOURT_HIGH_ADJACENCY_ENTREPOT_JNR',				'BuildingType',	'BUILDING_JNR_ENTREPOT'),
		('ADMIRALITYCOURT_HIGH_ADJACENCY_SEAPORT_JNR',				'BuildingType',	'BUILDING_SEAPORT'),
		('ADMIRALITYCOURT_HIGH_ADJACENCY_OFFSHORE_TERMINAL_JNR',	'BuildingType',	'BUILDING_JNR_OFFSHORE_TERMINAL'),
		('ADMIRALITYCOURT_HIGH_ADJACENCY_LIGHTHOUSE_JNR',			'YieldType',	'YIELD_FOOD'),
		('ADMIRALITYCOURT_HIGH_ADJACENCY_LIGHTHOUSE_FISHING_JNR',	'YieldType',	'YIELD_FOOD'),
		('ADMIRALITYCOURT_HIGH_ADJACENCY_SHIPYARD_JNR',				'YieldType',	'YIELD_FOOD'),
		('ADMIRALITYCOURT_HIGH_ADJACENCY_FISH_MARKET_JNR',			'YieldType',	'YIELD_FOOD'),
		('ADMIRALITYCOURT_HIGH_ADJACENCY_ENTREPOT_JNR',				'YieldType',	'YIELD_FOOD'),
		('ADMIRALITYCOURT_HIGH_ADJACENCY_SEAPORT_JNR',				'YieldType',	'YIELD_FOOD'),
		('ADMIRALITYCOURT_HIGH_ADJACENCY_OFFSHORE_TERMINAL_JNR',	'YieldType',	'YIELD_FOOD'),
		('ADMIRALITYCOURT_HIGH_ADJACENCY_LIGHTHOUSE_JNR',			'Amount',		1),
		('ADMIRALITYCOURT_HIGH_ADJACENCY_LIGHTHOUSE_FISHING_JNR',	'Amount',		1),
		('ADMIRALITYCOURT_HIGH_ADJACENCY_SHIPYARD_JNR',				'Amount',		1),
		('ADMIRALITYCOURT_HIGH_ADJACENCY_FISH_MARKET_JNR',			'Amount',		1),
		('ADMIRALITYCOURT_HIGH_ADJACENCY_ENTREPOT_JNR',				'Amount',		1),
		('ADMIRALITYCOURT_HIGH_ADJACENCY_SEAPORT_JNR',				'Amount',		1),
		('ADMIRALITYCOURT_HIGH_ADJACENCY_OFFSHORE_TERMINAL_JNR',	'Amount',		1),

		('ADMIRALITYCOURT_HIGH_POP_LIGHTHOUSE_JNR',					'BuildingType',	'BUILDING_LIGHTHOUSE'),
		('ADMIRALITYCOURT_HIGH_POP_LIGHTHOUSE_FISHING_JNR',			'BuildingType',	'BUILDING_JNR_LIGHTHOUSE_FISHING'),
		('ADMIRALITYCOURT_HIGH_POP_SHIPYARD_JNR',					'BuildingType',	'BUILDING_SHIPYARD'),
		('ADMIRALITYCOURT_HIGH_POP_FISH_MARKET_JNR',				'BuildingType',	'BUILDING_JNR_FISH_MARKET'),
		('ADMIRALITYCOURT_HIGH_POP_ENTREPOT_JNR',					'BuildingType',	'BUILDING_JNR_ENTREPOT'),
		('ADMIRALITYCOURT_HIGH_POP_SEAPORT_JNR',					'BuildingType',	'BUILDING_SEAPORT'),
		('ADMIRALITYCOURT_HIGH_POP_OFFSHORE_TERMINAL_JNR',			'BuildingType',	'BUILDING_JNR_OFFSHORE_TERMINAL'),
		('ADMIRALITYCOURT_HIGH_POP_LIGHTHOUSE_JNR',					'YieldType',	'YIELD_PRODUCTION'),
		('ADMIRALITYCOURT_HIGH_POP_LIGHTHOUSE_FISHING_JNR',			'YieldType',	'YIELD_PRODUCTION'),
		('ADMIRALITYCOURT_HIGH_POP_SHIPYARD_JNR',					'YieldType',	'YIELD_PRODUCTION'),
		('ADMIRALITYCOURT_HIGH_POP_FISH_MARKET_JNR',				'YieldType',	'YIELD_PRODUCTION'),
		('ADMIRALITYCOURT_HIGH_POP_ENTREPOT_JNR',					'YieldType',	'YIELD_PRODUCTION'),
		('ADMIRALITYCOURT_HIGH_POP_SEAPORT_JNR',					'YieldType',	'YIELD_PRODUCTION'),
		('ADMIRALITYCOURT_HIGH_POP_OFFSHORE_TERMINAL_JNR',			'YieldType',	'YIELD_PRODUCTION'),
		('ADMIRALITYCOURT_HIGH_POP_LIGHTHOUSE_JNR',					'Amount',		1),
		('ADMIRALITYCOURT_HIGH_POP_LIGHTHOUSE_FISHING_JNR',			'Amount',		1),
		('ADMIRALITYCOURT_HIGH_POP_SHIPYARD_JNR',					'Amount',		1),
		('ADMIRALITYCOURT_HIGH_POP_FISH_MARKET_JNR',				'Amount',		1),
		('ADMIRALITYCOURT_HIGH_POP_ENTREPOT_JNR',					'Amount',		1),
		('ADMIRALITYCOURT_HIGH_POP_SEAPORT_JNR',					'Amount',		1),
		('ADMIRALITYCOURT_HIGH_POP_OFFSHORE_TERMINAL_JNR',			'Amount',		1),
		
		('CONTAINERIZATION_HIGH_ADJACENCY_LIGHTHOUSE_JNR',			'BuildingType',	'BUILDING_LIGHTHOUSE'),
		('CONTAINERIZATION_HIGH_ADJACENCY_LIGHTHOUSE_FISHING_JNR',	'BuildingType',	'BUILDING_JNR_LIGHTHOUSE_FISHING'),
		('CONTAINERIZATION_HIGH_ADJACENCY_SHIPYARD_JNR',			'BuildingType',	'BUILDING_SHIPYARD'),
		('CONTAINERIZATION_HIGH_ADJACENCY_FISH_MARKET_JNR',			'BuildingType',	'BUILDING_JNR_FISH_MARKET'),
		('CONTAINERIZATION_HIGH_ADJACENCY_ENTREPOT_JNR',			'BuildingType',	'BUILDING_JNR_ENTREPOT'),
		('CONTAINERIZATION_HIGH_ADJACENCY_SEAPORT_JNR',				'BuildingType',	'BUILDING_SEAPORT'),
		('CONTAINERIZATION_HIGH_ADJACENCY_OFFSHORE_TERMINAL_JNR',	'BuildingType',	'BUILDING_JNR_OFFSHORE_TERMINAL'),
		('CONTAINERIZATION_HIGH_ADJACENCY_LIGHTHOUSE_JNR',			'YieldType',	'YIELD_FOOD'),
		('CONTAINERIZATION_HIGH_ADJACENCY_LIGHTHOUSE_FISHING_JNR',	'YieldType',	'YIELD_FOOD'),
		('CONTAINERIZATION_HIGH_ADJACENCY_SHIPYARD_JNR',			'YieldType',	'YIELD_FOOD'),
		('CONTAINERIZATION_HIGH_ADJACENCY_FISH_MARKET_JNR',			'YieldType',	'YIELD_FOOD'),
		('CONTAINERIZATION_HIGH_ADJACENCY_ENTREPOT_JNR',			'YieldType',	'YIELD_FOOD'),
		('CONTAINERIZATION_HIGH_ADJACENCY_SEAPORT_JNR',				'YieldType',	'YIELD_FOOD'),
		('CONTAINERIZATION_HIGH_ADJACENCY_OFFSHORE_TERMINAL_JNR',	'YieldType',	'YIELD_FOOD'),
		('CONTAINERIZATION_HIGH_ADJACENCY_LIGHTHOUSE_JNR',			'Amount',		1),
		('CONTAINERIZATION_HIGH_ADJACENCY_LIGHTHOUSE_FISHING_JNR',	'Amount',		1),
		('CONTAINERIZATION_HIGH_ADJACENCY_SHIPYARD_JNR',			'Amount',		2),
		('CONTAINERIZATION_HIGH_ADJACENCY_FISH_MARKET_JNR',			'Amount',		2),
		('CONTAINERIZATION_HIGH_ADJACENCY_ENTREPOT_JNR',			'Amount',		2),
		('CONTAINERIZATION_HIGH_ADJACENCY_SEAPORT_JNR',				'Amount',		2),
		('CONTAINERIZATION_HIGH_ADJACENCY_OFFSHORE_TERMINAL_JNR',		'Amount',		3),

		('CONTAINERIZATION_HIGH_POP_LIGHTHOUSE_JNR',				'BuildingType',	'BUILDING_LIGHTHOUSE'),
		('CONTAINERIZATION_HIGH_POP_LIGHTHOUSE_FISHING_JNR',		'BuildingType',	'BUILDING_JNR_LIGHTHOUSE_FISHING'),
		('CONTAINERIZATION_HIGH_POP_SHIPYARD_JNR',					'BuildingType',	'BUILDING_SHIPYARD'),
		('CONTAINERIZATION_HIGH_POP_FISH_MARKET_JNR',				'BuildingType',	'BUILDING_JNR_FISH_MARKET'),
		('CONTAINERIZATION_HIGH_POP_ENTREPOT_JNR',					'BuildingType',	'BUILDING_JNR_ENTREPOT'),
		('CONTAINERIZATION_HIGH_POP_SEAPORT_JNR',					'BuildingType',	'BUILDING_SEAPORT'),
		('CONTAINERIZATION_HIGH_POP_OFFSHORE_TERMINAL_JNR',			'BuildingType',	'BUILDING_JNR_OFFSHORE_TERMINAL'),
		('CONTAINERIZATION_HIGH_POP_LIGHTHOUSE_JNR',				'YieldType',	'YIELD_PRODUCTION'),
		('CONTAINERIZATION_HIGH_POP_LIGHTHOUSE_FISHING_JNR',		'YieldType',	'YIELD_PRODUCTION'),
		('CONTAINERIZATION_HIGH_POP_SHIPYARD_JNR',					'YieldType',	'YIELD_PRODUCTION'),
		('CONTAINERIZATION_HIGH_POP_FISH_MARKET_JNR',				'YieldType',	'YIELD_PRODUCTION'),
		('CONTAINERIZATION_HIGH_POP_ENTREPOT_JNR',					'YieldType',	'YIELD_PRODUCTION'),
		('CONTAINERIZATION_HIGH_POP_SEAPORT_JNR',					'YieldType',	'YIELD_PRODUCTION'),
		('CONTAINERIZATION_HIGH_POP_OFFSHORE_TERMINAL_JNR',			'YieldType',	'YIELD_PRODUCTION'),
		('CONTAINERIZATION_HIGH_POP_LIGHTHOUSE_JNR',				'Amount',		1),
		('CONTAINERIZATION_HIGH_POP_LIGHTHOUSE_FISHING_JNR',		'Amount',		1),
		('CONTAINERIZATION_HIGH_POP_SHIPYARD_JNR',					'Amount',		2),
		('CONTAINERIZATION_HIGH_POP_FISH_MARKET_JNR',					'Amount',		2),
		('CONTAINERIZATION_HIGH_POP_ENTREPOT_JNR',					'Amount',		2),
		('CONTAINERIZATION_HIGH_POP_SEAPORT_JNR',					'Amount',		3),
		('CONTAINERIZATION_HIGH_POP_OFFSHORE_TERMINAL_JNR',			'Amount',		3);
--------------------------------------------------------------

-- PolicyModifiers
--------------------------------------------------------------
DELETE FROM PolicyModifiers WHERE PolicyType='POLICY_FREE_MARKET' AND ModifierId='FREEMARKET_BUILDING_YIELDS_HIGH_ADJACENCY';
DELETE FROM PolicyModifiers WHERE PolicyType='POLICY_FREE_MARKET' AND ModifierId='FREEMARKET_BUILDING_YIELDS_HIGH_POP';

INSERT OR IGNORE INTO PolicyModifiers
		(PolicyType,					ModifierId)
VALUES	('POLICY_FREE_MARKET',			'FREEMARKET_HIGH_ADJACENCY_MARKET_JNR'),
		('POLICY_FREE_MARKET',			'FREEMARKET_HIGH_ADJACENCY_MINT_JNR'),
		('POLICY_FREE_MARKET',			'FREEMARKET_HIGH_ADJACENCY_WAYSTATION_JNR'),
		('POLICY_FREE_MARKET',			'FREEMARKET_HIGH_ADJACENCY_BANK_JNR'),
		('POLICY_FREE_MARKET',			'FREEMARKET_HIGH_ADJACENCY_GUILDHALL_JNR'),
		('POLICY_FREE_MARKET',			'FREEMARKET_HIGH_ADJACENCY_MERCHANT_QUARTER_JNR'),
		('POLICY_FREE_MARKET',			'FREEMARKET_HIGH_ADJACENCY_STOCK_EXCHANGE_JNR'),
		('POLICY_FREE_MARKET',			'FREEMARKET_HIGH_ADJACENCY_COMMODITY_EXCHANGE_JNR'),
		('POLICY_FREE_MARKET',			'FREEMARKET_HIGH_ADJACENCY_MARKETING_AGENCY_JNR'),
		('POLICY_FREE_MARKET',			'FREEMARKET_HIGH_POP_MARKET_JNR'),
		('POLICY_FREE_MARKET',			'FREEMARKET_HIGH_POP_MINT_JNR'),
		('POLICY_FREE_MARKET',			'FREEMARKET_HIGH_POP_WAYSTATION_JNR'),
		('POLICY_FREE_MARKET',			'FREEMARKET_HIGH_POP_BANK_JNR'),
		('POLICY_FREE_MARKET',			'FREEMARKET_HIGH_POP_GUILDHALL_JNR'),
		('POLICY_FREE_MARKET',			'FREEMARKET_HIGH_POP_MERCHANT_QUARTER_JNR'),
		('POLICY_FREE_MARKET',			'FREEMARKET_HIGH_POP_STOCK_EXCHANGE_JNR'),
		('POLICY_FREE_MARKET',			'FREEMARKET_HIGH_POP_COMMODITY_EXCHANGE_JNR'),
		('POLICY_FREE_MARKET',			'FREEMARKET_HIGH_POP_MARKETING_AGENCY_JNR'),
		
		('POLICY_JNR_DEREGULATION',		'DEREGULATION_HIGH_ADJACENCY_MARKET_JNR'),
		('POLICY_JNR_DEREGULATION',		'DEREGULATION_HIGH_ADJACENCY_MINT_JNR'),
		('POLICY_JNR_DEREGULATION',		'DEREGULATION_HIGH_ADJACENCY_WAYSTATION_JNR'),
		('POLICY_JNR_DEREGULATION',		'DEREGULATION_HIGH_ADJACENCY_BANK_JNR'),
		('POLICY_JNR_DEREGULATION',		'DEREGULATION_HIGH_ADJACENCY_GUILDHALL_JNR'),
		('POLICY_JNR_DEREGULATION',		'DEREGULATION_HIGH_ADJACENCY_MERCHANT_QUARTER_JNR'),
		('POLICY_JNR_DEREGULATION',		'DEREGULATION_HIGH_ADJACENCY_STOCK_EXCHANGE_JNR'),
		('POLICY_JNR_DEREGULATION',		'DEREGULATION_HIGH_ADJACENCY_COMMODITY_EXCHANGE_JNR'),
		('POLICY_JNR_DEREGULATION',		'DEREGULATION_HIGH_ADJACENCY_MARKETING_AGENCY_JNR'),
		('POLICY_JNR_DEREGULATION',		'DEREGULATION_HIGH_POP_MARKET_JNR'),
		('POLICY_JNR_DEREGULATION',		'DEREGULATION_HIGH_POP_MINT_JNR'),
		('POLICY_JNR_DEREGULATION',		'DEREGULATION_HIGH_POP_WAYSTATION_JNR'),
		('POLICY_JNR_DEREGULATION',		'DEREGULATION_HIGH_POP_BANK_JNR'),
		('POLICY_JNR_DEREGULATION',		'DEREGULATION_HIGH_POP_GUILDHALL_JNR'),
		('POLICY_JNR_DEREGULATION',		'DEREGULATION_HIGH_POP_MERCHANT_QUARTER_JNR'),
		('POLICY_JNR_DEREGULATION',		'DEREGULATION_HIGH_POP_STOCK_EXCHANGE_JNR'),
		('POLICY_JNR_DEREGULATION',		'DEREGULATION_HIGH_POP_COMMODITY_EXCHANGE_JNR'),
		('POLICY_JNR_DEREGULATION',		'DEREGULATION_HIGH_POP_MARKETING_AGENCY_JNR'),
		
		('POLICY_JNR_ADMIRALITY_COURT',	'ADMIRALITYCOURT_HIGH_ADJACENCY_LIGHTHOUSE_JNR'),
		('POLICY_JNR_ADMIRALITY_COURT',	'ADMIRALITYCOURT_HIGH_ADJACENCY_LIGHTHOUSE_FISHING_JNR'),
		('POLICY_JNR_ADMIRALITY_COURT',	'ADMIRALITYCOURT_HIGH_ADJACENCY_SHIPYARD_JNR'),
		('POLICY_JNR_ADMIRALITY_COURT',	'ADMIRALITYCOURT_HIGH_ADJACENCY_FISH_MARKET_JNR'),
		('POLICY_JNR_ADMIRALITY_COURT',	'ADMIRALITYCOURT_HIGH_ADJACENCY_ENTREPOT_JNR'),
		('POLICY_JNR_ADMIRALITY_COURT',	'ADMIRALITYCOURT_HIGH_ADJACENCY_SEAPORT_JNR'),
		('POLICY_JNR_ADMIRALITY_COURT',	'ADMIRALITYCOURT_HIGH_ADJACENCY_OFFSHORE_TERMINAL_JNR'),
		('POLICY_JNR_ADMIRALITY_COURT',	'ADMIRALITYCOURT_HIGH_POP_LIGHTHOUSE_JNR'),
		('POLICY_JNR_ADMIRALITY_COURT',	'ADMIRALITYCOURT_HIGH_POP_LIGHTHOUSE_FISHING_JNR'),
		('POLICY_JNR_ADMIRALITY_COURT',	'ADMIRALITYCOURT_HIGH_POP_SHIPYARD_JNR'),
		('POLICY_JNR_ADMIRALITY_COURT',	'ADMIRALITYCOURT_HIGH_POP_FISH_MARKET_JNR'),
		('POLICY_JNR_ADMIRALITY_COURT',	'ADMIRALITYCOURT_HIGH_POP_ENTREPOT_JNR'),
		('POLICY_JNR_ADMIRALITY_COURT',	'ADMIRALITYCOURT_HIGH_POP_SEAPORT_JNR'),
		('POLICY_JNR_ADMIRALITY_COURT',	'ADMIRALITYCOURT_HIGH_POP_OFFSHORE_TERMINAL_JNR'),
		
		('POLICY_JNR_CONTAINERIZATION',	'CONTAINERIZATION_HIGH_ADJACENCY_LIGHTHOUSE_JNR'),
		('POLICY_JNR_CONTAINERIZATION',	'CONTAINERIZATION_HIGH_ADJACENCY_LIGHTHOUSE_FISHING_JNR'),
		('POLICY_JNR_CONTAINERIZATION',	'CONTAINERIZATION_HIGH_ADJACENCY_SHIPYARD_JNR'),
		('POLICY_JNR_CONTAINERIZATION',	'CONTAINERIZATION_HIGH_ADJACENCY_FISH_MARKET_JNR'),
		('POLICY_JNR_CONTAINERIZATION',	'CONTAINERIZATION_HIGH_ADJACENCY_ENTREPOT_JNR'),
		('POLICY_JNR_CONTAINERIZATION',	'CONTAINERIZATION_HIGH_ADJACENCY_SEAPORT_JNR'),
		('POLICY_JNR_CONTAINERIZATION',	'CONTAINERIZATION_HIGH_ADJACENCY_OFFSHORE_TERMINAL_JNR'),
		('POLICY_JNR_CONTAINERIZATION',	'CONTAINERIZATION_HIGH_POP_LIGHTHOUSE_JNR'),
		('POLICY_JNR_CONTAINERIZATION',	'CONTAINERIZATION_HIGH_POP_LIGHTHOUSE_FISHING_JNR'),
		('POLICY_JNR_CONTAINERIZATION',	'CONTAINERIZATION_HIGH_POP_SHIPYARD_JNR'),
		('POLICY_JNR_CONTAINERIZATION',	'CONTAINERIZATION_HIGH_POP_FISH_MARKET_JNR'),
		('POLICY_JNR_CONTAINERIZATION',	'CONTAINERIZATION_HIGH_POP_ENTREPOT_JNR'),
		('POLICY_JNR_CONTAINERIZATION',	'CONTAINERIZATION_HIGH_POP_SEAPORT_JNR'),
		('POLICY_JNR_CONTAINERIZATION',	'CONTAINERIZATION_HIGH_POP_OFFSHORE_TERMINAL_JNR');
--------------------------------------------------------------