-- UC_COM_Bonuses_Special
-- Author: JNR
--------------------------------------------------------------

-- Buildings
--------------------------------------------------------------
UPDATE Buildings SET Housing=Housing+1 WHERE BuildingType='BUILDING_JNR_MERCHANT_QUARTER';
UPDATE Buildings SET Housing=Housing+1 WHERE BuildingType='BUILDING_GRAND_BAZAAR';
UPDATE Buildings SET Housing=Housing+2 WHERE BuildingType='BUILDING_JNR_WHARF_FISHING';
UPDATE Buildings SET Housing=Housing+2 WHERE BuildingType='BUILDING_JNR_WHARF_TRADE';
UPDATE Buildings SET Housing=Housing+1 WHERE BuildingType='BUILDING_JNR_LIGHTHOUSE_FISHING';
UPDATE Buildings SET Housing=Housing+1 WHERE BuildingType='BUILDING_JNR_FISH_MARKET';
UPDATE Buildings SET Housing=Housing+1 WHERE BuildingType='BUILDING_JNR_OFFSHORE_TERMINAL';
--------------------------------------------------------------

-- Building_GreatPersonPoints
--------------------------------------------------------------
DELETE FROM Building_GreatPersonPoints WHERE BuildingType='BUILDING_HANGAR';
DELETE FROM Building_GreatPersonPoints WHERE BuildingType='BUILDING_AIRPORT';

INSERT OR IGNORE INTO Building_GreatPersonPoints
		(BuildingType,						GreatPersonClassType,			PointsPerTurn)
VALUES	('BUILDING_JNR_MINT',				'GREAT_PERSON_CLASS_MERCHANT',	1),
		('BUILDING_JNR_WAYSTATION',			'GREAT_PERSON_CLASS_MERCHANT',	1),
		('BUILDING_JNR_GUILDHALL',			'GREAT_PERSON_CLASS_MERCHANT',	1),
		('BUILDING_JNR_MERCHANT_QUARTER',	'GREAT_PERSON_CLASS_MERCHANT',	1),
		('BUILDING_JNR_COMMODITY_EXCHANGE',	'GREAT_PERSON_CLASS_MERCHANT',	1),
		('BUILDING_JNR_MARKETING_AGENCY',	'GREAT_PERSON_CLASS_MERCHANT',	1),
		('BUILDING_JNR_LIGHTHOUSE_FISHING',	'GREAT_PERSON_CLASS_ADMIRAL',	1),
		('BUILDING_JNR_FISH_MARKET',		'GREAT_PERSON_CLASS_ADMIRAL',	1),
		('BUILDING_JNR_ENTREPOT',			'GREAT_PERSON_CLASS_MERCHANT',	1),
		('BUILDING_SEAPORT',				'GREAT_PERSON_CLASS_MERCHANT',	1),
		('BUILDING_JNR_OFFSHORE_TERMINAL',	'GREAT_PERSON_CLASS_ADMIRAL',	1),
		('BUILDING_HANGAR',					'GREAT_PERSON_CLASS_GENERAL',	1),
		('BUILDING_AIRPORT',				'GREAT_PERSON_CLASS_MERCHANT',	1);

DELETE FROM Building_GreatPersonPoints WHERE BuildingType='BUILDING_SEAPORT' AND GreatPersonClassType='GREAT_PERSON_CLASS_ADMIRAL';
--------------------------------------------------------------

-- Modifiers
--------------------------------------------------------------
INSERT OR IGNORE INTO Modifiers
		(ModifierId,								ModifierType,										SubjectRequirementSetId)
VALUES	('JNR_MINT_LOYALTY_ATTACH',					'MODIFIER_PLAYER_CITIES_ATTACH_MODIFIER',			'PLOT_RADIUS_6_TILES_REQUIREMENTS_JNR'),
		('JNR_MINT_LOYALTY',						'MODIFIER_SINGLE_CITY_ADJUST_IDENTITY_PER_TURN',	NULL),
		('JNR_WAYSTATION_STOCKPILE_CAP',			'MODIFIER_PLAYER_ADJUST_RESOURCE_STOCKPILE_CAP',	NULL),
		('JNR_MARKETING_AGENCY_APPEAL',				'MODIFIER_SINGLE_CITY_ADJUST_CITY_APPEAL',			NULL),
		('JNR_LIGHTHOUSE_GREAT_MERCHANT',			'MODIFIER_SINGLE_CITY_ADJUST_GREAT_PERSON_POINT',	'BUILDING_IS_COMMERCIAL_TIER1_JNR'),
		('JNR_SEAPORT_TRADE_ROUTE_CAPACITY',		'MODIFIER_PLAYER_ADJUST_TRADE_ROUTE_CAPACITY',		'SEAPORT_TRADE_ROUTE_CAPACITY_REQUIREMENTS_JNR'),
		('JNR_AIRPORT_TRADE_ROUTE_CAPACITY',		'MODIFIER_PLAYER_ADJUST_TRADE_ROUTE_CAPACITY',		NULL),
		('JNR_AIRPORT_TOURISM_MODERN_ERA_ATTACH',	'MODIFIER_PLAYER_CITIES_ATTACH_MODIFIER',			'PLOT_RADIUS_6_TILES_REQUIREMENTS_JNR'),
		('JNR_AIRPORT_TOURISM_MODERN_ERA',			'MODIFIER_SINGLE_CITY_ADJUST_TOURISM_LATE_ERAS',	NULL);

UPDATE Modifiers SET SubjectStackLimit=1 WHERE ModifierId='JNR_MINT_LOYALTY_ATTACH';
--------------------------------------------------------------

-- ModifierArguments
--------------------------------------------------------------
INSERT OR IGNORE INTO ModifierArguments
		(ModifierId,								Name,					Value)
VALUES	('JNR_MINT_LOYALTY_ATTACH',					'ModifierId',			'JNR_MINT_LOYALTY'),
		('JNR_MINT_LOYALTY',						'Amount',				2),
		('JNR_WAYSTATION_STOCKPILE_CAP',			'Amount',				10),
		('JNR_MARKETING_AGENCY_APPEAL',				'Amount',				1),
		('JNR_LIGHTHOUSE_GREAT_MERCHANT',			'Amount',				1),
		('JNR_LIGHTHOUSE_GREAT_MERCHANT',			'GreatPersonClassType',	'GREAT_PERSON_CLASS_MERCHANT'),
		('JNR_SEAPORT_TRADE_ROUTE_CAPACITY',		'Amount',				1),
		('JNR_AIRPORT_TRADE_ROUTE_CAPACITY',		'Amount',				1),
		('JNR_AIRPORT_TOURISM_MODERN_ERA_ATTACH',	'ModifierId',			'JNR_AIRPORT_TOURISM_MODERN_ERA'),
		('JNR_AIRPORT_TOURISM_MODERN_ERA',			'MinimumEra',			'ERA_MODERN'),
		('JNR_AIRPORT_TOURISM_MODERN_ERA',			'Modifier',				25);

UPDATE ModifierArguments SET Value=2		WHERE ModifierId='HANGAR_BONUS_AIR_SLOTS';
UPDATE ModifierArguments SET Value=Value+50	WHERE ModifierId='HANGAR_TRAINED_AIRCRAFT_XP';
--------------------------------------------------------------

-- BuildingModifiers
--------------------------------------------------------------
INSERT OR IGNORE INTO BuildingModifiers
		(BuildingType,						ModifierId)
VALUES	('BUILDING_JNR_MINT',				'MARKET_TRADE_ROUTE_CAPACITY'),
		('BUILDING_JNR_WAYSTATION',			'MARKET_TRADE_ROUTE_CAPACITY'),
		('BUILDING_JNR_MINT',				'JNR_MINT_LOYALTY_ATTACH'),
		('BUILDING_JNR_WAYSTATION',			'JNR_WAYSTATION_STOCKPILE_CAP'),
		('BUILDING_JNR_MARKETING_AGENCY',	'JNR_MARKETING_AGENCY_APPEAL'),
		('BUILDING_JNR_WHARF_TRADE',		'LIGHTHOUSE_TRADE_ROUTE_CAPACITY'),
		('BUILDING_JNR_WHARF_TRADE',		'JNR_LIGHTHOUSE_GREAT_MERCHANT'),
		('BUILDING_LIGHTHOUSE',				'JNR_LIGHTHOUSE_GREAT_MERCHANT'),
		('BUILDING_JNR_LIGHTHOUSE_FISHING',	'LIGHTHOUSE_TRAINED_UNIT_XP_MODIFIER'),
		('BUILDING_SEAPORT',				'JNR_SEAPORT_TRADE_ROUTE_CAPACITY'),
		('BUILDING_JNR_OFFSHORE_TERMINAL',	'JNR_SEAPORT_TRADE_ROUTE_CAPACITY'),
		('BUILDING_JNR_OFFSHORE_TERMINAL',	'SEAPORT_TRAINED_UNIT_XP_MODIFIER'),
		('BUILDING_JNR_OFFSHORE_TERMINAL',	'SEAPORT_TRAINED_CORPS_ARMY_DISCOUNT'),
		('BUILDING_HANGAR',					'HANGAR_TRAINED_AIRCRAFT_XP_MODIFIER'),
		('BUILDING_AIRPORT',				'JNR_AIRPORT_TRADE_ROUTE_CAPACITY'),
		('BUILDING_AIRPORT',				'JNR_AIRPORT_TOURISM_MODERN_ERA_ATTACH');		

INSERT OR IGNORE INTO BuildingModifiers
		(BuildingType,						ModifierId)
SELECT	'BUILDING_SUKIENNICE',				'JNR_WAYSTATION_STOCKPILE_CAP'
FROM	Buildings
WHERE	BuildingType='BUILDING_SUKIENNICE';

DELETE FROM BuildingModifiers WHERE BuildingType='BUILDING_LIGHTHOUSE'	AND ModifierId='LIGHTHOUSE_COASTAL_CITY_HOUSING';

DELETE FROM BuildingModifiers WHERE BuildingType='BUILDING_HANGAR'		AND ModifierId='JNR_HANGAR_TRAIN_FIGHTER_PRODUCTION';
DELETE FROM BuildingModifiers WHERE BuildingType='BUILDING_HANGAR'		AND ModifierId='JNR_HANGAR_TRAIN_BOMBER_PRODUCTION';
DELETE FROM BuildingModifiers WHERE BuildingType='BUILDING_AIRPORT'		AND ModifierId='AIRPORT_TRAINED_AIRCRAFT_XP_MODIFIER';
DELETE FROM BuildingModifiers WHERE BuildingType='BUILDING_AIRPORT'		AND ModifierId='AIRPORT_BONUS_AIR_SLOTS';

UPDATE BuildingModifiers SET BuildingType='BUILDING_HANGAR' WHERE BuildingType='BUILDING_AIRPORT' AND ModifierId='JNR_AIRPORT_PROMOTION';
--------------------------------------------------------------