-- UC_COM_City_States_GS
-- Author: JNR
--------------------------------------------------------------

-- Modifiers
--------------------------------------------------------------
INSERT OR IGNORE INTO Modifiers
		(ModifierId,														ModifierType,											SubjectRequirementSetId)
VALUES	('MINOR_CIV_TRADE_MEDIUM_INFLUENCE_BONUS_MINT_JNR',					'MODIFIER_ALL_PLAYERS_ATTACH_MODIFIER',					'PLAYER_HAS_MEDIUM_INFLUENCE'),
		('MINOR_CIV_TRADE_MEDIUM_INFLUENCE_BONUS_WAYSTATION_JNR',			'MODIFIER_ALL_PLAYERS_ATTACH_MODIFIER',					'PLAYER_HAS_MEDIUM_INFLUENCE'),
		('MINOR_CIV_TRADE_MEDIUM_INFLUENCE_BONUS_LIGHTHOUSE_FISHING_JNR',	'MODIFIER_ALL_PLAYERS_ATTACH_MODIFIER',					'PLAYER_HAS_MEDIUM_INFLUENCE'),
		('MINOR_CIV_TRADE_LARGE_INFLUENCE_BONUS_GUILDHALL_JNR',				'MODIFIER_ALL_PLAYERS_ATTACH_MODIFIER',					'PLAYER_HAS_LARGE_INFLUENCE'),
		('MINOR_CIV_TRADE_LARGE_INFLUENCE_BONUS_MERCHANT_QUARTER_JNR',		'MODIFIER_ALL_PLAYERS_ATTACH_MODIFIER',					'PLAYER_HAS_LARGE_INFLUENCE'),
		('MINOR_CIV_TRADE_LARGE_INFLUENCE_BONUS_FISH_MARKET_JNR',			'MODIFIER_ALL_PLAYERS_ATTACH_MODIFIER',					'PLAYER_HAS_LARGE_INFLUENCE'),
		('MINOR_CIV_TRADE_LARGE_INFLUENCE_BONUS_ENTREPOT_JNR',				'MODIFIER_ALL_PLAYERS_ATTACH_MODIFIER',					'PLAYER_HAS_LARGE_INFLUENCE'),

		('MINOR_CIV_TRADE_YIELD_FOR_MINT_JNR',								'MODIFIER_PLAYER_CITIES_ADJUST_BUILDING_YIELD_CHANGE',	NULL),
		('MINOR_CIV_TRADE_YIELD_FOR_WAYSTATION_JNR',						'MODIFIER_PLAYER_CITIES_ADJUST_BUILDING_YIELD_CHANGE',	NULL),
		('MINOR_CIV_TRADE_YIELD_FOR_LIGHTHOUSE_FISHING_JNR',				'MODIFIER_PLAYER_CITIES_ADJUST_BUILDING_YIELD_CHANGE',	NULL),
		('MINOR_CIV_TRADE_YIELD_FOR_GUILDHALL_JNR',							'MODIFIER_PLAYER_CITIES_ADJUST_BUILDING_YIELD_CHANGE',	NULL),
		('MINOR_CIV_TRADE_YIELD_FOR_MERCHANT_QUARTER_JNR',					'MODIFIER_PLAYER_CITIES_ADJUST_BUILDING_YIELD_CHANGE',	NULL),
		('MINOR_CIV_TRADE_YIELD_FOR_FISH_MARKET_JNR',						'MODIFIER_PLAYER_CITIES_ADJUST_BUILDING_YIELD_CHANGE',	NULL),
		('MINOR_CIV_TRADE_YIELD_FOR_ENTREPOT_JNR',							'MODIFIER_PLAYER_CITIES_ADJUST_BUILDING_YIELD_CHANGE',	NULL);
--------------------------------------------------------------

-- ModifierArguments
--------------------------------------------------------------
INSERT OR IGNORE INTO ModifierArguments
		(ModifierId,														Name,				Value)
VALUES	('MINOR_CIV_TRADE_MEDIUM_INFLUENCE_BONUS_MINT_JNR',					'ModifierId',		'MINOR_CIV_TRADE_YIELD_FOR_MINT_JNR'),
		('MINOR_CIV_TRADE_MEDIUM_INFLUENCE_BONUS_WAYSTATION_JNR',			'ModifierId',		'MINOR_CIV_TRADE_YIELD_FOR_WAYSTATION_JNR'),
		('MINOR_CIV_TRADE_MEDIUM_INFLUENCE_BONUS_LIGHTHOUSE_FISHING_JNR',	'ModifierId',		'MINOR_CIV_TRADE_YIELD_FOR_LIGHTHOUSE_FISHING_JNR'),
		('MINOR_CIV_TRADE_LARGE_INFLUENCE_BONUS_GUILDHALL_JNR',				'ModifierId',		'MINOR_CIV_TRADE_YIELD_FOR_GUILDHALL_JNR'),
		('MINOR_CIV_TRADE_LARGE_INFLUENCE_BONUS_MERCHANT_QUARTER_JNR',		'ModifierId',		'MINOR_CIV_TRADE_YIELD_FOR_MERCHANT_QUARTER_JNR'),
		('MINOR_CIV_TRADE_LARGE_INFLUENCE_BONUS_FISH_MARKET_JNR',			'ModifierId',		'MINOR_CIV_TRADE_YIELD_FOR_FISH_MARKET_JNR'),
		('MINOR_CIV_TRADE_LARGE_INFLUENCE_BONUS_ENTREPOT_JNR',				'ModifierId',		'MINOR_CIV_TRADE_YIELD_FOR_ENTREPOT_JNR'),

		('MINOR_CIV_TRADE_YIELD_FOR_MINT_JNR',								'BuildingType',		'BUILDING_JNR_MINT'),
		('MINOR_CIV_TRADE_YIELD_FOR_WAYSTATION_JNR',						'BuildingType',		'BUILDING_JNR_WAYSTATION'),
		('MINOR_CIV_TRADE_YIELD_FOR_LIGHTHOUSE_FISHING_JNR',				'BuildingType',		'BUILDING_JNR_LIGHTHOUSE_FISHING'),
		('MINOR_CIV_TRADE_YIELD_FOR_GUILDHALL_JNR',							'BuildingType',		'BUILDING_JNR_GUILDHALL'),
		('MINOR_CIV_TRADE_YIELD_FOR_MERCHANT_QUARTER_JNR',					'BuildingType',		'BUILDING_JNR_MERCHANT_QUARTER'),
		('MINOR_CIV_TRADE_YIELD_FOR_FISH_MARKET_JNR',						'BuildingType',		'BUILDING_JNR_FISH_MARKET'),
		('MINOR_CIV_TRADE_YIELD_FOR_ENTREPOT_JNR',							'BuildingType',		'BUILDING_JNR_ENTREPOT'),

		('MINOR_CIV_TRADE_YIELD_FOR_MINT_JNR',								'YieldType',		'YIELD_GOLD'),
		('MINOR_CIV_TRADE_YIELD_FOR_WAYSTATION_JNR',						'YieldType',		'YIELD_GOLD'),
		('MINOR_CIV_TRADE_YIELD_FOR_LIGHTHOUSE_FISHING_JNR',				'YieldType',		'YIELD_GOLD'),
		('MINOR_CIV_TRADE_YIELD_FOR_GUILDHALL_JNR',							'YieldType',		'YIELD_GOLD'),
		('MINOR_CIV_TRADE_YIELD_FOR_MERCHANT_QUARTER_JNR',					'YieldType',		'YIELD_GOLD'),
		('MINOR_CIV_TRADE_YIELD_FOR_FISH_MARKET_JNR',						'YieldType',		'YIELD_GOLD'),
		('MINOR_CIV_TRADE_YIELD_FOR_ENTREPOT_JNR',							'YieldType',		'YIELD_GOLD'),

		('MINOR_CIV_TRADE_YIELD_FOR_MINT_JNR',								'Amount',			2),
		('MINOR_CIV_TRADE_YIELD_FOR_WAYSTATION_JNR',						'Amount',			2),
		('MINOR_CIV_TRADE_YIELD_FOR_LIGHTHOUSE_FISHING_JNR',				'Amount',			2),
		('MINOR_CIV_TRADE_YIELD_FOR_GUILDHALL_JNR',							'Amount',			2),
		('MINOR_CIV_TRADE_YIELD_FOR_MERCHANT_QUARTER_JNR',					'Amount',			2),
		('MINOR_CIV_TRADE_YIELD_FOR_FISH_MARKET_JNR',						'Amount',			2),
		('MINOR_CIV_TRADE_YIELD_FOR_ENTREPOT_JNR',							'Amount',			2),

		('MINOR_CIV_TRADE_YIELD_FOR_MINT_JNR',								'CityStatesOnly',	1),
		('MINOR_CIV_TRADE_YIELD_FOR_WAYSTATION_JNR',						'CityStatesOnly',	1),
		('MINOR_CIV_TRADE_YIELD_FOR_LIGHTHOUSE_FISHING_JNR',				'CityStatesOnly',	1),
		('MINOR_CIV_TRADE_YIELD_FOR_GUILDHALL_JNR',							'CityStatesOnly',	1),
		('MINOR_CIV_TRADE_YIELD_FOR_MERCHANT_QUARTER_JNR',					'CityStatesOnly',	1),
		('MINOR_CIV_TRADE_YIELD_FOR_FISH_MARKET_JNR',						'CityStatesOnly',	1),
		('MINOR_CIV_TRADE_YIELD_FOR_ENTREPOT_JNR',							'CityStatesOnly',	1);
--------------------------------------------------------------

-- TraitModifiers
--------------------------------------------------------------
INSERT OR IGNORE INTO TraitModifiers
		(TraitType,					ModifierId)
VALUES	('MINOR_CIV_TRADE_TRAIT',	'MINOR_CIV_TRADE_MEDIUM_INFLUENCE_BONUS_MINT_JNR'),
		('MINOR_CIV_TRADE_TRAIT',	'MINOR_CIV_TRADE_MEDIUM_INFLUENCE_BONUS_WAYSTATION_JNR'),
		('MINOR_CIV_TRADE_TRAIT',	'MINOR_CIV_TRADE_MEDIUM_INFLUENCE_BONUS_LIGHTHOUSE_FISHING_JNR'),
		('MINOR_CIV_TRADE_TRAIT',	'MINOR_CIV_TRADE_LARGE_INFLUENCE_BONUS_GUILDHALL_JNR'),
		('MINOR_CIV_TRADE_TRAIT',	'MINOR_CIV_TRADE_LARGE_INFLUENCE_BONUS_MERCHANT_QUARTER_JNR'),
		('MINOR_CIV_TRADE_TRAIT',	'MINOR_CIV_TRADE_LARGE_INFLUENCE_BONUS_FISH_MARKET_JNR'),
		('MINOR_CIV_TRADE_TRAIT',	'MINOR_CIV_TRADE_LARGE_INFLUENCE_BONUS_ENTREPOT_JNR');
--------------------------------------------------------------