-- RIB_Resource_Bonuses
-- Author: JNR
--------------------------------------------------------------

-- Modifiers
--------------------------------------------------------------
INSERT OR IGNORE INTO Modifiers
		(ModifierId,									ModifierType,														SubjectRequirementSetId)
VALUES	('JNR_RIB_CATTLE_PRODUCTION_FARMS_ATTACH',		'MODIFIER_PLAYER_CITIES_ATTACH_MODIFIER',							'CITY_HAS_RIB_CATTLE_REQUIREMENTS_JNR'),
		('JNR_RIB_COPPER_UNIT_PRODUCTION',				'MODIFIER_PLAYER_CITIES_ADJUST_UNIT_PRODUCTION_MODIFIER',			'CITY_HAS_RIB_COPPER_REQUIREMENTS_JNR'),
		('JNR_RIB_COPPER_PROJECT_PRODUCTION',			'MODIFIER_PLAYER_CITIES_ADJUST_ALL_PROJECTS_PRODUCTION',			'CITY_HAS_RIB_COPPER_REQUIREMENTS_JNR'),
		('JNR_RIB_DEER_AMENITY_NATIONAL_PARK_ATTACH',	'MODIFIER_PLAYER_CITIES_ATTACH_MODIFIER',							'CITY_HAS_RIB_DEER_REQUIREMENTS_JNR'),
		('JNR_RIB_STONE_BUILDING_PRODUCTION',			'MODIFIER_PLAYER_CITIES_ADJUST_BUILDING_PRODUCTION_MODIFIER',		'CITY_HAS_RIB_STONE_REQUIREMENTS_JNR'),
		('JNR_RIB_MAIZE_FOOD_FOREST_ATTACH',			'MODIFIER_PLAYER_CITIES_ATTACH_MODIFIER',							'CITY_HAS_RIB_MAIZE_REQUIREMENTS_JNR'),
		('JNR_RIB_MAIZE_FOOD_JUNGLE_ATTACH',			'MODIFIER_PLAYER_CITIES_ATTACH_MODIFIER',							'CITY_HAS_RIB_MAIZE_REQUIREMENTS_JNR'),
		('JNR_RIB_BISON_FOOD_PLAINS_ATTACH',			'MODIFIER_PLAYER_CITIES_ATTACH_MODIFIER',							'CITY_HAS_RIB_BISON_REQUIREMENTS_JNR'),
		('JNR_RIB_BISON_FOOD_PLAINS_HILLS_ATTACH',		'MODIFIER_PLAYER_CITIES_ATTACH_MODIFIER',							'CITY_HAS_RIB_BISON_REQUIREMENTS_JNR'),
		('JNR_RIB_BISON_PRODUCTION_GRASS_ATTACH',		'MODIFIER_PLAYER_CITIES_ATTACH_MODIFIER',							'CITY_HAS_RIB_BISON_REQUIREMENTS_JNR'),
		('JNR_RIB_BISON_PRODUCTION_GRASS_HILLS_ATTACH',	'MODIFIER_PLAYER_CITIES_ATTACH_MODIFIER',							'CITY_HAS_RIB_BISON_REQUIREMENTS_JNR'),
		('JNR_RIB_BISON_GOLD_PLAINS_ATTACH',			'MODIFIER_PLAYER_CITIES_ATTACH_MODIFIER',							'CITY_HAS_RIB_BISON_REQUIREMENTS_JNR'),
		('JNR_RIB_BISON_GOLD_PLAINS_HILLS_ATTACH',		'MODIFIER_PLAYER_CITIES_ATTACH_MODIFIER',							'CITY_HAS_RIB_BISON_REQUIREMENTS_JNR'),
		('JNR_RIB_BISON_GOLD_GRASS_ATTACH',				'MODIFIER_PLAYER_CITIES_ATTACH_MODIFIER',							'CITY_HAS_RIB_BISON_REQUIREMENTS_JNR'),
		('JNR_RIB_BISON_GOLD_GRASS_HILLS_ATTACH',		'MODIFIER_PLAYER_CITIES_ATTACH_MODIFIER',							'CITY_HAS_RIB_BISON_REQUIREMENTS_JNR'),

		('JNR_RIB_CATTLE_PRODUCTION_FARMS',				'MODIFIER_CITY_PLOT_YIELDS_ADJUST_PLOT_YIELD',						'PLOT_IS_FARM_ADJACENT_TO_PASTURE_JNR'),
		('JNR_RIB_DEER_AMENITY_NATIONAL_PARK',			'MODIFIER_CITY_DISTRICTS_ADJUST_DISTRICT_AMENITY',					'DISTRICT_IS_CITY_CENTER_HAS_NATIONAL_PARK_JNR'),
		('JNR_RIB_MAIZE_FOOD_FOREST',					'MODIFIER_CITY_PLOT_YIELDS_ADJUST_PLOT_YIELD',						'PLOT_IS_FOREST_ADJACENT_TO_FARM_JNR'),
		('JNR_RIB_MAIZE_FOOD_JUNGLE',					'MODIFIER_CITY_PLOT_YIELDS_ADJUST_PLOT_YIELD',						'PLOT_IS_JUNGLE_ADJACENT_TO_FARM_JNR'),
		('JNR_RIB_PEAT_IRON',							'MODIFIER_PLAYER_ADJUST_FREE_RESOURCE_IMPORT_EXTRACTION',			'PEAT_IRON_REQUIREMENT_JNR'),
		('JNR_RIB_PEAT_COAL',							'MODIFIER_PLAYER_ADJUST_FREE_RESOURCE_IMPORT_EXTRACTION',			'PEAT_COAL_REQUIREMENT_JNR'),
		('JNR_RIB_BISON_FOOD_PLAINS',					'MODIFIER_CITY_PLOT_YIELDS_ADJUST_PLOT_YIELD',						'PLOT_IS_UNIMPROVED_FEATURELESS_PLAINS_JNR'),
		('JNR_RIB_BISON_FOOD_PLAINS_HILLS',				'MODIFIER_CITY_PLOT_YIELDS_ADJUST_PLOT_YIELD',						'PLOT_IS_UNIMPROVED_FEATURELESS_PLAINS_HILLS_JNR'),
		('JNR_RIB_BISON_PRODUCTION_GRASS',				'MODIFIER_CITY_PLOT_YIELDS_ADJUST_PLOT_YIELD',						'PLOT_IS_UNIMPROVED_FEATURELESS_GRASS_JNR'),
		('JNR_RIB_BISON_PRODUCTION_GRASS_HILLS',		'MODIFIER_CITY_PLOT_YIELDS_ADJUST_PLOT_YIELD',						'PLOT_IS_UNIMPROVED_FEATURELESS_GRASS_HILLS_JNR'),
		('JNR_RIB_BISON_GOLD_PLAINS',					'MODIFIER_CITY_PLOT_YIELDS_ADJUST_PLOT_YIELD',						'PLOT_IS_UNIMPROVED_FEATURELESS_PLAINS_JNR'),
		('JNR_RIB_BISON_GOLD_PLAINS_HILLS',				'MODIFIER_CITY_PLOT_YIELDS_ADJUST_PLOT_YIELD',						'PLOT_IS_UNIMPROVED_FEATURELESS_PLAINS_HILLS_JNR'),
		('JNR_RIB_BISON_GOLD_GRASS',					'MODIFIER_CITY_PLOT_YIELDS_ADJUST_PLOT_YIELD',						'PLOT_IS_UNIMPROVED_FEATURELESS_GRASS_JNR'),
		('JNR_RIB_BISON_GOLD_GRASS_HILLS',				'MODIFIER_CITY_PLOT_YIELDS_ADJUST_PLOT_YIELD',						'PLOT_IS_UNIMPROVED_FEATURELESS_GRASS_HILLS_JNR');

INSERT OR IGNORE INTO Modifiers
		(ModifierId,									ModifierType,														SubjectRequirementSetId)	
SELECT	'JNR_RIB_DEER_AMENITY_PRESERVE_ATTACH',			'MODIFIER_PLAYER_CITIES_ATTACH_MODIFIER',							'CITY_HAS_RIB_DEER_REQUIREMENTS_JNR'
FROM	Districts
WHERE	DistrictType IN ('DISTRICT_PRESERVE', 'DISTRICT_LEU_GARDEN');

INSERT OR IGNORE INTO Modifiers
		(ModifierId,									ModifierType,														SubjectRequirementSetId)	
SELECT	'JNR_RIB_DEER_AMENITY_PRESERVE',				'MODIFIER_CITY_DISTRICTS_ADJUST_DISTRICT_AMENITY',					'DISTRICT_IS_PRESERVE_OR_GARDEN_JNR'
FROM	Districts
WHERE	DistrictType IN ('DISTRICT_PRESERVE', 'DISTRICT_LEU_GARDEN');

INSERT OR IGNORE INTO Modifiers
		(ModifierId,									ModifierType,														SubjectRequirementSetId)	
SELECT	'JNR_RIB_MAIZE_FOOD_SAVANNAH_ATTACH',			'MODIFIER_PLAYER_CITIES_ATTACH_MODIFIER',							'CITY_HAS_RIB_MAIZE_REQUIREMENTS_JNR'
FROM	Features
WHERE	FeatureType='FEATURE_JNR_SAVANNAH';

INSERT OR IGNORE INTO Modifiers
		(ModifierId,									ModifierType,														SubjectRequirementSetId)	
SELECT	'JNR_RIB_MAIZE_FOOD_SAVANNAH',					'MODIFIER_CITY_PLOT_YIELDS_ADJUST_PLOT_YIELD',						'PLOT_IS_SAVANNAH_ADJACENT_TO_FARM_JNR'
FROM	Features
WHERE	FeatureType='FEATURE_JNR_SAVANNAH';

UPDATE Modifiers SET OwnerRequirementSetId='CITY_HAS_INDUSTRIAL_ZONE_JNR' WHERE ModifierId='JNR_RIB_PEAT_COAL';
-------------------------------------------------------------

-- ModifierArguments
--------------------------------------------------------------
INSERT OR IGNORE INTO ModifierArguments
		(ModifierId,									Name,				Value)
VALUES	('JNR_RIB_CATTLE_PRODUCTION_FARMS_ATTACH',		'ModifierId',		'JNR_RIB_CATTLE_PRODUCTION_FARMS'),
		('JNR_RIB_DEER_AMENITY_NATIONAL_PARK_ATTACH',	'ModifierId',		'JNR_RIB_DEER_AMENITY_NATIONAL_PARK'),
		('JNR_RIB_MAIZE_FOOD_FOREST_ATTACH',			'ModifierId',		'JNR_RIB_MAIZE_FOOD_FOREST'),
		('JNR_RIB_MAIZE_FOOD_JUNGLE_ATTACH',			'ModifierId',		'JNR_RIB_MAIZE_FOOD_JUNGLE'),
		('JNR_RIB_BISON_FOOD_PLAINS_ATTACH',			'ModifierId',		'JNR_RIB_BISON_FOOD_PLAINS'),
		('JNR_RIB_BISON_FOOD_PLAINS_HILLS_ATTACH',		'ModifierId',		'JNR_RIB_BISON_FOOD_PLAINS_HILLS'),
		('JNR_RIB_BISON_PRODUCTION_GRASS_ATTACH',		'ModifierId',		'JNR_RIB_BISON_PRODUCTION_GRASS'),
		('JNR_RIB_BISON_PRODUCTION_GRASS_HILLS_ATTACH',	'ModifierId',		'JNR_RIB_BISON_PRODUCTION_GRASS_HILLS'),
		('JNR_RIB_BISON_GOLD_PLAINS_ATTACH',			'ModifierId',		'JNR_RIB_BISON_GOLD_PLAINS'),
		('JNR_RIB_BISON_GOLD_PLAINS_HILLS_ATTACH',		'ModifierId',		'JNR_RIB_BISON_GOLD_PLAINS_HILLS'),
		('JNR_RIB_BISON_GOLD_GRASS_ATTACH',				'ModifierId',		'JNR_RIB_BISON_GOLD_GRASS'),
		('JNR_RIB_BISON_GOLD_GRASS_HILLS_ATTACH',		'ModifierId',		'JNR_RIB_BISON_GOLD_GRASS_HILLS'),
		
		('JNR_RIB_CATTLE_PRODUCTION_FARMS',				'YieldType',		'YIELD_PRODUCTION'),
		('JNR_RIB_CATTLE_PRODUCTION_FARMS',				'Amount',			1),
		('JNR_RIB_DEER_AMENITY_NATIONAL_PARK',			'Amount',			2),
		('JNR_RIB_COPPER_UNIT_PRODUCTION',				'Amount',			15),
		('JNR_RIB_COPPER_PROJECT_PRODUCTION',			'Amount',			15),
		('JNR_RIB_STONE_BUILDING_PRODUCTION',			'Amount',			10),
		('JNR_RIB_MAIZE_FOOD_FOREST',					'YieldType',		'YIELD_FOOD'),
		('JNR_RIB_MAIZE_FOOD_FOREST',					'Amount',			1),
		('JNR_RIB_MAIZE_FOOD_JUNGLE',					'YieldType',		'YIELD_FOOD'),
		('JNR_RIB_MAIZE_FOOD_JUNGLE',					'Amount',			1),
		('JNR_RIB_PEAT_IRON',							'ResourceType',		'RESOURCE_IRON'),
		('JNR_RIB_PEAT_IRON',							'Amount',			1),
		('JNR_RIB_PEAT_COAL',							'ResourceType',		'RESOURCE_COAL'),
		('JNR_RIB_PEAT_COAL',							'Amount',			1),
		('JNR_RIB_BISON_FOOD_PLAINS',					'YieldType',		'YIELD_FOOD'),
		('JNR_RIB_BISON_FOOD_PLAINS',					'Amount',			1),
		('JNR_RIB_BISON_FOOD_PLAINS_HILLS',				'YieldType',		'YIELD_FOOD'),
		('JNR_RIB_BISON_FOOD_PLAINS_HILLS',				'Amount',			1),
		('JNR_RIB_BISON_PRODUCTION_GRASS',				'YieldType',		'YIELD_PRODUCTION'),
		('JNR_RIB_BISON_PRODUCTION_GRASS',				'Amount',			1),
		('JNR_RIB_BISON_PRODUCTION_GRASS_HILLS',		'YieldType',		'YIELD_PRODUCTION'),
		('JNR_RIB_BISON_PRODUCTION_GRASS_HILLS',		'Amount',			1),
		('JNR_RIB_BISON_GOLD_PLAINS',					'YieldType',		'YIELD_GOLD'),
		('JNR_RIB_BISON_GOLD_PLAINS',					'Amount',			1),
		('JNR_RIB_BISON_GOLD_PLAINS_HILLS',				'YieldType',		'YIELD_GOLD'),
		('JNR_RIB_BISON_GOLD_PLAINS_HILLS',				'Amount',			1),
		('JNR_RIB_BISON_GOLD_GRASS',					'YieldType',		'YIELD_GOLD'),
		('JNR_RIB_BISON_GOLD_GRASS',					'Amount',			1),
		('JNR_RIB_BISON_GOLD_GRASS_HILLS',				'YieldType',		'YIELD_GOLD'),
		('JNR_RIB_BISON_GOLD_GRASS_HILLS',				'Amount',			1);

INSERT OR IGNORE INTO ModifierArguments
		(ModifierId,									Name,				Value)	
SELECT	'JNR_RIB_DEER_AMENITY_PRESERVE_ATTACH',			'ModifierId',		'JNR_RIB_DEER_AMENITY_PRESERVE'
FROM	Districts
WHERE	DistrictType IN ('DISTRICT_PRESERVE', 'DISTRICT_LEU_GARDEN');

INSERT OR IGNORE INTO ModifierArguments
		(ModifierId,									Name,				Value)	
SELECT	'JNR_RIB_DEER_AMENITY_PRESERVE',				'Amount',			1
FROM	Districts
WHERE	DistrictType IN ('DISTRICT_PRESERVE', 'DISTRICT_LEU_GARDEN');

UPDATE ModifierArguments SET Value=1 WHERE ModifierId='JNR_RIB_DEER_AMENITY_NATIONAL_PARK' AND Name='Amount' AND EXISTS (SELECT * FROM Districts WHERE DistrictType IN ('DISTRICT_PRESERVE', 'DISTRICT_LEU_GARDEN'));

INSERT OR IGNORE INTO ModifierArguments
		(ModifierId,									Name,				Value)	
SELECT	'JNR_RIB_MAIZE_FOOD_SAVANNAH_ATTACH',			'ModifierId',		'JNR_RIB_MAIZE_FOOD_SAVANNAH'
FROM	Features
WHERE	FeatureType='FEATURE_JNR_SAVANNAH';

INSERT OR IGNORE INTO ModifierArguments
		(ModifierId,									Name,				Value)	
SELECT	'JNR_RIB_MAIZE_FOOD_SAVANNAH',					'YieldType',		'YIELD_FOOD'
FROM	Features
WHERE	FeatureType='FEATURE_JNR_SAVANNAH';

INSERT OR IGNORE INTO ModifierArguments
		(ModifierId,									Name,				Value)	
SELECT	'JNR_RIB_MAIZE_FOOD_SAVANNAH',					'Amount',			1
FROM	Features
WHERE	FeatureType='FEATURE_JNR_SAVANNAH';
--------------------------------------------------------------

-- Requirements
--------------------------------------------------------------
INSERT OR IGNORE INTO Requirements
		(RequirementId,									RequirementType)
VALUES	('REQUIRES_PLOT_ADJACENT_TO_PASTURE_JNR',		'REQUIREMENT_PLOT_ADJACENT_IMPROVEMENT_TYPE_MATCHES'),
		('REQUIRES_PLOT_HAS_NO_FEATURE_JNR',			'REQUIREMENT_PLOT_HAS_ANY_FEATURE'),
		('REQUIRES_PLOT_IS_PLAINS_FLAT_TERRAIN_JNR',	'REQUIREMENT_PLOT_TERRAIN_TYPE_MATCHES'),
		('REQUIRES_PLOT_IS_GRASS_FLAT_TERRAIN_JNR',		'REQUIREMENT_PLOT_TERRAIN_TYPE_MATCHES');
		
INSERT OR IGNORE INTO Requirements
		(RequirementId,									RequirementType)
SELECT	'REQUIRES_DISTRICT_IS_PRESERVE_JNR',			'REQUIREMENT_DISTRICT_TYPE_MATCHES'
FROM	Districts
WHERE	DistrictType='DISTRICT_PRESERVE';

INSERT OR IGNORE INTO Requirements
		(RequirementId,									RequirementType)
SELECT	'REQUIRES_DISTRICT_IS_GARDEN_JNR',				'REQUIREMENT_DISTRICT_TYPE_MATCHES'
FROM	Districts
WHERE	DistrictType='DISTRICT_LEU_GARDEN';

UPDATE Requirements SET Inverse=1 WHERE RequirementId='REQUIRES_PLOT_HAS_NO_FEATURE_JNR';
--------------------------------------------------------------

-- RequirementArguments
--------------------------------------------------------------
INSERT OR IGNORE INTO RequirementArguments
		(RequirementId,									Name,				Value)
VALUES	('REQUIRES_PLOT_ADJACENT_TO_PASTURE_JNR',		'ImprovementType',	'IMPROVEMENT_PASTURE'),
		('REQUIRES_PLOT_IS_PLAINS_FLAT_TERRAIN_JNR',	'TerrainType',		'TERRAIN_PLAINS'),
		('REQUIRES_PLOT_IS_GRASS_FLAT_TERRAIN_JNR',		'TerrainType',		'TERRAIN_GRASS');
		
INSERT OR IGNORE INTO RequirementArguments
		(RequirementId,									Name,				Value)
SELECT	'REQUIRES_DISTRICT_IS_PRESERVE_JNR',			'DistrictType',		DistrictType
FROM	Districts
WHERE	DistrictType='DISTRICT_PRESERVE';

INSERT OR IGNORE INTO RequirementArguments
		(RequirementId,									Name,				Value)
SELECT	'REQUIRES_DISTRICT_IS_GARDEN_JNR',				'DistrictType',		DistrictType
FROM	Districts
WHERE	DistrictType='DISTRICT_LEU_GARDEN';
--------------------------------------------------------------

-- RequirementSets
--------------------------------------------------------------
INSERT OR IGNORE INTO RequirementSets
		(RequirementSetId,									RequirementSetType)
VALUES	('PLOT_IS_FARM_ADJACENT_TO_PASTURE_JNR',			'REQUIREMENTSET_TEST_ALL'),
		('DISTRICT_IS_CITY_CENTER_HAS_NATIONAL_PARK_JNR',	'REQUIREMENTSET_TEST_ALL'),
		('DISTRICT_IS_PRESERVE_OR_GARDEN_JNR',				'REQUIREMENTSET_TEST_ANY'),
		('PLOT_IS_FOREST_ADJACENT_TO_FARM_JNR',				'REQUIREMENTSET_TEST_ALL'),
		('PLOT_IS_JUNGLE_ADJACENT_TO_FARM_JNR',				'REQUIREMENTSET_TEST_ALL'),
		('PEAT_IRON_REQUIREMENT_JNR',						'REQUIREMENTSET_TEST_ALL'),
		('PEAT_COAL_REQUIREMENT_JNR',						'REQUIREMENTSET_TEST_ALL'),
		('CITY_HAS_INDUSTRIAL_ZONE_JNR',					'REQUIREMENTSET_TEST_ALL'),
		('PLOT_IS_UNIMPROVED_FEATURELESS_PLAINS_JNR',		'REQUIREMENTSET_TEST_ALL'),
		('PLOT_IS_UNIMPROVED_FEATURELESS_PLAINS_HILLS_JNR',	'REQUIREMENTSET_TEST_ALL'),
		('PLOT_IS_UNIMPROVED_FEATURELESS_GRASS_JNR',		'REQUIREMENTSET_TEST_ALL'),
		('PLOT_IS_UNIMPROVED_FEATURELESS_GRASS_HILLS_JNR',	'REQUIREMENTSET_TEST_ALL');
		
INSERT OR IGNORE INTO RequirementSets
		(RequirementSetId,									RequirementSetType)		
SELECT	'PLOT_IS_SAVANNAH_ADJACENT_TO_FARM_JNR',			'REQUIREMENTSET_TEST_ALL'
FROM	Features
WHERE	FeatureType='FEATURE_JNR_SAVANNAH';
--------------------------------------------------------------

-- RequirementSetRequirements
--------------------------------------------------------------
INSERT OR IGNORE INTO RequirementSetRequirements
		(RequirementSetId,									RequirementId)
VALUES	('PLOT_IS_FARM_ADJACENT_TO_PASTURE_JNR',			'REQUIRES_PLOT_HAS_FARM'),
		('PLOT_IS_FARM_ADJACENT_TO_PASTURE_JNR',			'REQUIRES_PLOT_ADJACENT_TO_PASTURE_JNR'),
		('DISTRICT_IS_CITY_CENTER_HAS_NATIONAL_PARK_JNR',	'REQUIRES_DISTRICT_IS_CITY_CENTER'),
		('DISTRICT_IS_CITY_CENTER_HAS_NATIONAL_PARK_JNR',	'REQUIRES_CITY_HAS_NATIONAL_PARK'),
		('PLOT_IS_FOREST_ADJACENT_TO_FARM_JNR',				'PLOT_IS_FOREST_REQUIREMENT'),
		('PLOT_IS_FOREST_ADJACENT_TO_FARM_JNR',				'REQUIRES_PLOT_ADJACENT_TO_FARM'),
		('PLOT_IS_JUNGLE_ADJACENT_TO_FARM_JNR',				'PLOT_IS_JUNGLE_REQUIREMENT'),
		('PLOT_IS_JUNGLE_ADJACENT_TO_FARM_JNR',				'REQUIRES_PLOT_ADJACENT_TO_FARM'),
		('PEAT_IRON_REQUIREMENT_JNR',						'REQUIRES_PLAYER_CAN_SEE_IRON'),
		('PEAT_COAL_REQUIREMENT_JNR',						'REQUIRES_PLAYER_CAN_SEE_COAL'),
		('CITY_HAS_INDUSTRIAL_ZONE_JNR',					'REQUIRES_CITY_HAS_INDUSTRIAL_ZONE'),
		('PLOT_IS_UNIMPROVED_FEATURELESS_PLAINS_JNR',		'REQUIRES_PLOT_HAS_NO_IMPROVEMENT'),
		('PLOT_IS_UNIMPROVED_FEATURELESS_PLAINS_JNR',		'REQUIRES_PLOT_HAS_NO_FEATURE_JNR'),
		('PLOT_IS_UNIMPROVED_FEATURELESS_PLAINS_JNR',		'REQUIRES_PLOT_IS_PLAINS_FLAT_TERRAIN_JNR'),
		('PLOT_IS_UNIMPROVED_FEATURELESS_PLAINS_HILLS_JNR',	'REQUIRES_PLOT_HAS_NO_IMPROVEMENT'),
		('PLOT_IS_UNIMPROVED_FEATURELESS_PLAINS_HILLS_JNR',	'REQUIRES_PLOT_HAS_NO_FEATURE_JNR'),
		('PLOT_IS_UNIMPROVED_FEATURELESS_PLAINS_HILLS_JNR',	'PLOT_IS_PLAINS_HILLS_TERRAIN_REQUIREMENT'),
		('PLOT_IS_UNIMPROVED_FEATURELESS_GRASS_JNR',		'REQUIRES_PLOT_HAS_NO_IMPROVEMENT'),
		('PLOT_IS_UNIMPROVED_FEATURELESS_GRASS_JNR',		'REQUIRES_PLOT_HAS_NO_FEATURE_JNR'),
		('PLOT_IS_UNIMPROVED_FEATURELESS_GRASS_JNR',		'REQUIRES_PLOT_IS_GRASS_FLAT_TERRAIN_JNR'),
		('PLOT_IS_UNIMPROVED_FEATURELESS_GRASS_HILLS_JNR',	'REQUIRES_PLOT_HAS_NO_IMPROVEMENT'),
		('PLOT_IS_UNIMPROVED_FEATURELESS_GRASS_HILLS_JNR',	'REQUIRES_PLOT_HAS_NO_FEATURE_JNR'),
		('PLOT_IS_UNIMPROVED_FEATURELESS_GRASS_HILLS_JNR',	'PLOT_IS_GRASS_HILLS_TERRAIN_REQUIREMENT');

INSERT OR IGNORE INTO RequirementSetRequirements
		(RequirementSetId,									RequirementId)
SELECT	'DISTRICT_IS_PRESERVE_OR_GARDEN_JNR',				'REQUIRES_DISTRICT_IS_PRESERVE_JNR'
FROM	Districts
WHERE	DistrictType='DISTRICT_PRESERVE';

INSERT OR IGNORE INTO RequirementSetRequirements
		(RequirementSetId,									RequirementId)
SELECT	'DISTRICT_IS_PRESERVE_OR_GARDEN_JNR',				'REQUIRES_DISTRICT_IS_GARDEN_JNR'
FROM	Districts
WHERE	DistrictType='DISTRICT_LEU_GARDEN';

INSERT OR IGNORE INTO RequirementSetRequirements
		(RequirementSetId,									RequirementId)
SELECT	'PLOT_IS_SAVANNAH_ADJACENT_TO_FARM_JNR',			'PLOT_IS_JNR_SAVANNAH_REQUIREMENT'
FROM	Features
WHERE	FeatureType='FEATURE_JNR_SAVANNAH';
		
INSERT OR IGNORE INTO RequirementSetRequirements
		(RequirementSetId,									RequirementId)
SELECT	'PLOT_IS_SAVANNAH_ADJACENT_TO_FARM_JNR',			'REQUIRES_PLOT_ADJACENT_TO_FARM'
FROM	Features
WHERE	FeatureType='FEATURE_JNR_SAVANNAH';
--------------------------------------------------------------