-- Author: C
-- DateCreated: 7/6/2024 5:06:43 PM
--------------------------------------------------------------
update Buildings set Cost = 1000 where BuildingType = 'BUILDING_C_ULUGH_BEG_OBSERVATORY';
update Buildings set Description = 'LOC_BUILDING_C_ULUGH_BEG_OBSERVATORY_DESC_HD' where BuildingType = 'BUILDING_C_ULUGH_BEG_OBSERVATORY';
update Building_YieldChanges set YieldChange = 4 where BuildingType = 'BUILDING_C_ULUGH_BEG_OBSERVATORY';
delete from BuildingModifiers where BuildingType = 'BUILDING_C_ULUGH_BEG_OBSERVATORY';

insert or replace into BuildingModifiers
(BuildingType,						         ModifierId)
values
('BUILDING_C_ULUGH_BEG_OBSERVATORY',	    'C_ULUGH_BEG_OBSERVATORY_ADJACENCY_CAMPUS_GRASS'),
('BUILDING_C_ULUGH_BEG_OBSERVATORY',	    'C_ULUGH_BEG_OBSERVATORY_ADJACENCY_CAMPUS_PLAINS');

insert or replace into Modifiers
(ModifierId,												ModifierType)
values
('C_ULUGH_BEG_OBSERVATORY_ADJACENCY_CAMPUS_GRASS',          'MODIFIER_PLAYER_CITIES_TERRAIN_ADJACENCY'),
('C_ULUGH_BEG_OBSERVATORY_ADJACENCY_CAMPUS_PLAINS',         'MODIFIER_PLAYER_CITIES_TERRAIN_ADJACENCY'),
('C_ULUGH_BEG_OBSERVATORY_ADJACENCY_CAMPUS_TUNDRA',         'MODIFIER_PLAYER_CITIES_TERRAIN_ADJACENCY'),
('C_ULUGH_BEG_OBSERVATORY_ADJACENCY_CAMPUS_SNOW',           'MODIFIER_PLAYER_CITIES_TERRAIN_ADJACENCY'),
('C_ULUGH_BEG_OBSERVATORY_ADJACENCY_CAMPUS_DESERT',         'MODIFIER_PLAYER_CITIES_TERRAIN_ADJACENCY');

insert or replace into ModifierArguments
(ModifierId,												Name,				Value)
values
('C_ULUGH_BEG_OBSERVATORY_ADJACENCY_CAMPUS_GRASS',         'DistrictType',      'DISTRICT_CAMPUS'),
('C_ULUGH_BEG_OBSERVATORY_ADJACENCY_CAMPUS_GRASS',         'TerrainType',     	'TERRAIN_GRASS'),
('C_ULUGH_BEG_OBSERVATORY_ADJACENCY_CAMPUS_GRASS',         'YieldType',     	'YIELD_SCIENCE'),
('C_ULUGH_BEG_OBSERVATORY_ADJACENCY_CAMPUS_GRASS',         'Description',     	'LOC_C_DISTRICT_1_SCIENCE_GRASS'),
('C_ULUGH_BEG_OBSERVATORY_ADJACENCY_CAMPUS_GRASS',         'Amount',			'1'),

('C_ULUGH_BEG_OBSERVATORY_ADJACENCY_CAMPUS_PLAINS',        'DistrictType',      'DISTRICT_CAMPUS'),
('C_ULUGH_BEG_OBSERVATORY_ADJACENCY_CAMPUS_PLAINS',        'TerrainType',     	'TERRAIN_PLAINS'),
('C_ULUGH_BEG_OBSERVATORY_ADJACENCY_CAMPUS_PLAINS',        'YieldType',     	'YIELD_SCIENCE'),
('C_ULUGH_BEG_OBSERVATORY_ADJACENCY_CAMPUS_PLAINS',        'Description',     	'LOC_C_DISTRICT_1_SCIENCE_PLAINS'),
('C_ULUGH_BEG_OBSERVATORY_ADJACENCY_CAMPUS_PLAINS',        'Amount',			'1');
