-- GameData1
-- Author: C
-- DateCreated: 5/21/2024 11:21:28 PM
--------------------------------------------------------------
insert or replace into Types
(Type,								    Kind)
values
('BUILDING_C_ULUGH_BEG_OBSERVATORY',    'KIND_BUILDING');

insert or replace into Buildings
(BuildingType,			                    Name,										        Description,										        AdjacentDistrict,Quote,								 			    PrereqTech,					    ObsoleteEra,    Cost,   AdvisorType,            MaxWorldInstances,  IsWonder,   RequiresPlacement)
values
('BUILDING_C_ULUGH_BEG_OBSERVATORY',	    'LOC_BUILDING_C_ULUGH_BEG_OBSERVATORY_NAME',	    'LOC_BUILDING_C_ULUGH_BEG_OBSERVATORY_DESC',			    'DISTRICT_CAMPUS','LOC_BUILDING_C_ULUGH_BEG_OBSERVATORY_QUOTE',       'TECH_ASTRONOMY',			    'ERA_MODERN',	920,   'ADVISOR_GENERIC',      1,					1,          1);	

insert or replace into Building_YieldChanges 
(BuildingType,					        YieldType,			    YieldChange)
values
('BUILDING_C_ULUGH_BEG_OBSERVATORY',	'YIELD_SCIENCE',		5);

insert or replace into Building_GreatPersonPoints 
(BuildingType,					        GreatPersonClassType,	            PointsPerTurn)
values
('BUILDING_C_ULUGH_BEG_OBSERVATORY',	'GREAT_PERSON_CLASS_SCIENTIST',		2);

insert or replace into Building_ValidTerrains
(BuildingType,					        TerrainType)
values
('BUILDING_C_ULUGH_BEG_OBSERVATORY',	'TERRAIN_GRASS'),
('BUILDING_C_ULUGH_BEG_OBSERVATORY',	'TERRAIN_PLAINS'),
('BUILDING_C_ULUGH_BEG_OBSERVATORY',	'TERRAIN_TUNDRA'),
('BUILDING_C_ULUGH_BEG_OBSERVATORY',	'TERRAIN_SNOW'),
('BUILDING_C_ULUGH_BEG_OBSERVATORY',	'TERRAIN_DESERT');

insert or replace into BuildingModifiers
(BuildingType,						         ModifierId)
values
('BUILDING_C_ULUGH_BEG_OBSERVATORY',	    'C_ULUGH_BEG_OBSERVATORY_ADJACENCY_CAMPUS_GRASS'),
('BUILDING_C_ULUGH_BEG_OBSERVATORY',	    'C_ULUGH_BEG_OBSERVATORY_ADJACENCY_CAMPUS_PLAINS'),
('BUILDING_C_ULUGH_BEG_OBSERVATORY',	    'C_ULUGH_BEG_OBSERVATORY_ADJACENCY_CAMPUS_TUNDRA'),
('BUILDING_C_ULUGH_BEG_OBSERVATORY',	    'C_ULUGH_BEG_OBSERVATORY_ADJACENCY_CAMPUS_SNOW'),
('BUILDING_C_ULUGH_BEG_OBSERVATORY',	    'C_ULUGH_BEG_OBSERVATORY_ADJACENCY_CAMPUS_DESERT');

insert or replace into Modifiers
(ModifierId,												ModifierType)
values
('C_ULUGH_BEG_OBSERVATORY_ADJACENCY_CAMPUS_GRASS',          'MODIFIER_PLAYER_CITIES_TERRAIN_ADJACENCY'),
('C_ULUGH_BEG_OBSERVATORY_ADJACENCY_CAMPUS_PLAINS',         'MODIFIER_PLAYER_CITIES_TERRAIN_ADJACENCY'),
('C_ULUGH_BEG_OBSERVATORY_ADJACENCY_CAMPUS_TUNDRA',         'MODIFIER_PLAYER_CITIES_TERRAIN_ADJACENCY'),
('C_ULUGH_BEG_OBSERVATORY_ADJACENCY_CAMPUS_SNOW',           'MODIFIER_PLAYER_CITIES_TERRAIN_ADJACENCY'),
('C_ULUGH_BEG_OBSERVATORY_ADJACENCY_CAMPUS_DESERT',         'MODIFIER_PLAYER_CITIES_TERRAIN_ADJACENCY');

insert or replace into ModifierArguments
(ModifierId,												Name,				Value)
values
('C_ULUGH_BEG_OBSERVATORY_ADJACENCY_CAMPUS_GRASS',         'DistrictType',      'DISTRICT_CAMPUS'),
('C_ULUGH_BEG_OBSERVATORY_ADJACENCY_CAMPUS_GRASS',         'TerrainType',     	'TERRAIN_GRASS'),
('C_ULUGH_BEG_OBSERVATORY_ADJACENCY_CAMPUS_GRASS',         'YieldType',     	'YIELD_SCIENCE'),
('C_ULUGH_BEG_OBSERVATORY_ADJACENCY_CAMPUS_GRASS',         'Description',     	'LOC_C_DISTRICT_1_SCIENCE'),
('C_ULUGH_BEG_OBSERVATORY_ADJACENCY_CAMPUS_GRASS',         'Amount',			'1'),

('C_ULUGH_BEG_OBSERVATORY_ADJACENCY_CAMPUS_PLAINS',        'DistrictType',      'DISTRICT_CAMPUS'),
('C_ULUGH_BEG_OBSERVATORY_ADJACENCY_CAMPUS_PLAINS',        'TerrainType',     	'TERRAIN_PLAINS'),
('C_ULUGH_BEG_OBSERVATORY_ADJACENCY_CAMPUS_PLAINS',        'YieldType',     	'YIELD_SCIENCE'),
('C_ULUGH_BEG_OBSERVATORY_ADJACENCY_CAMPUS_PLAINS',        'Description',     	'LOC_C_DISTRICT_1_SCIENCE'),
('C_ULUGH_BEG_OBSERVATORY_ADJACENCY_CAMPUS_PLAINS',        'Amount',			'1'),

('C_ULUGH_BEG_OBSERVATORY_ADJACENCY_CAMPUS_TUNDRA',        'DistrictType',      'DISTRICT_CAMPUS'),
('C_ULUGH_BEG_OBSERVATORY_ADJACENCY_CAMPUS_TUNDRA',        'TerrainType',     	'TERRAIN_TUNDRA'),
('C_ULUGH_BEG_OBSERVATORY_ADJACENCY_CAMPUS_TUNDRA',        'YieldType',     	'YIELD_SCIENCE'),
('C_ULUGH_BEG_OBSERVATORY_ADJACENCY_CAMPUS_TUNDRA',        'Description',     	'LOC_C_DISTRICT_1_SCIENCE'),
('C_ULUGH_BEG_OBSERVATORY_ADJACENCY_CAMPUS_TUNDRA',        'Amount',			'1'),

('C_ULUGH_BEG_OBSERVATORY_ADJACENCY_CAMPUS_SNOW',          'DistrictType',      'DISTRICT_CAMPUS'),
('C_ULUGH_BEG_OBSERVATORY_ADJACENCY_CAMPUS_SNOW',          'TerrainType',     	'TERRAIN_SNOW'),
('C_ULUGH_BEG_OBSERVATORY_ADJACENCY_CAMPUS_SNOW',          'YieldType',     	'YIELD_SCIENCE'),
('C_ULUGH_BEG_OBSERVATORY_ADJACENCY_CAMPUS_SNOW',          'Description',     	'LOC_C_DISTRICT_1_SCIENCE'),
('C_ULUGH_BEG_OBSERVATORY_ADJACENCY_CAMPUS_SNOW',          'Amount',			'1'),

('C_ULUGH_BEG_OBSERVATORY_ADJACENCY_CAMPUS_DESERT',        'DistrictType',      'DISTRICT_CAMPUS'),
('C_ULUGH_BEG_OBSERVATORY_ADJACENCY_CAMPUS_DESERT',        'TerrainType',     	'TERRAIN_DESERT'),
('C_ULUGH_BEG_OBSERVATORY_ADJACENCY_CAMPUS_DESERT',        'YieldType',     	'YIELD_SCIENCE'),
('C_ULUGH_BEG_OBSERVATORY_ADJACENCY_CAMPUS_DESERT',        'Description',     	'LOC_C_DISTRICT_1_SCIENCE'),
('C_ULUGH_BEG_OBSERVATORY_ADJACENCY_CAMPUS_DESERT',        'Amount',			'1');

