INSERT INTO TraitModifiers 
		(TraitType,							ModifierId)
VALUES  ('TRAIT_LEADER_SC_BROAD_JUSTICE',	'SC_EURYDICE_ATTACH_ALLIANCE_BONUS_1'),
		('TRAIT_LEADER_SC_BROAD_JUSTICE',	'SC_EURYDICE_ATTACH_ALLIANCE_BONUS_2'),
		('TRAIT_LEADER_SC_BROAD_JUSTICE',	'SC_EURYDICE_ATTACH_ALLIANCE_BONUS_3'),
		('TRAIT_LEADER_SC_BROAD_JUSTICE',	'SC_EURYDICE_ATTACH_ALLIANCE_BONUS_4'),
		('TRAIT_LEADER_SC_BROAD_JUSTICE',	'SC_EURYDICE_ATTACH_ALLIANCE_BONUS_5'),

		('TRAIT_LEADER_SC_BROAD_JUSTICE',	'SC_EURYDICE_ATTACH_LOYALTY_BONUS_1'),
		('TRAIT_LEADER_SC_BROAD_JUSTICE',	'SC_EURYDICE_ATTACH_LOYALTY_BONUS_2'),
		('TRAIT_LEADER_SC_BROAD_JUSTICE',	'SC_EURYDICE_ATTACH_LOYALTY_BONUS_3'),
		('TRAIT_LEADER_SC_BROAD_JUSTICE',	'SC_EURYDICE_ATTACH_LOYALTY_BONUS_4'),
		('TRAIT_LEADER_SC_BROAD_JUSTICE',	'SC_EURYDICE_ATTACH_LOYALTY_BONUS_5');

INSERT INTO Modifiers
		(ModifierId,								ModifierType,												SubjectRequirementSetId)
VALUES	('SC_EURYDICE_ATTACH_ALLIANCE_BONUS_1',		'MODIFIER_ALL_PLAYERS_ATTACH_MODIFIER',						'SC_EURYDICE_HAS_1_ALLIANCE'),
		('SC_EURYDICE_ATTACH_ALLIANCE_BONUS_2',		'MODIFIER_ALL_PLAYERS_ATTACH_MODIFIER',						'SC_EURYDICE_HAS_2_ALLIANCE'),
		('SC_EURYDICE_ATTACH_ALLIANCE_BONUS_3',		'MODIFIER_ALL_PLAYERS_ATTACH_MODIFIER',						'SC_EURYDICE_HAS_3_ALLIANCE'),
		('SC_EURYDICE_ATTACH_ALLIANCE_BONUS_4',		'MODIFIER_ALL_PLAYERS_ATTACH_MODIFIER',						'SC_EURYDICE_HAS_4_ALLIANCE'),
		('SC_EURYDICE_ATTACH_ALLIANCE_BONUS_5',		'MODIFIER_ALL_PLAYERS_ATTACH_MODIFIER',						'SC_EURYDICE_HAS_5_ALLIANCE'),

		('SC_EURYDICE_ATTACH_LOYALTY_BONUS_1',		'MODIFIER_ALL_PLAYERS_ATTACH_MODIFIER',						'SC_EURYDICE_HAS_1_ALLIANCE'),
		('SC_EURYDICE_ATTACH_LOYALTY_BONUS_2',		'MODIFIER_ALL_PLAYERS_ATTACH_MODIFIER',						'SC_EURYDICE_HAS_2_ALLIANCE'),
		('SC_EURYDICE_ATTACH_LOYALTY_BONUS_3',		'MODIFIER_ALL_PLAYERS_ATTACH_MODIFIER',						'SC_EURYDICE_HAS_3_ALLIANCE'),
		('SC_EURYDICE_ATTACH_LOYALTY_BONUS_4',		'MODIFIER_ALL_PLAYERS_ATTACH_MODIFIER',						'SC_EURYDICE_HAS_4_ALLIANCE'),
		('SC_EURYDICE_ATTACH_LOYALTY_BONUS_5',		'MODIFIER_ALL_PLAYERS_ATTACH_MODIFIER',						'SC_EURYDICE_HAS_5_ALLIANCE'),

		('SC_EURYDICE_ALLIANCE_LOYALTY_1',			'MODIFIER_PLAYER_CITIES_ADJUST_IDENTITY_PER_CITIZEN',		null),
		('SC_EURYDICE_ALLIANCE_LOYALTY_2',			'MODIFIER_PLAYER_CITIES_ADJUST_IDENTITY_PER_CITIZEN',		null),
		('SC_EURYDICE_ALLIANCE_LOYALTY_3',			'MODIFIER_PLAYER_CITIES_ADJUST_IDENTITY_PER_CITIZEN',		null),
		('SC_EURYDICE_ALLIANCE_LOYALTY_4',			'MODIFIER_PLAYER_CITIES_ADJUST_IDENTITY_PER_CITIZEN',		null),
		('SC_EURYDICE_ALLIANCE_LOYALTY_5',			'MODIFIER_PLAYER_CITIES_ADJUST_IDENTITY_PER_CITIZEN',		null),

		('SC_EURYDICE_ALLIANCE_PRODUCTION_1',		'MODIFIER_PLAYER_CITIES_ADJUST_UNIT_PRODUCTION_MODIFIER',	null),
		('SC_EURYDICE_ALLIANCE_PRODUCTION_2',		'MODIFIER_PLAYER_CITIES_ADJUST_UNIT_PRODUCTION_MODIFIER',	null),
		('SC_EURYDICE_ALLIANCE_PRODUCTION_3',		'MODIFIER_PLAYER_CITIES_ADJUST_UNIT_PRODUCTION_MODIFIER',	null),
		('SC_EURYDICE_ALLIANCE_PRODUCTION_4',		'MODIFIER_PLAYER_CITIES_ADJUST_UNIT_PRODUCTION_MODIFIER',	null),
		('SC_EURYDICE_ALLIANCE_PRODUCTION_5',		'MODIFIER_PLAYER_CITIES_ADJUST_UNIT_PRODUCTION_MODIFIER',	null);

INSERT INTO ModifierArguments
		(ModifierId,								Name,			Value)
VALUES	('SC_EURYDICE_ATTACH_LOYALTY_BONUS_1',		'ModifierId',	'SC_EURYDICE_ALLIANCE_LOYALTY_1'),
		('SC_EURYDICE_ATTACH_LOYALTY_BONUS_2',		'ModifierId',	'SC_EURYDICE_ALLIANCE_LOYALTY_2'),
		('SC_EURYDICE_ATTACH_LOYALTY_BONUS_3',		'ModifierId',	'SC_EURYDICE_ALLIANCE_LOYALTY_3'),
		('SC_EURYDICE_ATTACH_LOYALTY_BONUS_4',		'ModifierId',	'SC_EURYDICE_ALLIANCE_LOYALTY_4'),
		('SC_EURYDICE_ATTACH_LOYALTY_BONUS_5',		'ModifierId',	'SC_EURYDICE_ALLIANCE_LOYALTY_5'),

		('SC_EURYDICE_ATTACH_ALLIANCE_BONUS_1',		'ModifierId',	'SC_EURYDICE_ALLIANCE_PRODUCTION_1'),
		('SC_EURYDICE_ATTACH_ALLIANCE_BONUS_2',		'ModifierId',	'SC_EURYDICE_ALLIANCE_PRODUCTION_2'),
		('SC_EURYDICE_ATTACH_ALLIANCE_BONUS_3',		'ModifierId',	'SC_EURYDICE_ALLIANCE_PRODUCTION_3'),
		('SC_EURYDICE_ATTACH_ALLIANCE_BONUS_4',		'ModifierId',	'SC_EURYDICE_ALLIANCE_PRODUCTION_4'),
		('SC_EURYDICE_ATTACH_ALLIANCE_BONUS_5',		'ModifierId',	'SC_EURYDICE_ALLIANCE_PRODUCTION_5'),

		('SC_EURYDICE_ALLIANCE_LOYALTY_1',			'Amount',		0.15),
		('SC_EURYDICE_ALLIANCE_LOYALTY_2',			'Amount',		0.15),
		('SC_EURYDICE_ALLIANCE_LOYALTY_3',			'Amount',		0.15),
		('SC_EURYDICE_ALLIANCE_LOYALTY_4',			'Amount',		0.15),
		('SC_EURYDICE_ALLIANCE_LOYALTY_5',			'Amount',		0.15),

		('SC_EURYDICE_ALLIANCE_PRODUCTION_1',		'Amount',		10),
		('SC_EURYDICE_ALLIANCE_PRODUCTION_2',		'Amount',		10),
		('SC_EURYDICE_ALLIANCE_PRODUCTION_3',		'Amount',		10),
		('SC_EURYDICE_ALLIANCE_PRODUCTION_4',		'Amount',		10),
		('SC_EURYDICE_ALLIANCE_PRODUCTION_5',		'Amount',		10);

INSERT INTO RequirementSets
		(RequirementSetId,						RequirementSetType)
VALUES	('SC_EURYDICE_HAS_1_ALLIANCE',			'REQUIREMENTSET_TEST_ALL'),
		('SC_EURYDICE_HAS_2_ALLIANCE',			'REQUIREMENTSET_TEST_ALL'),
		('SC_EURYDICE_HAS_3_ALLIANCE',			'REQUIREMENTSET_TEST_ALL'),
		('SC_EURYDICE_HAS_4_ALLIANCE',			'REQUIREMENTSET_TEST_ALL'),
		('SC_EURYDICE_HAS_5_ALLIANCE',			'REQUIREMENTSET_TEST_ALL');

INSERT INTO RequirementSetRequirements
		(RequirementSetId,						RequirementId)
VALUES	('SC_EURYDICE_HAS_1_ALLIANCE',			'SC_REQUIRES_HAS_1_ALLIANCE'),
		('SC_EURYDICE_HAS_1_ALLIANCE',			'SC_LEADER_IS_EURYDICE'),

		('SC_EURYDICE_HAS_2_ALLIANCE',			'SC_REQUIRES_HAS_2_ALLIANCE'),
		('SC_EURYDICE_HAS_2_ALLIANCE',			'SC_LEADER_IS_EURYDICE'),

		('SC_EURYDICE_HAS_3_ALLIANCE',			'SC_REQUIRES_HAS_3_ALLIANCE'),
		('SC_EURYDICE_HAS_3_ALLIANCE',			'SC_LEADER_IS_EURYDICE'),

		('SC_EURYDICE_HAS_4_ALLIANCE',			'SC_REQUIRES_HAS_4_ALLIANCE'),
		('SC_EURYDICE_HAS_4_ALLIANCE',			'SC_LEADER_IS_EURYDICE'),

		('SC_EURYDICE_HAS_5_ALLIANCE',			'SC_REQUIRES_HAS_5_ALLIANCE'),
		('SC_EURYDICE_HAS_5_ALLIANCE',			'SC_LEADER_IS_EURYDICE');

INSERT INTO Requirements
		(RequirementId,							RequirementType)
VALUES	('SC_LEADER_IS_EURYDICE',				'REQUIREMENT_PLAYER_LEADER_TYPE_MATCHES'),

		('SC_REQUIRES_HAS_1_ALLIANCE',			'REQUIREMENT_PLAYER_HAS_MANY_ALLIANCES'),
		('SC_REQUIRES_HAS_2_ALLIANCE',			'REQUIREMENT_PLAYER_HAS_MANY_ALLIANCES'),
		('SC_REQUIRES_HAS_3_ALLIANCE',			'REQUIREMENT_PLAYER_HAS_MANY_ALLIANCES'),
		('SC_REQUIRES_HAS_4_ALLIANCE',			'REQUIREMENT_PLAYER_HAS_MANY_ALLIANCES'),
		('SC_REQUIRES_HAS_5_ALLIANCE',			'REQUIREMENT_PLAYER_HAS_MANY_ALLIANCES');
		

INSERT INTO RequirementArguments
		(RequirementId,							Name,					Value)
VALUES	('SC_LEADER_IS_EURYDICE',				'LeaderType',			'LEADER_SC_EURYDICE'),
		
		('SC_REQUIRES_HAS_1_ALLIANCE',			'MinOwnerAlliances',	1),
		('SC_REQUIRES_HAS_2_ALLIANCE',			'MinOwnerAlliances',	2),
		('SC_REQUIRES_HAS_3_ALLIANCE',			'MinOwnerAlliances',	3),
		('SC_REQUIRES_HAS_4_ALLIANCE',			'MinOwnerAlliances',	4),
		('SC_REQUIRES_HAS_5_ALLIANCE',			'MinOwnerAlliances',	5);