

INSERT INTO Types
		(Type,								Kind)
VALUES	('POLICY_LEU_VOTIVE_OFFERINGS',		'KIND_POLICY'),
--		Type:  SLOT_DIPLOMATIC
--		Civic: CIVIC_THEOLOGY
--		+10 Religious Pressure from your Trader Units passing through cities on their path.
		('POLICY_LEU_RELIGIOUS_TOLERANCE',	'KIND_POLICY'),
--		Type:  SLOT_DIPLOMATIC
--		Civic: CIVIC_REFORMED_CHURCH
--		+7 Religious Pressure received from cities to which you have a Trade Route
		('POLICY_LEU_CATECHESIS',		'KIND_POLICY'),
--		Type:  SLOT_DIPLOMATIC
--		Civic: CIVIC_REFORMED_CHURCH
--		+7  Religious Pressure exerted to cities to which you have a Trade Route
		('POLICY_LEU_TELEVANGELISM',		'KIND_POLICY');
--		Type:  SLOT_DIPLOMATIC
--		Civic: CIVIC_MASS_MEDIA
--		+12 Religious Pressure exerted to cities to which you have a Trade Route

INSERT INTO Policies
		(PolicyType,						Name,										Description,								PrereqCivic,					GovernmentSlotType)
VALUES	('POLICY_LEU_VOTIVE_OFFERINGS',		'LOC_POLICY_LEU_VOTIVE_OFFERINGS_NAME',		'LOC_POLICY_LEU_VOTIVE_OFFERINGS_DESCRIPTION',		'CIVIC_THEOLOGY',				'SLOT_DIPLOMATIC'),
		('POLICY_LEU_RELIGIOUS_TOLERANCE',	'LOC_POLICY_LEU_RELIGIOUS_TOLERANCE_NAME',	'LOC_POLICY_LEU_RELIGIOUS_TOLERANCE_DESCRIPTION',	'CIVIC_REFORMED_CHURCH',		'SLOT_DIPLOMATIC'),
		('POLICY_LEU_CATECHESIS',			'LOC_POLICY_LEU_CATECHESIS_NAME',			'LOC_POLICY_LEU_CATECHESIS_DESCRIPTION',			'CIVIC_REFORMED_CHURCH',		'SLOT_DIPLOMATIC'),
		('POLICY_LEU_TELEVANGELISM',		'LOC_POLICY_LEU_TELEVANGELISM_NAME',		'LOC_POLICY_LEU_TELEVANGELISM_DESCRIPTION',		'CIVIC_MASS_MEDIA',				'SLOT_DIPLOMATIC');

INSERT INTO ObsoletePolicies
		(PolicyType,						ObsoletePolicy)
VALUES	('POLICY_LEU_CATECHESIS',			'POLICY_LEU_TELEVANGELISM');

INSERT INTO PolicyModifiers
		(PolicyType,						ModifierId)
VALUES	('POLICY_LEU_VOTIVE_OFFERINGS',		'LEU_TRADE_ATTACH_VOTIVE_OFFERINGS_PROPERTY'),
		('POLICY_LEU_RELIGIOUS_TOLERANCE',	'LEU_TRADE_PRESSURE_FROM_TOLERANCE'),
		('POLICY_LEU_CATECHESIS',			'LEU_TRADE_PRESSURE_TO_CATECHESIS'),
		('POLICY_LEU_TELEVANGELISM',			'LEU_TRADE_PRESSURE_TO_TELEVANGELISM');

INSERT INTO Modifiers
		(ModifierId,										ModifierType,										SubjectRequirementSetId)
VALUES	('LEU_TRADE_ATTACH_VOTIVE_OFFERINGS_PROPERTY',		'MODIFIER_PLAYER_ADJUST_PROPERTY',					null),
		('LEU_TRADE_PRESSURE_FROM_TOLERANCE',		'MODIFIER_PLAYER_ADJUST_TRADE_ROUTE_RELIGIOUS_PRESSURE',	null),
		('LEU_TRADE_PRESSURE_TO_CATECHESIS',		'MODIFIER_PLAYER_ADJUST_TRADE_ROUTE_RELIGIOUS_PRESSURE',	null),
		('LEU_TRADE_PRESSURE_TO_TELEVANGELISM',		'MODIFIER_PLAYER_ADJUST_TRADE_ROUTE_RELIGIOUS_PRESSURE',	null);


INSERT INTO ModifierArguments
		(ModifierId,									Name,			Value)
VALUES	('LEU_TRADE_ATTACH_VOTIVE_OFFERINGS_PROPERTY',	'Key',			'LEU_HAS_VOTIVE_OFFERINGS'),
		('LEU_TRADE_ATTACH_VOTIVE_OFFERINGS_PROPERTY',	'Value',		1),
		--
		('LEU_TRADE_PRESSURE_FROM_TOLERANCE',		'Origin',			1),
		('LEU_TRADE_PRESSURE_FROM_TOLERANCE',		'Destination',		0),
		('LEU_TRADE_PRESSURE_FROM_TOLERANCE',		'Amount',			700),
		--
		('LEU_TRADE_PRESSURE_TO_CATECHESIS',		'Origin',			0),
		('LEU_TRADE_PRESSURE_TO_CATECHESIS',		'Destination',		1),
		('LEU_TRADE_PRESSURE_TO_CATECHESIS',		'Amount',			300),
		--
		('LEU_TRADE_PRESSURE_TO_TELEVANGELISM',		'Origin',			0),
		('LEU_TRADE_PRESSURE_TO_TELEVANGELISM',		'Destination',		1),
		('LEU_TRADE_PRESSURE_TO_TELEVANGELISM',		'Amount',			700);


		