-- UC_CMP_Policies
-- Author: JNR
--------------------------------------------------------------

-- Types
--------------------------------------------------------------
INSERT OR IGNORE INTO Types
		(Type,						Kind)
VALUES	('POLICY_JNR_BIG_SCIENCE',	'KIND_POLICY');
--------------------------------------------------------------

-- Policies
--------------------------------------------------------------
UPDATE Policies SET Description='LOC_POLICY_RATIONALISM_DESCRIPTION_JNR_UC'				WHERE PolicyType='POLICY_RATIONALISM';
UPDATE Policies SET Description='LOC_POLICY_NOBEL_PRIZE_DESCRIPTION_JNR_UC_CMP'			WHERE PolicyType='POLICY_NOBEL_PRIZE' 		AND Description='LOC_POLICY_NOBEL_PRIZE_DESCRIPTION_XP2';
UPDATE Policies SET Description='LOC_POLICY_NOBEL_PRIZE_DESCRIPTION_JNR_UC'				WHERE PolicyType='POLICY_NOBEL_PRIZE' 		AND Description='LOC_POLICY_NOBEL_PRIZE_DESCRIPTION_UC_PRD';
UPDATE Policies SET Description='LOC_POLICY_THIRD_ALTERNATIVE_DESCRIPTION_JNR_UC'		WHERE PolicyType='POLICY_THIRD_ALTERNATIVE' AND Description='LOC_POLICY_THIRD_ALTERNATIVE_DESCRIPTION_XP2';

INSERT OR IGNORE INTO Policies
		(PolicyType,				Name,								Description,								PrereqCivic,		GovernmentSlotType)
VALUES	('POLICY_JNR_BIG_SCIENCE',	'LOC_POLICY_JNR_BIG_SCIENCE_NAME',	'LOC_POLICY_JNR_BIG_SCIENCE_DESCRIPTION',	'CIVIC_SPACE_RACE',	'SLOT_ECONOMIC');
--------------------------------------------------------------

-- ObsoletePolicies
--------------------------------------------------------------
INSERT OR IGNORE INTO ObsoletePolicies
		(PolicyType,			ObsoletePolicy)
VALUES	('POLICY_RATIONALISM',	'POLICY_JNR_BIG_SCIENCE');
--------------------------------------------------------------

-- Modifiers
--------------------------------------------------------------
INSERT OR IGNORE INTO Modifiers
		(ModifierId,									ModifierType,											SubjectRequirementSetId)
VALUES	('RATIONALISM_HIGH_ADJACENCY_LIBRARY_JNR',		'MODIFIER_PLAYER_CITIES_ADJUST_BUILDING_YIELD_CHANGE',	'CAMPUS_HAS_HIGH_ADJACENCY'),
		('RATIONALISM_HIGH_ADJACENCY_ACADEMY_JNR',		'MODIFIER_PLAYER_CITIES_ADJUST_BUILDING_YIELD_CHANGE',	'CAMPUS_HAS_HIGH_ADJACENCY'),
		('RATIONALISM_HIGH_ADJACENCY_UNIVERSITY_JNR',	'MODIFIER_PLAYER_CITIES_ADJUST_BUILDING_YIELD_CHANGE',	'CAMPUS_HAS_HIGH_ADJACENCY'),
		('RATIONALISM_HIGH_ADJACENCY_SCHOOL_JNR',		'MODIFIER_PLAYER_CITIES_ADJUST_BUILDING_YIELD_CHANGE',	'CAMPUS_HAS_HIGH_ADJACENCY'),
		('RATIONALISM_HIGH_ADJACENCY_LABORATORY_JNR',	'MODIFIER_PLAYER_CITIES_ADJUST_BUILDING_YIELD_CHANGE',	'CAMPUS_HAS_HIGH_ADJACENCY'),
		('RATIONALISM_HIGH_ADJACENCY_LIBERAL_ARTS_JNR',	'MODIFIER_PLAYER_CITIES_ADJUST_BUILDING_YIELD_CHANGE',	'CAMPUS_HAS_HIGH_ADJACENCY'),
		('RATIONALISM_HIGH_ADJACENCY_RESEARCH_LAB_JNR',	'MODIFIER_PLAYER_CITIES_ADJUST_BUILDING_YIELD_CHANGE',	'CAMPUS_HAS_HIGH_ADJACENCY'),
		('RATIONALISM_HIGH_ADJACENCY_EDUCATION_JNR',	'MODIFIER_PLAYER_CITIES_ADJUST_BUILDING_YIELD_CHANGE',	'CAMPUS_HAS_HIGH_ADJACENCY'),

		('RATIONALISM_HIGH_POP_LIBRARY_JNR',			'MODIFIER_PLAYER_CITIES_ADJUST_BUILDING_YIELD_CHANGE',	'CITY_HAS_HIGH_POPULATION'),
		('RATIONALISM_HIGH_POP_ACADEMY_JNR',			'MODIFIER_PLAYER_CITIES_ADJUST_BUILDING_YIELD_CHANGE',	'CITY_HAS_HIGH_POPULATION'),
		('RATIONALISM_HIGH_POP_UNIVERSITY_JNR',			'MODIFIER_PLAYER_CITIES_ADJUST_BUILDING_YIELD_CHANGE',	'CITY_HAS_HIGH_POPULATION'),
		('RATIONALISM_HIGH_POP_SCHOOL_JNR',				'MODIFIER_PLAYER_CITIES_ADJUST_BUILDING_YIELD_CHANGE',	'CITY_HAS_HIGH_POPULATION'),
		('RATIONALISM_HIGH_POP_LABORATORY_JNR',			'MODIFIER_PLAYER_CITIES_ADJUST_BUILDING_YIELD_CHANGE',	'CITY_HAS_HIGH_POPULATION'),
		('RATIONALISM_HIGH_POP_LIBERAL_ARTS_JNR',		'MODIFIER_PLAYER_CITIES_ADJUST_BUILDING_YIELD_CHANGE',	'CITY_HAS_HIGH_POPULATION'),
		('RATIONALISM_HIGH_POP_RESEARCH_LAB_JNR',		'MODIFIER_PLAYER_CITIES_ADJUST_BUILDING_YIELD_CHANGE',	'CITY_HAS_HIGH_POPULATION'),
		('RATIONALISM_HIGH_POP_EDUCATION_JNR',			'MODIFIER_PLAYER_CITIES_ADJUST_BUILDING_YIELD_CHANGE',	'CITY_HAS_HIGH_POPULATION'),
		
		('BIGSCIENCE_HIGH_ADJACENCY_LIBRARY_JNR',		'MODIFIER_PLAYER_CITIES_ADJUST_BUILDING_YIELD_CHANGE',	'CAMPUS_HAS_HIGH_ADJACENCY'),
		('BIGSCIENCE_HIGH_ADJACENCY_ACADEMY_JNR',		'MODIFIER_PLAYER_CITIES_ADJUST_BUILDING_YIELD_CHANGE',	'CAMPUS_HAS_HIGH_ADJACENCY'),
		('BIGSCIENCE_HIGH_ADJACENCY_UNIVERSITY_JNR',	'MODIFIER_PLAYER_CITIES_ADJUST_BUILDING_YIELD_CHANGE',	'CAMPUS_HAS_HIGH_ADJACENCY'),
		('BIGSCIENCE_HIGH_ADJACENCY_SCHOOL_JNR',		'MODIFIER_PLAYER_CITIES_ADJUST_BUILDING_YIELD_CHANGE',	'CAMPUS_HAS_HIGH_ADJACENCY'),
		('BIGSCIENCE_HIGH_ADJACENCY_LABORATORY_JNR',	'MODIFIER_PLAYER_CITIES_ADJUST_BUILDING_YIELD_CHANGE',	'CAMPUS_HAS_HIGH_ADJACENCY'),
		('BIGSCIENCE_HIGH_ADJACENCY_LIBERAL_ARTS_JNR',	'MODIFIER_PLAYER_CITIES_ADJUST_BUILDING_YIELD_CHANGE',	'CAMPUS_HAS_HIGH_ADJACENCY'),
		('BIGSCIENCE_HIGH_ADJACENCY_RESEARCH_LAB_JNR',	'MODIFIER_PLAYER_CITIES_ADJUST_BUILDING_YIELD_CHANGE',	'CAMPUS_HAS_HIGH_ADJACENCY'),
		('BIGSCIENCE_HIGH_ADJACENCY_EDUCATION_JNR',		'MODIFIER_PLAYER_CITIES_ADJUST_BUILDING_YIELD_CHANGE',	'CAMPUS_HAS_HIGH_ADJACENCY'),

		('BIGSCIENCE_HIGH_POP_LIBRARY_JNR',				'MODIFIER_PLAYER_CITIES_ADJUST_BUILDING_YIELD_CHANGE',	'CITY_HAS_HIGH_POPULATION'),
		('BIGSCIENCE_HIGH_POP_ACADEMY_JNR',				'MODIFIER_PLAYER_CITIES_ADJUST_BUILDING_YIELD_CHANGE',	'CITY_HAS_HIGH_POPULATION'),
		('BIGSCIENCE_HIGH_POP_UNIVERSITY_JNR',			'MODIFIER_PLAYER_CITIES_ADJUST_BUILDING_YIELD_CHANGE',	'CITY_HAS_HIGH_POPULATION'),
		('BIGSCIENCE_HIGH_POP_SCHOOL_JNR',				'MODIFIER_PLAYER_CITIES_ADJUST_BUILDING_YIELD_CHANGE',	'CITY_HAS_HIGH_POPULATION'),
		('BIGSCIENCE_HIGH_POP_LABORATORY_JNR',			'MODIFIER_PLAYER_CITIES_ADJUST_BUILDING_YIELD_CHANGE',	'CITY_HAS_HIGH_POPULATION'),
		('BIGSCIENCE_HIGH_POP_LIBERAL_ARTS_JNR',		'MODIFIER_PLAYER_CITIES_ADJUST_BUILDING_YIELD_CHANGE',	'CITY_HAS_HIGH_POPULATION'),
		('BIGSCIENCE_HIGH_POP_RESEARCH_LAB_JNR',		'MODIFIER_PLAYER_CITIES_ADJUST_BUILDING_YIELD_CHANGE',	'CITY_HAS_HIGH_POPULATION'),
		('BIGSCIENCE_HIGH_POP_EDUCATION_JNR',			'MODIFIER_PLAYER_CITIES_ADJUST_BUILDING_YIELD_CHANGE',	'CITY_HAS_HIGH_POPULATION');		
		
INSERT OR IGNORE INTO Modifiers
		(ModifierId,											ModifierType)
SELECT	'THIRDALTERNATIVE_CULTURE_' || BuildingType || '_JNR',	'MODIFIER_PLAYER_CITIES_ADJUST_BUILDING_YIELD_CHANGE'
FROM	Buildings
WHERE	PrereqDistrict='DISTRICT_ENCAMPMENT'
		OR PrereqDistrict='DISTRICT_AERODROME'
		OR BuildingType IN ('BUILDING_COAL_POWER_PLANT', 'BUILDING_FOSSIL_FUEL_POWER_PLANT', 'BUILDING_POWER_PLANT', 'BUILDING_JNR_RENEWABLE_DISTRIBUTION');

INSERT OR IGNORE INTO Modifiers
		(ModifierId,											ModifierType)
SELECT	'THIRDALTERNATIVE_GOLD_' || BuildingType || '_JNR',		'MODIFIER_PLAYER_CITIES_ADJUST_BUILDING_YIELD_CHANGE'
FROM	Buildings
WHERE	PrereqDistrict='DISTRICT_ENCAMPMENT'
		OR PrereqDistrict='DISTRICT_AERODROME'
		OR BuildingType IN ('BUILDING_COAL_POWER_PLANT', 'BUILDING_FOSSIL_FUEL_POWER_PLANT', 'BUILDING_POWER_PLANT', 'BUILDING_JNR_RENEWABLE_DISTRIBUTION');
				
UPDATE Modifiers SET SubjectRequirementSetId='BUILDING_IS_CAMPUS_TIER2_JNR' WHERE ModifierId='SCIENCEFOUNDATION_SCIENTIST_UNIVERSITY';
UPDATE Modifiers SET SubjectRequirementSetId='BUILDING_IS_CAMPUS_TIER4_JNR' WHERE ModifierId='SCIENCEFOUNDATION_SCIENTIST_RESEARCHLAB';
--------------------------------------------------------------

-- ModifierArguments
--------------------------------------------------------------
INSERT OR IGNORE INTO ModifierArguments
		(ModifierId,										Name,			Value)
VALUES	('RATIONALISM_HIGH_ADJACENCY_LIBRARY_JNR',			'BuildingType',	'BUILDING_LIBRARY'),
		('RATIONALISM_HIGH_ADJACENCY_ACADEMY_JNR',			'BuildingType',	'BUILDING_JNR_ACADEMY'),
		('RATIONALISM_HIGH_ADJACENCY_UNIVERSITY_JNR',		'BuildingType',	'BUILDING_UNIVERSITY'),
		('RATIONALISM_HIGH_ADJACENCY_SCHOOL_JNR',			'BuildingType',	'BUILDING_JNR_SCHOOL'),
		('RATIONALISM_HIGH_ADJACENCY_LABORATORY_JNR',		'BuildingType',	'BUILDING_JNR_LABORATORY'),
		('RATIONALISM_HIGH_ADJACENCY_LIBERAL_ARTS_JNR',		'BuildingType',	'BUILDING_JNR_LIBERAL_ARTS'),
		('RATIONALISM_HIGH_ADJACENCY_RESEARCH_LAB_JNR',		'BuildingType',	'BUILDING_RESEARCH_LAB'),
		('RATIONALISM_HIGH_ADJACENCY_EDUCATION_JNR',		'BuildingType',	'BUILDING_JNR_EDUCATION'),
		('RATIONALISM_HIGH_ADJACENCY_LIBRARY_JNR',			'YieldType',	'YIELD_SCIENCE'),
		('RATIONALISM_HIGH_ADJACENCY_ACADEMY_JNR',			'YieldType',	'YIELD_SCIENCE'),
		('RATIONALISM_HIGH_ADJACENCY_UNIVERSITY_JNR',		'YieldType',	'YIELD_SCIENCE'),
		('RATIONALISM_HIGH_ADJACENCY_SCHOOL_JNR',			'YieldType',	'YIELD_SCIENCE'),
		('RATIONALISM_HIGH_ADJACENCY_LABORATORY_JNR',		'YieldType',	'YIELD_SCIENCE'),
		('RATIONALISM_HIGH_ADJACENCY_LIBERAL_ARTS_JNR',		'YieldType',	'YIELD_SCIENCE'),
		('RATIONALISM_HIGH_ADJACENCY_RESEARCH_LAB_JNR',		'YieldType',	'YIELD_SCIENCE'),
		('RATIONALISM_HIGH_ADJACENCY_EDUCATION_JNR',		'YieldType',	'YIELD_SCIENCE'),
		('RATIONALISM_HIGH_ADJACENCY_LIBRARY_JNR',			'Amount',		1),
		('RATIONALISM_HIGH_ADJACENCY_ACADEMY_JNR',			'Amount',		1),
		('RATIONALISM_HIGH_ADJACENCY_UNIVERSITY_JNR',		'Amount',		1),
		('RATIONALISM_HIGH_ADJACENCY_SCHOOL_JNR',			'Amount',		1),
		('RATIONALISM_HIGH_ADJACENCY_LABORATORY_JNR',		'Amount',		1),
		('RATIONALISM_HIGH_ADJACENCY_LIBERAL_ARTS_JNR',		'Amount',		1),
		('RATIONALISM_HIGH_ADJACENCY_RESEARCH_LAB_JNR',		'Amount',		1),
		('RATIONALISM_HIGH_ADJACENCY_EDUCATION_JNR',		'Amount',		1),

		('RATIONALISM_HIGH_POP_LIBRARY_JNR',				'BuildingType',	'BUILDING_LIBRARY'),
		('RATIONALISM_HIGH_POP_ACADEMY_JNR',				'BuildingType',	'BUILDING_JNR_ACADEMY'),
		('RATIONALISM_HIGH_POP_UNIVERSITY_JNR',				'BuildingType',	'BUILDING_UNIVERSITY'),
		('RATIONALISM_HIGH_POP_SCHOOL_JNR',					'BuildingType',	'BUILDING_JNR_SCHOOL'),
		('RATIONALISM_HIGH_POP_LABORATORY_JNR',				'BuildingType',	'BUILDING_JNR_LABORATORY'),
		('RATIONALISM_HIGH_POP_LIBERAL_ARTS_JNR',			'BuildingType',	'BUILDING_JNR_LIBERAL_ARTS'),
		('RATIONALISM_HIGH_POP_RESEARCH_LAB_JNR',			'BuildingType',	'BUILDING_RESEARCH_LAB'),
		('RATIONALISM_HIGH_POP_EDUCATION_JNR',				'BuildingType',	'BUILDING_JNR_EDUCATION'),
		('RATIONALISM_HIGH_POP_LIBRARY_JNR',				'YieldType',	'YIELD_SCIENCE'),
		('RATIONALISM_HIGH_POP_ACADEMY_JNR',				'YieldType',	'YIELD_SCIENCE'),
		('RATIONALISM_HIGH_POP_UNIVERSITY_JNR',				'YieldType',	'YIELD_SCIENCE'),
		('RATIONALISM_HIGH_POP_SCHOOL_JNR',					'YieldType',	'YIELD_SCIENCE'),
		('RATIONALISM_HIGH_POP_LABORATORY_JNR',				'YieldType',	'YIELD_SCIENCE'),
		('RATIONALISM_HIGH_POP_LIBERAL_ARTS_JNR',			'YieldType',	'YIELD_SCIENCE'),
		('RATIONALISM_HIGH_POP_RESEARCH_LAB_JNR',			'YieldType',	'YIELD_SCIENCE'),
		('RATIONALISM_HIGH_POP_EDUCATION_JNR',				'YieldType',	'YIELD_SCIENCE'),
		('RATIONALISM_HIGH_POP_LIBRARY_JNR',				'Amount',		1),
		('RATIONALISM_HIGH_POP_ACADEMY_JNR',				'Amount',		1),
		('RATIONALISM_HIGH_POP_UNIVERSITY_JNR',				'Amount',		1),
		('RATIONALISM_HIGH_POP_SCHOOL_JNR',					'Amount',		1),
		('RATIONALISM_HIGH_POP_LABORATORY_JNR',				'Amount',		1),
		('RATIONALISM_HIGH_POP_LIBERAL_ARTS_JNR',			'Amount',		1),
		('RATIONALISM_HIGH_POP_RESEARCH_LAB_JNR',			'Amount',		1),
		('RATIONALISM_HIGH_POP_EDUCATION_JNR',				'Amount',		1),
		
		('BIGSCIENCE_HIGH_ADJACENCY_LIBRARY_JNR',		'BuildingType',	'BUILDING_LIBRARY'),
		('BIGSCIENCE_HIGH_ADJACENCY_ACADEMY_JNR',		'BuildingType',	'BUILDING_JNR_ACADEMY'),
		('BIGSCIENCE_HIGH_ADJACENCY_UNIVERSITY_JNR',	'BuildingType',	'BUILDING_UNIVERSITY'),
		('BIGSCIENCE_HIGH_ADJACENCY_SCHOOL_JNR',		'BuildingType',	'BUILDING_JNR_SCHOOL'),
		('BIGSCIENCE_HIGH_ADJACENCY_LABORATORY_JNR',	'BuildingType',	'BUILDING_JNR_LABORATORY'),
		('BIGSCIENCE_HIGH_ADJACENCY_LIBERAL_ARTS_JNR',	'BuildingType',	'BUILDING_JNR_LIBERAL_ARTS'),
		('BIGSCIENCE_HIGH_ADJACENCY_RESEARCH_LAB_JNR',	'BuildingType',	'BUILDING_RESEARCH_LAB'),
		('BIGSCIENCE_HIGH_ADJACENCY_EDUCATION_JNR',		'BuildingType',	'BUILDING_JNR_EDUCATION'),
		('BIGSCIENCE_HIGH_ADJACENCY_LIBRARY_JNR',		'YieldType',	'YIELD_SCIENCE'),
		('BIGSCIENCE_HIGH_ADJACENCY_ACADEMY_JNR',		'YieldType',	'YIELD_SCIENCE'),
		('BIGSCIENCE_HIGH_ADJACENCY_UNIVERSITY_JNR',	'YieldType',	'YIELD_SCIENCE'),
		('BIGSCIENCE_HIGH_ADJACENCY_SCHOOL_JNR',		'YieldType',	'YIELD_SCIENCE'),
		('BIGSCIENCE_HIGH_ADJACENCY_LABORATORY_JNR',	'YieldType',	'YIELD_SCIENCE'),
		('BIGSCIENCE_HIGH_ADJACENCY_LIBERAL_ARTS_JNR',	'YieldType',	'YIELD_SCIENCE'),
		('BIGSCIENCE_HIGH_ADJACENCY_RESEARCH_LAB_JNR',	'YieldType',	'YIELD_SCIENCE'),
		('BIGSCIENCE_HIGH_ADJACENCY_EDUCATION_JNR',		'YieldType',	'YIELD_SCIENCE'),
		('BIGSCIENCE_HIGH_ADJACENCY_LIBRARY_JNR',		'Amount',		1),
		('BIGSCIENCE_HIGH_ADJACENCY_ACADEMY_JNR',		'Amount',		1),
		('BIGSCIENCE_HIGH_ADJACENCY_UNIVERSITY_JNR',	'Amount',		2),
		('BIGSCIENCE_HIGH_ADJACENCY_SCHOOL_JNR',		'Amount',		2),
		('BIGSCIENCE_HIGH_ADJACENCY_LABORATORY_JNR',	'Amount',		3),
		('BIGSCIENCE_HIGH_ADJACENCY_LIBERAL_ARTS_JNR',	'Amount',		3),
		('BIGSCIENCE_HIGH_ADJACENCY_RESEARCH_LAB_JNR',	'Amount',		4),
		('BIGSCIENCE_HIGH_ADJACENCY_EDUCATION_JNR',		'Amount',		4),

		('BIGSCIENCE_HIGH_POP_LIBRARY_JNR',				'BuildingType',	'BUILDING_LIBRARY'),
		('BIGSCIENCE_HIGH_POP_ACADEMY_JNR',				'BuildingType',	'BUILDING_JNR_ACADEMY'),
		('BIGSCIENCE_HIGH_POP_UNIVERSITY_JNR',			'BuildingType',	'BUILDING_UNIVERSITY'),
		('BIGSCIENCE_HIGH_POP_SCHOOL_JNR',				'BuildingType',	'BUILDING_JNR_SCHOOL'),
		('BIGSCIENCE_HIGH_POP_LABORATORY_JNR',			'BuildingType',	'BUILDING_JNR_LABORATORY'),
		('BIGSCIENCE_HIGH_POP_LIBERAL_ARTS_JNR',		'BuildingType',	'BUILDING_JNR_LIBERAL_ARTS'),
		('BIGSCIENCE_HIGH_POP_RESEARCH_LAB_JNR',		'BuildingType',	'BUILDING_RESEARCH_LAB'),
		('BIGSCIENCE_HIGH_POP_EDUCATION_JNR',			'BuildingType',	'BUILDING_JNR_EDUCATION'),
		('BIGSCIENCE_HIGH_POP_LIBRARY_JNR',				'YieldType',	'YIELD_SCIENCE'),
		('BIGSCIENCE_HIGH_POP_ACADEMY_JNR',				'YieldType',	'YIELD_SCIENCE'),
		('BIGSCIENCE_HIGH_POP_UNIVERSITY_JNR',			'YieldType',	'YIELD_SCIENCE'),
		('BIGSCIENCE_HIGH_POP_SCHOOL_JNR',				'YieldType',	'YIELD_SCIENCE'),
		('BIGSCIENCE_HIGH_POP_LABORATORY_JNR',			'YieldType',	'YIELD_SCIENCE'),
		('BIGSCIENCE_HIGH_POP_LIBERAL_ARTS_JNR',		'YieldType',	'YIELD_SCIENCE'),
		('BIGSCIENCE_HIGH_POP_RESEARCH_LAB_JNR',		'YieldType',	'YIELD_SCIENCE'),
		('BIGSCIENCE_HIGH_POP_EDUCATION_JNR',			'YieldType',	'YIELD_SCIENCE'),
		('BIGSCIENCE_HIGH_POP_LIBRARY_JNR',				'Amount',		1),
		('BIGSCIENCE_HIGH_POP_ACADEMY_JNR',				'Amount',		1),
		('BIGSCIENCE_HIGH_POP_UNIVERSITY_JNR',			'Amount',		2),
		('BIGSCIENCE_HIGH_POP_SCHOOL_JNR',				'Amount',		2),
		('BIGSCIENCE_HIGH_POP_LABORATORY_JNR',			'Amount',		3),
		('BIGSCIENCE_HIGH_POP_LIBERAL_ARTS_JNR',		'Amount',		3),
		('BIGSCIENCE_HIGH_POP_RESEARCH_LAB_JNR',		'Amount',		4),
		('BIGSCIENCE_HIGH_POP_EDUCATION_JNR',			'Amount',		4);

INSERT OR IGNORE INTO ModifierArguments
		(ModifierId,											Name,			Value)
SELECT	'THIRDALTERNATIVE_CULTURE_' || BuildingType || '_JNR',	'BuildingType',	BuildingType
FROM	Buildings
WHERE	PrereqDistrict='DISTRICT_ENCAMPMENT'
		OR PrereqDistrict='DISTRICT_AERODROME'
		OR BuildingType IN ('BUILDING_COAL_POWER_PLANT', 'BUILDING_FOSSIL_FUEL_POWER_PLANT', 'BUILDING_POWER_PLANT', 'BUILDING_JNR_RENEWABLE_DISTRIBUTION');

INSERT OR IGNORE INTO ModifierArguments
		(ModifierId,											Name,			Value)
SELECT	'THIRDALTERNATIVE_CULTURE_' || BuildingType || '_JNR',	'YieldType',	'YIELD_CULTURE'
FROM	Buildings
WHERE	PrereqDistrict='DISTRICT_ENCAMPMENT'
		OR PrereqDistrict='DISTRICT_AERODROME'
		OR BuildingType IN ('BUILDING_COAL_POWER_PLANT', 'BUILDING_FOSSIL_FUEL_POWER_PLANT', 'BUILDING_POWER_PLANT', 'BUILDING_JNR_RENEWABLE_DISTRIBUTION');

INSERT OR IGNORE INTO ModifierArguments
		(ModifierId,											Name,			Value)
SELECT	'THIRDALTERNATIVE_CULTURE_' || BuildingType || '_JNR',	'Amount',		1
FROM	Buildings
WHERE	PrereqDistrict='DISTRICT_ENCAMPMENT'
		OR PrereqDistrict='DISTRICT_AERODROME'
		OR BuildingType IN ('BUILDING_COAL_POWER_PLANT', 'BUILDING_FOSSIL_FUEL_POWER_PLANT', 'BUILDING_POWER_PLANT', 'BUILDING_JNR_RENEWABLE_DISTRIBUTION');

INSERT OR IGNORE INTO ModifierArguments
		(ModifierId,											Name,			Value)
SELECT	'THIRDALTERNATIVE_GOLD_' || BuildingType || '_JNR',		'BuildingType',	BuildingType
FROM	Buildings
WHERE	PrereqDistrict='DISTRICT_ENCAMPMENT'
		OR PrereqDistrict='DISTRICT_AERODROME'
		OR BuildingType IN ('BUILDING_COAL_POWER_PLANT', 'BUILDING_FOSSIL_FUEL_POWER_PLANT', 'BUILDING_POWER_PLANT', 'BUILDING_JNR_RENEWABLE_DISTRIBUTION');

INSERT OR IGNORE INTO ModifierArguments
		(ModifierId,											Name,			Value)
SELECT	'THIRDALTERNATIVE_GOLD_' || BuildingType || '_JNR',		'YieldType',	'YIELD_GOLD'
FROM	Buildings
WHERE	PrereqDistrict='DISTRICT_ENCAMPMENT'
		OR PrereqDistrict='DISTRICT_AERODROME'
		OR BuildingType IN ('BUILDING_COAL_POWER_PLANT', 'BUILDING_FOSSIL_FUEL_POWER_PLANT', 'BUILDING_POWER_PLANT', 'BUILDING_JNR_RENEWABLE_DISTRIBUTION');

INSERT OR IGNORE INTO ModifierArguments
		(ModifierId,											Name,			Value)
SELECT	'THIRDALTERNATIVE_GOLD_' || BuildingType || '_JNR',		'Amount',		2
FROM	Buildings
WHERE	PrereqDistrict='DISTRICT_ENCAMPMENT'
		OR PrereqDistrict='DISTRICT_AERODROME'
		OR BuildingType IN ('BUILDING_COAL_POWER_PLANT', 'BUILDING_FOSSIL_FUEL_POWER_PLANT', 'BUILDING_POWER_PLANT', 'BUILDING_JNR_RENEWABLE_DISTRIBUTION');
--------------------------------------------------------------

-- PolicyModifiers
--------------------------------------------------------------
DELETE FROM PolicyModifiers WHERE PolicyType='POLICY_RATIONALISM' AND ModifierId='RATIONALISM_BUILDING_YIELDS_HIGH_ADJACENCY';
DELETE FROM PolicyModifiers WHERE PolicyType='POLICY_RATIONALISM' AND ModifierId='RATIONALISM_BUILDING_YIELDS_HIGH_POP';

INSERT OR IGNORE INTO PolicyModifiers
		(PolicyType,				ModifierId)
VALUES	('POLICY_RATIONALISM',		'RATIONALISM_HIGH_ADJACENCY_LIBRARY_JNR'),
		('POLICY_RATIONALISM',		'RATIONALISM_HIGH_ADJACENCY_ACADEMY_JNR'),
		('POLICY_RATIONALISM',		'RATIONALISM_HIGH_ADJACENCY_UNIVERSITY_JNR'),
		('POLICY_RATIONALISM',		'RATIONALISM_HIGH_ADJACENCY_SCHOOL_JNR'),
		('POLICY_RATIONALISM',		'RATIONALISM_HIGH_ADJACENCY_LABORATORY_JNR'),
		('POLICY_RATIONALISM',		'RATIONALISM_HIGH_ADJACENCY_LIBERAL_ARTS_JNR'),
		('POLICY_RATIONALISM',		'RATIONALISM_HIGH_ADJACENCY_RESEARCH_LAB_JNR'),
		('POLICY_RATIONALISM',		'RATIONALISM_HIGH_ADJACENCY_EDUCATION_JNR'),
		('POLICY_RATIONALISM',		'RATIONALISM_HIGH_POP_LIBRARY_JNR'),
		('POLICY_RATIONALISM',		'RATIONALISM_HIGH_POP_ACADEMY_JNR'),
		('POLICY_RATIONALISM',		'RATIONALISM_HIGH_POP_UNIVERSITY_JNR'),
		('POLICY_RATIONALISM',		'RATIONALISM_HIGH_POP_SCHOOL_JNR'),
		('POLICY_RATIONALISM',		'RATIONALISM_HIGH_POP_LABORATORY_JNR'),
		('POLICY_RATIONALISM',		'RATIONALISM_HIGH_POP_LIBERAL_ARTS_JNR'),
		('POLICY_RATIONALISM',		'RATIONALISM_HIGH_POP_RESEARCH_LAB_JNR'),
		('POLICY_RATIONALISM',		'RATIONALISM_HIGH_POP_EDUCATION_JNR'),
		
		('POLICY_JNR_BIG_SCIENCE',	'BIGSCIENCE_HIGH_ADJACENCY_LIBRARY_JNR'),
		('POLICY_JNR_BIG_SCIENCE',	'BIGSCIENCE_HIGH_ADJACENCY_ACADEMY_JNR'),
		('POLICY_JNR_BIG_SCIENCE',	'BIGSCIENCE_HIGH_ADJACENCY_UNIVERSITY_JNR'),
		('POLICY_JNR_BIG_SCIENCE',	'BIGSCIENCE_HIGH_ADJACENCY_SCHOOL_JNR'),
		('POLICY_JNR_BIG_SCIENCE',	'BIGSCIENCE_HIGH_ADJACENCY_LABORATORY_JNR'),
		('POLICY_JNR_BIG_SCIENCE',	'BIGSCIENCE_HIGH_ADJACENCY_LIBERAL_ARTS_JNR'),
		('POLICY_JNR_BIG_SCIENCE',	'BIGSCIENCE_HIGH_ADJACENCY_RESEARCH_LAB_JNR'),
		('POLICY_JNR_BIG_SCIENCE',	'BIGSCIENCE_HIGH_ADJACENCY_EDUCATION_JNR'),
		('POLICY_JNR_BIG_SCIENCE',	'BIGSCIENCE_HIGH_POP_LIBRARY_JNR'),
		('POLICY_JNR_BIG_SCIENCE',	'BIGSCIENCE_HIGH_POP_ACADEMY_JNR'),
		('POLICY_JNR_BIG_SCIENCE',	'BIGSCIENCE_HIGH_POP_UNIVERSITY_JNR'),
		('POLICY_JNR_BIG_SCIENCE',	'BIGSCIENCE_HIGH_POP_SCHOOL_JNR'),
		('POLICY_JNR_BIG_SCIENCE',	'BIGSCIENCE_HIGH_POP_LABORATORY_JNR'),
		('POLICY_JNR_BIG_SCIENCE',	'BIGSCIENCE_HIGH_POP_LIBERAL_ARTS_JNR'),
		('POLICY_JNR_BIG_SCIENCE',	'BIGSCIENCE_HIGH_POP_RESEARCH_LAB_JNR'),
		('POLICY_JNR_BIG_SCIENCE',	'BIGSCIENCE_HIGH_POP_EDUCATION_JNR');
		
DELETE FROM PolicyModifiers WHERE PolicyType='POLICY_THIRD_ALTERNATIVE';

INSERT OR IGNORE INTO PolicyModifiers
		(PolicyType,	ModifierId)
SELECT	a.PolicyType,	'THIRDALTERNATIVE_CULTURE_' || b.BuildingType || '_JNR'
FROM	Policies a, Buildings b
WHERE	a.PolicyType='POLICY_THIRD_ALTERNATIVE'
		AND b.PrereqDistrict IN ('DISTRICT_ENCAMPMENT', 'DISTRICT_AERODROME');

INSERT OR IGNORE INTO PolicyModifiers
		(PolicyType,	ModifierId)
SELECT	a.PolicyType,	'THIRDALTERNATIVE_CULTURE_' || b.BuildingType || '_JNR'
FROM	Policies a, Buildings b
WHERE	a.PolicyType='POLICY_THIRD_ALTERNATIVE'
		AND b.BuildingType IN ('BUILDING_JNR_FREIGHT_YARD', 'BUILDING_COAL_POWER_PLANT', 'BUILDING_FOSSIL_FUEL_POWER_PLANT', 'BUILDING_POWER_PLANT', 'BUILDING_JNR_RENEWABLE_DISTRIBUTION');

INSERT OR IGNORE INTO PolicyModifiers
		(PolicyType,	ModifierId)
SELECT	a.PolicyType,	'THIRDALTERNATIVE_GOLD_' || b.BuildingType || '_JNR'
FROM	Policies a, Buildings b
WHERE	a.PolicyType='POLICY_THIRD_ALTERNATIVE'
		AND b.PrereqDistrict IN ('DISTRICT_ENCAMPMENT', 'DISTRICT_AERODROME');

INSERT OR IGNORE INTO PolicyModifiers
		(PolicyType,	ModifierId)
SELECT	a.PolicyType,	'THIRDALTERNATIVE_GOLD_' || b.BuildingType || '_JNR'
FROM	Policies a, Buildings b
WHERE	a.PolicyType='POLICY_THIRD_ALTERNATIVE'
		AND b.BuildingType IN ('BUILDING_JNR_FREIGHT_YARD', 'BUILDING_COAL_POWER_PLANT', 'BUILDING_FOSSIL_FUEL_POWER_PLANT', 'BUILDING_POWER_PLANT', 'BUILDING_JNR_RENEWABLE_DISTRIBUTION');
--------------------------------------------------------------