-- UC_CMP_Requirements
-- Author: JNR
--------------------------------------------------------------

-- Requirements
--------------------------------------------------------------
INSERT OR IGNORE INTO Requirements
		(RequirementId,										RequirementType)
VALUES	('REQUIRES_CITY_HAS_ACADEMY_JNR',					'REQUIREMENT_CITY_HAS_BUILDING'),
		('REQUIRES_CITY_HAS_SCHOOL_JNR',					'REQUIREMENT_CITY_HAS_BUILDING'),
		('REQUIRES_CITY_HAS_LABORATORY_JNR',				'REQUIREMENT_CITY_HAS_BUILDING'),
		('REQUIRES_CITY_HAS_LIBERAL_ARTS_JNR',				'REQUIREMENT_CITY_HAS_BUILDING'),
		('REQUIRES_CITY_HAS_EDUCATION_JNR',					'REQUIREMENT_CITY_HAS_BUILDING'),
		('REQUIRES_CITY_HAS_CAMPUS_TIER1_JNR',				'REQUIREMENT_REQUIREMENTSET_IS_MET'),
		('REQUIRES_CITY_HAS_CAMPUS_TIER2_JNR',				'REQUIREMENT_REQUIREMENTSET_IS_MET'),
		('REQUIRES_CITY_HAS_CAMPUS_TIER3_JNR',				'REQUIREMENT_REQUIREMENTSET_IS_MET'),
		('REQUIRES_CAMPUS_HAS_ADJACENCY_AT_LEAST_01_JNR',	'REQUIREMENT_CITY_HAS_HIGH_ADJACENCY_DISTRICT'),
		('REQUIRES_CAMPUS_HAS_ADJACENCY_AT_LEAST_02_JNR',	'REQUIREMENT_CITY_HAS_HIGH_ADJACENCY_DISTRICT'),
		('REQUIRES_CAMPUS_HAS_ADJACENCY_AT_LEAST_03_JNR',	'REQUIREMENT_CITY_HAS_HIGH_ADJACENCY_DISTRICT'),
		('REQUIRES_CAMPUS_HAS_ADJACENCY_AT_LEAST_04_JNR',	'REQUIREMENT_CITY_HAS_HIGH_ADJACENCY_DISTRICT'),
		('REQUIRES_CAMPUS_HAS_ADJACENCY_AT_LEAST_05_JNR',	'REQUIREMENT_CITY_HAS_HIGH_ADJACENCY_DISTRICT'),
		('REQUIRES_CAMPUS_HAS_ADJACENCY_AT_LEAST_06_JNR',	'REQUIREMENT_CITY_HAS_HIGH_ADJACENCY_DISTRICT'),
		('REQUIRES_CAMPUS_HAS_ADJACENCY_AT_LEAST_07_JNR',	'REQUIREMENT_CITY_HAS_HIGH_ADJACENCY_DISTRICT'),
		('REQUIRES_CAMPUS_HAS_ADJACENCY_AT_LEAST_08_JNR',	'REQUIREMENT_CITY_HAS_HIGH_ADJACENCY_DISTRICT'),
		('REQUIRES_CAMPUS_HAS_ADJACENCY_AT_LEAST_09_JNR',	'REQUIREMENT_CITY_HAS_HIGH_ADJACENCY_DISTRICT'),
		('REQUIRES_CAMPUS_HAS_ADJACENCY_AT_LEAST_10_JNR',	'REQUIREMENT_CITY_HAS_HIGH_ADJACENCY_DISTRICT'),
		('REQUIRES_CAMPUS_HAS_ADJACENCY_AT_LEAST_11_JNR',	'REQUIREMENT_CITY_HAS_HIGH_ADJACENCY_DISTRICT'),
		('REQUIRES_CAMPUS_HAS_ADJACENCY_AT_LEAST_12_JNR',	'REQUIREMENT_CITY_HAS_HIGH_ADJACENCY_DISTRICT'),
		('REQUIRES_CAMPUS_HAS_ADJACENCY_AT_LEAST_13_JNR',	'REQUIREMENT_CITY_HAS_HIGH_ADJACENCY_DISTRICT'),
		('REQUIRES_CAMPUS_HAS_ADJACENCY_AT_LEAST_14_JNR',	'REQUIREMENT_CITY_HAS_HIGH_ADJACENCY_DISTRICT'),
		('REQUIRES_CAMPUS_HAS_ADJACENCY_AT_LEAST_15_JNR',	'REQUIREMENT_CITY_HAS_HIGH_ADJACENCY_DISTRICT');
--------------------------------------------------------------

-- RequirementArguments
--------------------------------------------------------------
INSERT OR IGNORE INTO RequirementArguments
		(RequirementId,										Name,				Value)
VALUES	('REQUIRES_CITY_HAS_ACADEMY_JNR',					'BuildingType',		'BUILDING_JNR_ACADEMY'),
		('REQUIRES_CITY_HAS_SCHOOL_JNR',					'BuildingType',		'BUILDING_JNR_SCHOOL'),
		('REQUIRES_CITY_HAS_LABORATORY_JNR',				'BuildingType',		'BUILDING_JNR_LABORATORY'),
		('REQUIRES_CITY_HAS_LIBERAL_ARTS_JNR',				'BuildingType',		'BUILDING_JNR_LIBERAL_ARTS'),
		('REQUIRES_CITY_HAS_EDUCATION_JNR',					'BuildingType',		'BUILDING_JNR_EDUCATION'),
		('REQUIRES_CITY_HAS_CAMPUS_TIER1_JNR',				'RequirementSetId',	'BUILDING_IS_CAMPUS_TIER1_JNR'),
		('REQUIRES_CITY_HAS_CAMPUS_TIER2_JNR',				'RequirementSetId',	'BUILDING_IS_CAMPUS_TIER2_JNR'),
		('REQUIRES_CITY_HAS_CAMPUS_TIER3_JNR',				'RequirementSetId',	'BUILDING_IS_CAMPUS_TIER3_JNR'),
		('REQUIRES_CAMPUS_HAS_ADJACENCY_AT_LEAST_01_JNR',	'DistrictType',		'DISTRICT_CAMPUS'),
		('REQUIRES_CAMPUS_HAS_ADJACENCY_AT_LEAST_02_JNR',	'DistrictType',		'DISTRICT_CAMPUS'),
		('REQUIRES_CAMPUS_HAS_ADJACENCY_AT_LEAST_03_JNR',	'DistrictType',		'DISTRICT_CAMPUS'),
		('REQUIRES_CAMPUS_HAS_ADJACENCY_AT_LEAST_04_JNR',	'DistrictType',		'DISTRICT_CAMPUS'),
		('REQUIRES_CAMPUS_HAS_ADJACENCY_AT_LEAST_05_JNR',	'DistrictType',		'DISTRICT_CAMPUS'),
		('REQUIRES_CAMPUS_HAS_ADJACENCY_AT_LEAST_06_JNR',	'DistrictType',		'DISTRICT_CAMPUS'),
		('REQUIRES_CAMPUS_HAS_ADJACENCY_AT_LEAST_07_JNR',	'DistrictType',		'DISTRICT_CAMPUS'),
		('REQUIRES_CAMPUS_HAS_ADJACENCY_AT_LEAST_08_JNR',	'DistrictType',		'DISTRICT_CAMPUS'),
		('REQUIRES_CAMPUS_HAS_ADJACENCY_AT_LEAST_09_JNR',	'DistrictType',		'DISTRICT_CAMPUS'),
		('REQUIRES_CAMPUS_HAS_ADJACENCY_AT_LEAST_10_JNR',	'DistrictType',		'DISTRICT_CAMPUS'),
		('REQUIRES_CAMPUS_HAS_ADJACENCY_AT_LEAST_11_JNR',	'DistrictType',		'DISTRICT_CAMPUS'),
		('REQUIRES_CAMPUS_HAS_ADJACENCY_AT_LEAST_12_JNR',	'DistrictType',		'DISTRICT_CAMPUS'),
		('REQUIRES_CAMPUS_HAS_ADJACENCY_AT_LEAST_13_JNR',	'DistrictType',		'DISTRICT_CAMPUS'),
		('REQUIRES_CAMPUS_HAS_ADJACENCY_AT_LEAST_14_JNR',	'DistrictType',		'DISTRICT_CAMPUS'),
		('REQUIRES_CAMPUS_HAS_ADJACENCY_AT_LEAST_15_JNR',	'DistrictType',		'DISTRICT_CAMPUS'),
		('REQUIRES_CAMPUS_HAS_ADJACENCY_AT_LEAST_01_JNR',	'YieldType',		'YIELD_SCIENCE'),
		('REQUIRES_CAMPUS_HAS_ADJACENCY_AT_LEAST_02_JNR',	'YieldType',		'YIELD_SCIENCE'),
		('REQUIRES_CAMPUS_HAS_ADJACENCY_AT_LEAST_03_JNR',	'YieldType',		'YIELD_SCIENCE'),
		('REQUIRES_CAMPUS_HAS_ADJACENCY_AT_LEAST_04_JNR',	'YieldType',		'YIELD_SCIENCE'),
		('REQUIRES_CAMPUS_HAS_ADJACENCY_AT_LEAST_05_JNR',	'YieldType',		'YIELD_SCIENCE'),
		('REQUIRES_CAMPUS_HAS_ADJACENCY_AT_LEAST_06_JNR',	'YieldType',		'YIELD_SCIENCE'),
		('REQUIRES_CAMPUS_HAS_ADJACENCY_AT_LEAST_07_JNR',	'YieldType',		'YIELD_SCIENCE'),
		('REQUIRES_CAMPUS_HAS_ADJACENCY_AT_LEAST_08_JNR',	'YieldType',		'YIELD_SCIENCE'),
		('REQUIRES_CAMPUS_HAS_ADJACENCY_AT_LEAST_09_JNR',	'YieldType',		'YIELD_SCIENCE'),
		('REQUIRES_CAMPUS_HAS_ADJACENCY_AT_LEAST_10_JNR',	'YieldType',		'YIELD_SCIENCE'),
		('REQUIRES_CAMPUS_HAS_ADJACENCY_AT_LEAST_11_JNR',	'YieldType',		'YIELD_SCIENCE'),
		('REQUIRES_CAMPUS_HAS_ADJACENCY_AT_LEAST_12_JNR',	'YieldType',		'YIELD_SCIENCE'),
		('REQUIRES_CAMPUS_HAS_ADJACENCY_AT_LEAST_13_JNR',	'YieldType',		'YIELD_SCIENCE'),
		('REQUIRES_CAMPUS_HAS_ADJACENCY_AT_LEAST_14_JNR',	'YieldType',		'YIELD_SCIENCE'),
		('REQUIRES_CAMPUS_HAS_ADJACENCY_AT_LEAST_15_JNR',	'YieldType',		'YIELD_SCIENCE'),
		('REQUIRES_CAMPUS_HAS_ADJACENCY_AT_LEAST_01_JNR',	'Amount',			1),
		('REQUIRES_CAMPUS_HAS_ADJACENCY_AT_LEAST_02_JNR',	'Amount',			2),
		('REQUIRES_CAMPUS_HAS_ADJACENCY_AT_LEAST_03_JNR',	'Amount',			3),
		('REQUIRES_CAMPUS_HAS_ADJACENCY_AT_LEAST_04_JNR',	'Amount',			4),
		('REQUIRES_CAMPUS_HAS_ADJACENCY_AT_LEAST_05_JNR',	'Amount',			5),
		('REQUIRES_CAMPUS_HAS_ADJACENCY_AT_LEAST_06_JNR',	'Amount',			6),
		('REQUIRES_CAMPUS_HAS_ADJACENCY_AT_LEAST_07_JNR',	'Amount',			7),
		('REQUIRES_CAMPUS_HAS_ADJACENCY_AT_LEAST_08_JNR',	'Amount',			8),
		('REQUIRES_CAMPUS_HAS_ADJACENCY_AT_LEAST_09_JNR',	'Amount',			9),
		('REQUIRES_CAMPUS_HAS_ADJACENCY_AT_LEAST_10_JNR',	'Amount',			10),
		('REQUIRES_CAMPUS_HAS_ADJACENCY_AT_LEAST_11_JNR',	'Amount',			11),
		('REQUIRES_CAMPUS_HAS_ADJACENCY_AT_LEAST_12_JNR',	'Amount',			12),
		('REQUIRES_CAMPUS_HAS_ADJACENCY_AT_LEAST_13_JNR',	'Amount',			13),
		('REQUIRES_CAMPUS_HAS_ADJACENCY_AT_LEAST_14_JNR',	'Amount',			14),
		('REQUIRES_CAMPUS_HAS_ADJACENCY_AT_LEAST_15_JNR',	'Amount',			15);
--------------------------------------------------------------

-- RequirementSets
--------------------------------------------------------------
INSERT OR IGNORE INTO RequirementSets
		(RequirementSetId,							RequirementSetType)
VALUES	('BUILDING_IS_CAMPUS_TIER1_JNR',			'REQUIREMENTSET_TEST_ANY'),
		('BUILDING_IS_CAMPUS_TIER2_JNR',			'REQUIREMENTSET_TEST_ANY'),
		('BUILDING_IS_CAMPUS_TIER3_JNR',			'REQUIREMENTSET_TEST_ANY'),
		('BUILDING_IS_CAMPUS_TIER4_JNR',			'REQUIREMENTSET_TEST_ANY'),
		('BUILDING_IS_ACADEMY_JNR',					'REQUIREMENTSET_TEST_ALL'),
		('CAMPUS_HAS_ADJACENCY_AT_LEAST_01_JNR',	'REQUIREMENTSET_TEST_ALL'),
		('CAMPUS_HAS_ADJACENCY_AT_LEAST_02_JNR',	'REQUIREMENTSET_TEST_ALL'),
		('CAMPUS_HAS_ADJACENCY_AT_LEAST_03_JNR',	'REQUIREMENTSET_TEST_ALL'),
		('CAMPUS_HAS_ADJACENCY_AT_LEAST_04_JNR',	'REQUIREMENTSET_TEST_ALL'),
		('CAMPUS_HAS_ADJACENCY_AT_LEAST_05_JNR',	'REQUIREMENTSET_TEST_ALL'),
		('CAMPUS_HAS_ADJACENCY_AT_LEAST_06_JNR',	'REQUIREMENTSET_TEST_ALL'),
		('CAMPUS_HAS_ADJACENCY_AT_LEAST_07_JNR',	'REQUIREMENTSET_TEST_ALL'),
		('CAMPUS_HAS_ADJACENCY_AT_LEAST_08_JNR',	'REQUIREMENTSET_TEST_ALL'),
		('CAMPUS_HAS_ADJACENCY_AT_LEAST_09_JNR',	'REQUIREMENTSET_TEST_ALL'),
		('CAMPUS_HAS_ADJACENCY_AT_LEAST_10_JNR',	'REQUIREMENTSET_TEST_ALL'),
		('CAMPUS_HAS_ADJACENCY_AT_LEAST_11_JNR',	'REQUIREMENTSET_TEST_ALL'),
		('CAMPUS_HAS_ADJACENCY_AT_LEAST_12_JNR',	'REQUIREMENTSET_TEST_ALL'),
		('CAMPUS_HAS_ADJACENCY_AT_LEAST_13_JNR',	'REQUIREMENTSET_TEST_ALL'),
		('CAMPUS_HAS_ADJACENCY_AT_LEAST_14_JNR',	'REQUIREMENTSET_TEST_ALL'),
		('CAMPUS_HAS_ADJACENCY_AT_LEAST_15_JNR',	'REQUIREMENTSET_TEST_ALL');
--------------------------------------------------------------

-- RequirementSetRequirements
--------------------------------------------------------------
INSERT OR IGNORE INTO RequirementSetRequirements
		(RequirementSetId,							RequirementId)
VALUES	('BUILDING_IS_CAMPUS_TIER1_JNR',			'REQUIRES_CITY_HAS_LIBRARY'),
		('BUILDING_IS_CAMPUS_TIER1_JNR',			'REQUIRES_CITY_HAS_ACADEMY_JNR'),
		('BUILDING_IS_CAMPUS_TIER2_JNR',			'REQUIRES_CITY_HAS_UNIVERSITY'),
		('BUILDING_IS_CAMPUS_TIER2_JNR',			'REQUIRES_CITY_HAS_SCHOOL_JNR'),
		('BUILDING_IS_CAMPUS_TIER3_JNR',			'REQUIRES_CITY_HAS_LABORATORY_JNR'),
		('BUILDING_IS_CAMPUS_TIER3_JNR',			'REQUIRES_CITY_HAS_LIBERAL_ARTS_JNR'),
		('BUILDING_IS_CAMPUS_TIER4_JNR',			'REQUIRES_CITY_HAS_RESEARCH_LAB'),
		('BUILDING_IS_CAMPUS_TIER4_JNR',			'REQUIRES_CITY_HAS_EDUCATION_JNR'),
		('BUILDING_IS_ACADEMY_JNR',					'REQUIRES_CITY_HAS_ACADEMY_JNR'),
		('CAMPUS_HAS_ADJACENCY_AT_LEAST_01_JNR',	'REQUIRES_CAMPUS_HAS_ADJACENCY_AT_LEAST_01_JNR'),
		('CAMPUS_HAS_ADJACENCY_AT_LEAST_02_JNR',	'REQUIRES_CAMPUS_HAS_ADJACENCY_AT_LEAST_02_JNR'),
		('CAMPUS_HAS_ADJACENCY_AT_LEAST_03_JNR',	'REQUIRES_CAMPUS_HAS_ADJACENCY_AT_LEAST_03_JNR'),
		('CAMPUS_HAS_ADJACENCY_AT_LEAST_04_JNR',	'REQUIRES_CAMPUS_HAS_ADJACENCY_AT_LEAST_04_JNR'),
		('CAMPUS_HAS_ADJACENCY_AT_LEAST_05_JNR',	'REQUIRES_CAMPUS_HAS_ADJACENCY_AT_LEAST_05_JNR'),
		('CAMPUS_HAS_ADJACENCY_AT_LEAST_06_JNR',	'REQUIRES_CAMPUS_HAS_ADJACENCY_AT_LEAST_06_JNR'),
		('CAMPUS_HAS_ADJACENCY_AT_LEAST_07_JNR',	'REQUIRES_CAMPUS_HAS_ADJACENCY_AT_LEAST_07_JNR'),
		('CAMPUS_HAS_ADJACENCY_AT_LEAST_08_JNR',	'REQUIRES_CAMPUS_HAS_ADJACENCY_AT_LEAST_08_JNR'),
		('CAMPUS_HAS_ADJACENCY_AT_LEAST_09_JNR',	'REQUIRES_CAMPUS_HAS_ADJACENCY_AT_LEAST_09_JNR'),
		('CAMPUS_HAS_ADJACENCY_AT_LEAST_10_JNR',	'REQUIRES_CAMPUS_HAS_ADJACENCY_AT_LEAST_10_JNR'),
		('CAMPUS_HAS_ADJACENCY_AT_LEAST_11_JNR',	'REQUIRES_CAMPUS_HAS_ADJACENCY_AT_LEAST_11_JNR'),
		('CAMPUS_HAS_ADJACENCY_AT_LEAST_12_JNR',	'REQUIRES_CAMPUS_HAS_ADJACENCY_AT_LEAST_12_JNR'),
		('CAMPUS_HAS_ADJACENCY_AT_LEAST_13_JNR',	'REQUIRES_CAMPUS_HAS_ADJACENCY_AT_LEAST_13_JNR'),
		('CAMPUS_HAS_ADJACENCY_AT_LEAST_14_JNR',	'REQUIRES_CAMPUS_HAS_ADJACENCY_AT_LEAST_14_JNR'),
		('CAMPUS_HAS_ADJACENCY_AT_LEAST_15_JNR',	'REQUIRES_CAMPUS_HAS_ADJACENCY_AT_LEAST_15_JNR');
--------------------------------------------------------------

-- Modifiers
--------------------------------------------------------------
UPDATE Modifiers SET SubjectRequirementSetId='BUILDING_IS_CAMPUS_TIER1_JNR'	WHERE ModifierId='MINOR_CIV_STOCKHOLM_GREAT_SCIENTIST_POINTS_BONUS';
UPDATE Modifiers SET SubjectRequirementSetId='BUILDING_IS_CAMPUS_TIER1_JNR'	WHERE ModifierId='MINOR_CIV_BOLOGNA_GREAT_SCIENTIST_POINTS_BONUS';
--------------------------------------------------------------

-- Sukritact's Urban Identities
--------------------------------------------------------------
UPDATE RequirementSets SET RequirementSetType='REQUIREMENTSET_TEST_ANY' WHERE RequirementSetId='SUK_IDENTITY_OPEN_SKIES_CITY_HAS_UNIVERSITY';

INSERT OR IGNORE INTO RequirementSetRequirements
		(RequirementSetId,									RequirementId)
SELECT	 RequirementSetId,									'REQUIRES_CITY_HAS_SCHOOL_JNR'
FROM	 RequirementSets
WHERE	 RequirementSetId='SUK_IDENTITY_OPEN_SKIES_CITY_HAS_UNIVERSITY';

UPDATE RequirementSetRequirements SET RequirementId='REQUIRES_CITY_HAS_CAMPUS_TIER2_JNR' WHERE RequirementSetId='IDENTITY_SUK_FOSSIL_DEPOSITS_REQUIREMENTS' AND RequirementId='REQUIRES_CITY_HAS_UNIVERSITY';
--------------------------------------------------------------