/*
	Leader Unique Ability
	Author: iPlayGamesITA
	Original template by: MC
	Thanks to everyone in the Civ VI Modding Helpline Discord Server!
*/

INSERT INTO Types
		(Type,									Kind			)
VALUES	('TRAIT_LEADER_THE_WHITE_QUEEN',		'KIND_TRAIT'	),
		('MINOR_CIV_IPG_ANGREN_MINOR_TRAIT',	'KIND_TRAIT'	),
		('MINOR_CIV_IPG_BRUGGE_MINOR_TRAIT',	'KIND_TRAIT'	),
		('MINOR_CIV_IPG_VERDEN_MINOR_TRAIT',	'KIND_TRAIT'	),
		('ABILITY_VERDEN_INSURRECTION',			'KIND_ABILITY'	);

INSERT INTO TypeTags
		(Type,								Tag							)
VALUES	('ABILITY_VERDEN_INSURRECTION',		'CLASS_ALL_COMBAT_UNITS'	);
-----------------------------------------------
-- Traits
-----------------------------------------------
INSERT INTO	Traits
		(TraitType,								Name,											Description											)
VALUES	('TRAIT_LEADER_THE_WHITE_QUEEN',		'LOC_TRAIT_LEADER_THE_WHITE_QUEEN_NAME',		'LOC_TRAIT_LEADER_THE_WHITE_QUEEN_DESCRIPTION'		),
		('MINOR_CIV_IPG_ANGREN_MINOR_TRAIT',	'LOC_MINOR_CIV_IPG_ANGREN_MINOR_TRAIT_NAME',	'LOC_MINOR_CIV_IPG_ANGREN_MINOR_TRAIT_DESCRIPTION'	),
		('MINOR_CIV_IPG_BRUGGE_MINOR_TRAIT',	'LOC_MINOR_CIV_IPG_BRUGGE_MINOR_TRAIT_NAME',	'LOC_MINOR_CIV_IPG_BRUGGE_MINOR_TRAIT_DESCRIPTION'	),
		('MINOR_CIV_IPG_VERDEN_MINOR_TRAIT',	'LOC_MINOR_CIV_IPG_VERDEN_MINOR_TRAIT_NAME',	'LOC_MINOR_CIV_IPG_VERDEN_MINOR_TRAIT_DESCRIPTION'	);

INSERT INTO	LeaderTraits
		(LeaderType,			TraitType										)
VALUES	('LEADER_IPG_MEVE',		'TRAIT_LEADER_THE_WHITE_QUEEN'					),
		('LEADER_IPG_MEVE',		'TRAIT_LEADER_CULTURAL_MAJOR_CIV'				),
		('LEADER_IPG_MEVE',		'TRAIT_LEADER_LOW_CITY_STATE_PREFERENCE_WAR'	),
		('LEADER_IPG_MEVE',		'TRAIT_LEADER_PURSUE_DIPLOMATIC_VICTORY'		),

		('LEADER_MINOR_CIV_IPG_ANGREN_MINOR',	'MINOR_CIV_IPG_ANGREN_MINOR_TRAIT'	),
		('LEADER_MINOR_CIV_IPG_BRUGGE_MINOR',	'MINOR_CIV_IPG_BRUGGE_MINOR_TRAIT'	),
		('LEADER_MINOR_CIV_IPG_VERDEN_MINOR',	'MINOR_CIV_IPG_VERDEN_MINOR_TRAIT'	);
-----------------------------------------------
-- Modifiers
-----------------------------------------------
INSERT INTO TraitModifiers 
		(TraitType,							ModifierId								)
VALUES	('TRAIT_LEADER_THE_WHITE_QUEEN',	'TRAIT_MEVE_CLASSICAL_UNIT_GUARANTEE'	),
		('TRAIT_LEADER_THE_WHITE_QUEEN',	'TRAIT_MEVE_MEDIEVAL_UNIT_GUARANTEE'	),
		('TRAIT_LEADER_THE_WHITE_QUEEN',	'TRAIT_MEVE_RENAISSANCE_UNIT_GUARANTEE'	),
		('TRAIT_LEADER_THE_WHITE_QUEEN',	'TRAIT_MEVE_INDUSTRIAL_UNIT_GUARANTEE'	),
		('TRAIT_LEADER_THE_WHITE_QUEEN',	'TRAIT_MEVE_MODERN_UNIT_GUARANTEE'		),
		('TRAIT_LEADER_THE_WHITE_QUEEN',	'TRAIT_MEVE_ATOMIC_UNIT_GUARANTEE'		),
		('TRAIT_LEADER_THE_WHITE_QUEEN',	'TRAIT_MEVE_INFORMATION_UNIT_GUARANTEE'	),
		('TRAIT_LEADER_THE_WHITE_QUEEN',	'TRAIT_MEVE_FUTURE_UNIT_GUARANTEE'		),
		
		('MINOR_CIV_IPG_ANGREN_MINOR_TRAIT',	'MINOR_CIV_IPG_ANGREN_MINOR_UNIQUE_INFLUENCE_PRODUCTION_BONUSES'),
		('MINOR_CIV_IPG_ANGREN_MINOR_TRAIT',	'MINOR_CIV_IPG_ANGREN_MINOR_UNIQUE_INFLUENCE_SCIENCE_BONUSES'),
		('MINOR_CIV_IPG_ANGREN_MINOR_TRAIT',	'MINOR_CIV_IPG_ANGREN_MINOR_UNIQUE_INFLUENCE_GOLD_BONUSES'),

		('MINOR_CIV_IPG_BRUGGE_MINOR_TRAIT',	'MINOR_CIV_IPG_BRUGGE_MINOR_UNIQUE_INFLUENCE_TRADING_POST_HERE_BONUS'),

		('MINOR_CIV_IPG_VERDEN_MINOR_TRAIT',	'MINOR_CIV_IPG_VERDEN_MINOR_UNIQUE_INFLUENCE_BONUS_STRENGTH_LEVY_BONUS');

INSERT INTO UnitAbilities
		(UnitAbilityType,					Name,										Description,									Inactive	)
VALUES	('ABILITY_VERDEN_INSURRECTION',		'LOC_ABILITY_VERDEN_INSURRECTION_NAME',		'LOC_ABILITY_VERDEN_INSURRECTION_DESCRIPTION',		1		);

INSERT INTO UnitAbilityModifiers
		(UnitAbilityType,					ModifierId					)
VALUES	('ABILITY_VERDEN_INSURRECTION',		'VERDEN_LEVY_COMBAT_BONUS'	);

INSERT INTO Modifiers
		(ModifierId,								ModifierType,										SubjectRequirementSetId	)
VALUES	('TRAIT_MEVE_CLASSICAL_UNIT_GUARANTEE',		'MODIFIER_PLAYER_ADJUST_GREAT_PERSON_GUARANTEE',			null			),
		('TRAIT_MEVE_MEDIEVAL_UNIT_GUARANTEE',		'MODIFIER_PLAYER_ADJUST_GREAT_PERSON_GUARANTEE',			null			),
		('TRAIT_MEVE_RENAISSANCE_UNIT_GUARANTEE',	'MODIFIER_PLAYER_ADJUST_GREAT_PERSON_GUARANTEE',			null			),
		('TRAIT_MEVE_INDUSTRIAL_UNIT_GUARANTEE',	'MODIFIER_PLAYER_ADJUST_GREAT_PERSON_GUARANTEE',			null			),
		('TRAIT_MEVE_MODERN_UNIT_GUARANTEE',		'MODIFIER_PLAYER_ADJUST_GREAT_PERSON_GUARANTEE',			null			),
		('TRAIT_MEVE_ATOMIC_UNIT_GUARANTEE',		'MODIFIER_PLAYER_ADJUST_GREAT_PERSON_GUARANTEE',			null			),
		('TRAIT_MEVE_INFORMATION_UNIT_GUARANTEE',	'MODIFIER_PLAYER_ADJUST_GREAT_PERSON_GUARANTEE',			null			),
		('TRAIT_MEVE_FUTURE_UNIT_GUARANTEE',		'MODIFIER_PLAYER_ADJUST_GREAT_PERSON_GUARANTEE',			null			),
		
		('MINOR_CIV_IPG_ANGREN_MINOR_UNIQUE_INFLUENCE_PRODUCTION_BONUSES',	'MODIFIER_ALL_PLAYERS_ATTACH_MODIFIER',		'PLAYER_IS_SUZERAIN'	),
		('MINOR_CIV_IPG_ANGREN_MINOR_UNIQUE_INFLUENCE_SCIENCE_BONUSES',		'MODIFIER_ALL_PLAYERS_ATTACH_MODIFIER',		'PLAYER_IS_SUZERAIN'	),
		('MINOR_CIV_IPG_ANGREN_MINOR_UNIQUE_INFLUENCE_GOLD_BONUSES',		'MODIFIER_ALL_PLAYERS_ATTACH_MODIFIER',		'PLAYER_IS_SUZERAIN'	),
		
		('MINOR_CIV_IPG_BRUGGE_MINOR_UNIQUE_INFLUENCE_TRADING_POST_HERE_BONUS',		'MODIFIER_ALL_PLAYERS_ATTACH_MODIFIER',		'PLAYER_IS_SUZERAIN'	),
		
		('MINOR_CIV_IPG_VERDEN_MINOR_UNIQUE_INFLUENCE_BONUS_STRENGTH_LEVY_BONUS',	'MODIFIER_ALL_PLAYERS_ATTACH_MODIFIER',		'PLAYER_IS_SUZERAIN'	),

		('MINOR_CIV_IPG_ANGREN_MINOR_PRODUCTION',	'MODIFIER_PLAYER_ADJUST_PLOT_YIELD',			'ANGREN_PLOT_REQUIREMENTS'	),
		('MINOR_CIV_IPG_ANGREN_MINOR_SCIENCE',		'MODIFIER_PLAYER_ADJUST_PLOT_YIELD',			'ANGREN_PLOT_REQUIREMENTS'	),
		('MINOR_CIV_IPG_ANGREN_MINOR_GOLD',			'MODIFIER_PLAYER_ADJUST_PLOT_YIELD',			'ANGREN_PLOT_REQUIREMENTS'	),		

		('VERDEN_LEVY_UNITS_GRANT_ABILITY',			'MODIFIER_PLAYER_UNITS_GRANT_ABILITY',			'UNIT_IS_LEVIED_REQUIREMENTS_XP2'	),
		('VERDEN_LEVY_COMBAT_BONUS',				'MODIFIER_UNIT_ADJUST_COMBAT_STRENGTH',			null								);

INSERT INTO Modifiers
		(ModifierId,												ModifierType,															SubjectStackLimit	)
VALUES	('MINOR_CIV_IPG_BRUGGE_MINOR_GOLD_TRADING_POST_HERE',		'MODIFIER_PLAYER_ADJUST_TRADE_ROUTE_YIELD_PER_POST_IN_FOREIGN_CITY',	1					);
-----------------------------------------------
-- ModifierArguments
-----------------------------------------------
INSERT INTO ModifierArguments 
		(ModifierId,								Name,						Value	)
VALUES	('TRAIT_MEVE_CLASSICAL_UNIT_GUARANTEE',		'GreatPersonClassType',		'GREAT_PERSON_CLASS_MEVE_UNIT'		),
		('TRAIT_MEVE_CLASSICAL_UNIT_GUARANTEE',		'EraType',					'ERA_CLASSICAL' 	),
		
		('TRAIT_MEVE_MEDIEVAL_UNIT_GUARANTEE',		'GreatPersonClassType',		'GREAT_PERSON_CLASS_MEVE_UNIT'		),
		('TRAIT_MEVE_MEDIEVAL_UNIT_GUARANTEE',		'EraType',					'ERA_MEDIEVAL' 	),
		
		('TRAIT_MEVE_RENAISSANCE_UNIT_GUARANTEE',	'GreatPersonClassType',		'GREAT_PERSON_CLASS_MEVE_UNIT'		),
		('TRAIT_MEVE_RENAISSANCE_UNIT_GUARANTEE',	'EraType',					'ERA_RENAISSANCE' 	),
		
		('TRAIT_MEVE_INDUSTRIAL_UNIT_GUARANTEE',	'GreatPersonClassType',		'GREAT_PERSON_CLASS_MEVE_UNIT'		),
		('TRAIT_MEVE_INDUSTRIAL_UNIT_GUARANTEE',	'EraType',					'ERA_INDUSTRIAL' 	),
		
		('TRAIT_MEVE_MODERN_UNIT_GUARANTEE',		'GreatPersonClassType',		'GREAT_PERSON_CLASS_MEVE_UNIT'		),
		('TRAIT_MEVE_MODERN_UNIT_GUARANTEE',		'EraType',					'ERA_MODERN' 	),
		
		('TRAIT_MEVE_ATOMIC_UNIT_GUARANTEE',		'GreatPersonClassType',		'GREAT_PERSON_CLASS_MEVE_UNIT'		),
		('TRAIT_MEVE_ATOMIC_UNIT_GUARANTEE',		'EraType',					'ERA_ATOMIC' 	),
		
		('TRAIT_MEVE_INFORMATION_UNIT_GUARANTEE',	'GreatPersonClassType',		'GREAT_PERSON_CLASS_MEVE_UNIT'		),
		('TRAIT_MEVE_INFORMATION_UNIT_GUARANTEE',	'EraType',					'ERA_INFORMATION' 	),
		
		('TRAIT_MEVE_FUTURE_UNIT_GUARANTEE',		'GreatPersonClassType',		'GREAT_PERSON_CLASS_MEVE_UNIT'		),
		('TRAIT_MEVE_FUTURE_UNIT_GUARANTEE',		'EraType',					'ERA_FUTURE' 	),
		
		('MINOR_CIV_IPG_ANGREN_MINOR_UNIQUE_INFLUENCE_PRODUCTION_BONUSES',		'ModifierId',			'MINOR_CIV_IPG_ANGREN_MINOR_PRODUCTION'		),
		('MINOR_CIV_IPG_ANGREN_MINOR_UNIQUE_INFLUENCE_SCIENCE_BONUSES',			'ModifierId',			'MINOR_CIV_IPG_ANGREN_MINOR_SCIENCE'		),
		('MINOR_CIV_IPG_ANGREN_MINOR_UNIQUE_INFLUENCE_GOLD_BONUSES',			'ModifierId',			'MINOR_CIV_IPG_ANGREN_MINOR_GOLD'			),

		('MINOR_CIV_IPG_BRUGGE_MINOR_UNIQUE_INFLUENCE_TRADING_POST_HERE_BONUS',	'ModifierId',			'MINOR_CIV_IPG_BRUGGE_MINOR_GOLD_TRADING_POST_HERE'	),

		('MINOR_CIV_IPG_VERDEN_MINOR_UNIQUE_INFLUENCE_BONUS_STRENGTH_LEVY_BONUS',	'ModifierId',		'VERDEN_LEVY_UNITS_GRANT_ABILITY'	),

		('MINOR_CIV_IPG_ANGREN_MINOR_PRODUCTION',	'YieldType',		'YIELD_PRODUCTION'	),
		('MINOR_CIV_IPG_ANGREN_MINOR_PRODUCTION',	'Amount',			1					),
		('MINOR_CIV_IPG_ANGREN_MINOR_SCIENCE',		'YieldType',		'YIELD_SCIENCE'		),
		('MINOR_CIV_IPG_ANGREN_MINOR_SCIENCE',		'Amount',			1					),
		('MINOR_CIV_IPG_ANGREN_MINOR_GOLD',			'YieldType',		'YIELD_GOLD'		),
		('MINOR_CIV_IPG_ANGREN_MINOR_GOLD',			'Amount',			2					),

		('MINOR_CIV_IPG_BRUGGE_MINOR_GOLD_TRADING_POST_HERE',	'YieldType',		'YIELD_GOLD'		),
		('MINOR_CIV_IPG_BRUGGE_MINOR_GOLD_TRADING_POST_HERE',	'Amount',			5					),
		
		('VERDEN_LEVY_UNITS_GRANT_ABILITY',		'AbilityType',		'ABILITY_VERDEN_INSURRECTION'	),
		('VERDEN_LEVY_COMBAT_BONUS',			'Amount',			7					);
		
INSERT INTO ModifierStrings
		(ModifierId,					Context,		Text						)
VALUES	('VERDEN_LEVY_COMBAT_BONUS',	'Preview',		'+{1_Amount} {LOC_ABILITY_VERDEN_INSURRECTION_NAME}'	);
-----------------------------------------------
-- Requirements
-----------------------------------------------
INSERT INTO RequirementSets
		(RequirementSetId,						RequirementSetType				)
VALUES	('ANGREN_PLOT_REQUIREMENTS',			'REQUIREMENTSET_TEST_ALL'		),
		('ANGREN_TERRAINS_REQUIREMENTS',		'REQUIREMENTSET_TEST_ANY'		);

INSERT INTO RequirementSetRequirements
		(RequirementSetId,						RequirementId						)
VALUES	('ANGREN_TERRAINS_REQUIREMENTS',		'ANGREN_REQ_PLOT_HAS_MARSH'			),
		('ANGREN_TERRAINS_REQUIREMENTS',		'ANGREN_REQ_PLOT_HAS_FLOODPLAINS'	),
		('ANGREN_TERRAINS_REQUIREMENTS',		'ANGREN_REQ_PLOT_HAS_FLOODPLAINS_GRASSLAND'	),
		('ANGREN_TERRAINS_REQUIREMENTS',		'ANGREN_REQ_PLOT_HAS_FLOODPLAINS_PLAINS'	),
		('ANGREN_PLOT_REQUIREMENTS',			'REQUIRES_PLOT_HAS_NO_IMPROVEMENT'	),
		('ANGREN_PLOT_REQUIREMENTS',			'ANGREN_REQ_TERRAIN'				);

INSERT INTO Requirements
		(RequirementId, 									RequirementType			)
VALUES	('ANGREN_REQ_PLOT_HAS_MARSH',						'REQUIREMENT_PLOT_FEATURE_TYPE_MATCHES'		),	
		('ANGREN_REQ_PLOT_HAS_FLOODPLAINS',					'REQUIREMENT_PLOT_FEATURE_TYPE_MATCHES'		),	
		('ANGREN_REQ_PLOT_HAS_FLOODPLAINS_GRASSLAND',		'REQUIREMENT_PLOT_FEATURE_TYPE_MATCHES'		),	
		('ANGREN_REQ_PLOT_HAS_FLOODPLAINS_PLAINS',			'REQUIREMENT_PLOT_FEATURE_TYPE_MATCHES'		),	
		('ANGREN_REQ_TERRAIN',								'REQUIREMENT_REQUIREMENTSET_IS_MET'			);	

INSERT INTO RequirementArguments
		(RequirementId, 									Name,				Value			)
VALUES	('ANGREN_REQ_PLOT_HAS_MARSH',						'FeatureType',		'FEATURE_MARSH'					),
		('ANGREN_REQ_PLOT_HAS_FLOODPLAINS',					'FeatureType',		'FEATURE_FLOODPLAINS'			),
		('ANGREN_REQ_PLOT_HAS_FLOODPLAINS_GRASSLAND',		'FeatureType',		'FEATURE_FLOODPLAINS_GRASSLAND'	),
		('ANGREN_REQ_PLOT_HAS_FLOODPLAINS_PLAINS',			'FeatureType',		'FEATURE_FLOODPLAINS_PLAINS'	),
		('ANGREN_REQ_TERRAIN',								'RequirementSetId',	'ANGREN_TERRAINS_REQUIREMENTS'	);