--------------------
-- Basics
--------------------

INSERT INTO Types
		(Type,									Kind)
VALUES	('BUILDING_PHANTA_MALWIYA_MINARET',	'KIND_BUILDING');

INSERT INTO Buildings
		(BuildingType,
		Name,
		Description,
		PrereqTech,
		AdjacentDistrict,
		Cost,
		AdvisorType,
		MaxWorldInstances,
		IsWonder,
		RequiresPlacement,
		RequiresReligion,
		ObsoleteEra,
		Quote)
VALUES	('BUILDING_PHANTA_MALWIYA_MINARET',
		'LOC_BUILDING_PHANTA_MALWIYA_MINARET_NAME',
		'LOC_BUILDING_PHANTA_MALWIYA_MINARET_DESCRIPTION',
		'TECH_APPRENTICESHIP',
		'DISTRICT_CITY_CENTER',
		710,
		'ADVISOR_RELIGIOUS',
		1,
		1,
		1,
		1,
		'ERA_INDUSTRIAL',
		'LOC_BUILDING_PHANTA_MALWIYA_MINARET_QUOTE');

INSERT INTO Building_GreatPersonPoints
		(BuildingType,						GreatPersonClassType,				PointsPerTurn)
VALUES	('BUILDING_PHANTA_MALWIYA_MINARET',	'GREAT_PERSON_CLASS_ENGINEER',		2);

INSERT INTO Building_YieldChanges 
		(BuildingType,						YieldType,			YieldChange)
VALUES	('BUILDING_PHANTA_MALWIYA_MINARET',	'YIELD_FAITH',		2);

INSERT INTO Building_ValidTerrains
		(BuildingType,						TerrainType)
VALUES	('BUILDING_PHANTA_MALWIYA_MINARET',	'TERRAIN_PLAINS'),
		('BUILDING_PHANTA_MALWIYA_MINARET',	'TERRAIN_DESERT');


--------------------
-- Unique Projects
--------------------

--==== FIRST

INSERT INTO Types
		(Type,										Kind)
VALUES	('PROJECT_PHANTA_MALWIYA_MINARET_FIRST',	'KIND_PROJECT');

INSERT INTO Projects
		(ProjectType,								Name,													ShortName,											Description,												Cost,	AdvisorType,		MaxPlayerInstances				)
VALUES	('PROJECT_PHANTA_MALWIYA_MINARET_FIRST',	'LOC_PROJECT_PHANTA_MALWIYA_MINARET_FIRST_NAME',		'LOC_PROJECT_PHANTA_MALWIYA_MINARET_FIRST_NAME',	'LOC_PROJECT_PHANTA_MALWIYA_MINARET_FIRST_DESCRIPTION',		'300',	'ADVISOR_GENERIC',	1		);

INSERT INTO Projects_XP2
		(ProjectType,								RequiredBuilding,					ReligiousPressureModifier)
VALUES	('PROJECT_PHANTA_MALWIYA_MINARET_FIRST',	'BUILDING_PHANTA_MALWIYA_MINARET',	100);

INSERT INTO Project_YieldConversions
		(ProjectType,								YieldType,			PercentOfProductionRate)
VALUES	('PROJECT_PHANTA_MALWIYA_MINARET_FIRST',	'YIELD_FAITH',		20);

--==== SECOND

INSERT INTO Types
		(Type,										Kind)
VALUES	('PROJECT_PHANTA_MALWIYA_MINARET_SECOND',	'KIND_PROJECT');

INSERT INTO Projects
		(ProjectType,								Name,													ShortName,											Description,												Cost,	AdvisorType,		MaxPlayerInstances				)
VALUES	('PROJECT_PHANTA_MALWIYA_MINARET_SECOND',	'LOC_PROJECT_PHANTA_MALWIYA_MINARET_SECOND_NAME',		'LOC_PROJECT_PHANTA_MALWIYA_MINARET_SECOND_NAME',	'LOC_PROJECT_PHANTA_MALWIYA_MINARET_SECOND_DESCRIPTION',		'300',	'ADVISOR_GENERIC',	1		);

INSERT INTO Projects_XP2
		(ProjectType,								RequiredBuilding,					ReligiousPressureModifier)
VALUES	('PROJECT_PHANTA_MALWIYA_MINARET_SECOND',	'BUILDING_PHANTA_MALWIYA_MINARET',	200);

INSERT INTO Project_YieldConversions
		(ProjectType,								YieldType,			PercentOfProductionRate)
VALUES	('PROJECT_PHANTA_MALWIYA_MINARET_SECOND',	'YIELD_FAITH',		40);

INSERT INTO ProjectPrereqs
		(ProjectType,								PrereqProjectType,						MinimumPlayerInstances)
VALUES	('PROJECT_PHANTA_MALWIYA_MINARET_SECOND',	'PROJECT_PHANTA_MALWIYA_MINARET_FIRST',	1);

--==== THIRD

INSERT INTO Types
		(Type,										Kind)
VALUES	('PROJECT_PHANTA_MALWIYA_MINARET_THIRD',	'KIND_PROJECT');

INSERT INTO Projects
		(ProjectType,								Name,													ShortName,											Description,												Cost,	AdvisorType,		MaxPlayerInstances				)
VALUES	('PROJECT_PHANTA_MALWIYA_MINARET_THIRD',	'LOC_PROJECT_PHANTA_MALWIYA_MINARET_THIRD_NAME',		'LOC_PROJECT_PHANTA_MALWIYA_MINARET_THIRD_NAME',	'LOC_PROJECT_PHANTA_MALWIYA_MINARET_THIRD_DESCRIPTION',		'300',	'ADVISOR_GENERIC',	1		);

INSERT INTO Projects_XP2
		(ProjectType,								RequiredBuilding,					ReligiousPressureModifier)
VALUES	('PROJECT_PHANTA_MALWIYA_MINARET_THIRD',	'BUILDING_PHANTA_MALWIYA_MINARET',	300);

INSERT INTO Project_YieldConversions
		(ProjectType,								YieldType,			PercentOfProductionRate)
VALUES	('PROJECT_PHANTA_MALWIYA_MINARET_THIRD',	'YIELD_FAITH',		60);

INSERT INTO ProjectPrereqs
		(ProjectType,								PrereqProjectType,							MinimumPlayerInstances)
VALUES	('PROJECT_PHANTA_MALWIYA_MINARET_THIRD',	'PROJECT_PHANTA_MALWIYA_MINARET_SECOND',	1);

--==== FOURTH

INSERT INTO Types
		(Type,										Kind)
VALUES	('PROJECT_PHANTA_MALWIYA_MINARET_FOURTH',	'KIND_PROJECT');

INSERT INTO Projects
		(ProjectType,								Name,													ShortName,											Description,												Cost,	AdvisorType,		MaxPlayerInstances				)
VALUES	('PROJECT_PHANTA_MALWIYA_MINARET_FOURTH',	'LOC_PROJECT_PHANTA_MALWIYA_MINARET_FOURTH_NAME',		'LOC_PROJECT_PHANTA_MALWIYA_MINARET_FOURTH_NAME',	'LOC_PROJECT_PHANTA_MALWIYA_MINARET_FOURTH_DESCRIPTION',		'300',	'ADVISOR_GENERIC',	1		);

INSERT INTO Projects_XP2
		(ProjectType,								RequiredBuilding,					ReligiousPressureModifier)
VALUES	('PROJECT_PHANTA_MALWIYA_MINARET_FOURTH',	'BUILDING_PHANTA_MALWIYA_MINARET',	400);

INSERT INTO Project_YieldConversions
		(ProjectType,								YieldType,			PercentOfProductionRate)
VALUES	('PROJECT_PHANTA_MALWIYA_MINARET_FOURTH',	'YIELD_FAITH',		80);

INSERT INTO ProjectPrereqs
		(ProjectType,								PrereqProjectType,						MinimumPlayerInstances)
VALUES	('PROJECT_PHANTA_MALWIYA_MINARET_FOURTH',	'PROJECT_PHANTA_MALWIYA_MINARET_THIRD',	1);

--==== REPEAT

INSERT INTO Types
		(Type,										Kind)
VALUES	('PROJECT_PHANTA_MALWIYA_MINARET_REPEAT',	'KIND_PROJECT');

INSERT INTO Projects
		(ProjectType,								Name,													ShortName,											Description,												Cost,	AdvisorType				)
VALUES	('PROJECT_PHANTA_MALWIYA_MINARET_REPEAT',	'LOC_PROJECT_PHANTA_MALWIYA_MINARET_REPEAT_NAME',		'LOC_PROJECT_PHANTA_MALWIYA_MINARET_REPEAT_NAME',	'LOC_PROJECT_PHANTA_MALWIYA_MINARET_REPEAT_DESCRIPTION',	'300',	'ADVISOR_GENERIC'		);

INSERT INTO Projects_XP2
		(ProjectType,								RequiredBuilding,					ReligiousPressureModifier)
VALUES	('PROJECT_PHANTA_MALWIYA_MINARET_REPEAT',	'BUILDING_PHANTA_MALWIYA_MINARET',	500);

INSERT INTO Project_YieldConversions
		(ProjectType,								YieldType,			PercentOfProductionRate)
VALUES	('PROJECT_PHANTA_MALWIYA_MINARET_REPEAT',	'YIELD_FAITH',		100);

INSERT INTO ProjectPrereqs
		(ProjectType,								PrereqProjectType,							MinimumPlayerInstances)
VALUES	('PROJECT_PHANTA_MALWIYA_MINARET_REPEAT',	'PROJECT_PHANTA_MALWIYA_MINARET_FOURTH',	1);

--------------------
-- Bonuses
--------------------

-- 0: Reqsets

--==== Projects

INSERT INTO Requirements (RequirementId, RequirementType) VALUES 
('REQ_PHANTA_MALWIYA_MINARET_PLAYER', 'REQUIREMENT_PLAYER_HAS_BUILDING');

INSERT INTO RequirementArguments (RequirementId, Name, Value) VALUES 
('REQ_PHANTA_MALWIYA_MINARET_PLAYER', 'BuildingType', 'BUILDING_PHANTA_MALWIYA_MINARET'); 

--==== FIRST

-- RequirementSets

INSERT INTO RequirementSets (RequirementSetId, RequirementSetType) VALUES 
('REQSET_PHANTA_MALWIYA_MINARET_FIRST', 'REQUIREMENTSET_TEST_ALL');

INSERT INTO RequirementSetRequirements (RequirementSetId, RequirementId) VALUES 
('REQSET_PHANTA_MALWIYA_MINARET_FIRST', 'REQ_PHANTA_MALWIYA_MINARET_PLAYER'), 
('REQSET_PHANTA_MALWIYA_MINARET_FIRST', 'REQ_PHANTA_MALWIYA_MINARET_FIRST');

-- Requirements

INSERT INTO Requirements (RequirementId, RequirementType) VALUES 
('REQ_PHANTA_MALWIYA_MINARET_FIRST', 'REQUIREMENT_PLAYER_HAS_COMPLETED_PROJECT');

INSERT INTO RequirementArguments (RequirementId, Name, Value) VALUES 
('REQ_PHANTA_MALWIYA_MINARET_FIRST', 'MinimumCompletions', '1'), 
('REQ_PHANTA_MALWIYA_MINARET_FIRST', 'ProjectType', 'PROJECT_PHANTA_MALWIYA_MINARET_FIRST');

--==== SECOND

-- RequirementSets

INSERT INTO RequirementSets (RequirementSetId, RequirementSetType) VALUES 
('REQSET_PHANTA_MALWIYA_MINARET_SECOND', 'REQUIREMENTSET_TEST_ALL');

INSERT INTO RequirementSetRequirements (RequirementSetId, RequirementId) VALUES 
('REQSET_PHANTA_MALWIYA_MINARET_SECOND', 'REQ_PHANTA_MALWIYA_MINARET_PLAYER'), 
('REQSET_PHANTA_MALWIYA_MINARET_SECOND', 'REQ_PHANTA_MALWIYA_MINARET_SECOND');

-- Requirements

INSERT INTO Requirements (RequirementId, RequirementType) VALUES 
('REQ_PHANTA_MALWIYA_MINARET_SECOND', 'REQUIREMENT_PLAYER_HAS_COMPLETED_PROJECT');

INSERT INTO RequirementArguments (RequirementId, Name, Value) VALUES 
('REQ_PHANTA_MALWIYA_MINARET_SECOND', 'MinimumCompletions', '1'), 
('REQ_PHANTA_MALWIYA_MINARET_SECOND', 'ProjectType', 'PROJECT_PHANTA_MALWIYA_MINARET_SECOND');

--==== THIRD

-- RequirementSets

INSERT INTO RequirementSets (RequirementSetId, RequirementSetType) VALUES 
('REQSET_PHANTA_MALWIYA_MINARET_THIRD', 'REQUIREMENTSET_TEST_ALL');

INSERT INTO RequirementSetRequirements (RequirementSetId, RequirementId) VALUES 
('REQSET_PHANTA_MALWIYA_MINARET_THIRD', 'REQ_PHANTA_MALWIYA_MINARET_PLAYER'), 
('REQSET_PHANTA_MALWIYA_MINARET_THIRD', 'REQ_PHANTA_MALWIYA_MINARET_THIRD');

-- Requirements

INSERT INTO Requirements (RequirementId, RequirementType) VALUES 
('REQ_PHANTA_MALWIYA_MINARET_THIRD', 'REQUIREMENT_PLAYER_HAS_COMPLETED_PROJECT');

INSERT INTO RequirementArguments (RequirementId, Name, Value) VALUES 
('REQ_PHANTA_MALWIYA_MINARET_THIRD', 'MinimumCompletions', '1'), 
('REQ_PHANTA_MALWIYA_MINARET_THIRD', 'ProjectType', 'PROJECT_PHANTA_MALWIYA_MINARET_THIRD');

--==== FOURTH

-- RequirementSets

INSERT INTO RequirementSets (RequirementSetId, RequirementSetType) VALUES 
('REQSET_PHANTA_MALWIYA_MINARET_FOURTH', 'REQUIREMENTSET_TEST_ALL');

INSERT INTO RequirementSetRequirements (RequirementSetId, RequirementId) VALUES 
('REQSET_PHANTA_MALWIYA_MINARET_FOURTH', 'REQ_PHANTA_MALWIYA_MINARET_PLAYER'), 
('REQSET_PHANTA_MALWIYA_MINARET_FOURTH', 'REQ_PHANTA_MALWIYA_MINARET_FOURTH');

-- Requirements

INSERT INTO Requirements (RequirementId, RequirementType) VALUES 
('REQ_PHANTA_MALWIYA_MINARET_FOURTH', 'REQUIREMENT_PLAYER_HAS_COMPLETED_PROJECT');

INSERT INTO RequirementArguments (RequirementId, Name, Value) VALUES 
('REQ_PHANTA_MALWIYA_MINARET_FOURTH', 'MinimumCompletions', '1'), 
('REQ_PHANTA_MALWIYA_MINARET_FOURTH', 'ProjectType', 'PROJECT_PHANTA_MALWIYA_MINARET_FOURTH');

--==== 9 Tiles

-- RequirementSets

INSERT INTO RequirementSets (RequirementSetId, RequirementSetType) VALUES 
('REQSET_PHANTA_MALWIYA_MINARET_NINE_TILES', 'REQUIREMENTSET_TEST_ALL');

INSERT INTO RequirementSetRequirements (RequirementSetId, RequirementId) VALUES 
('REQSET_PHANTA_MALWIYA_MINARET_NINE_TILES', 'REQ_PHANTA_MALWIYA_MINARET_NINE_TILES');

-- Requirements

INSERT INTO Requirements (RequirementId, RequirementType) VALUES 
('REQ_PHANTA_MALWIYA_MINARET_NINE_TILES', 'REQUIREMENT_PLOT_ADJACENT_BUILDING_TYPE_MATCHES');

INSERT INTO RequirementArguments (RequirementId, Name, Value) VALUES 
('REQ_PHANTA_MALWIYA_MINARET_NINE_TILES', 'BuildingType', 'BUILDING_PHANTA_MALWIYA_MINARET'), 
('REQ_PHANTA_MALWIYA_MINARET_NINE_TILES', 'MaxRange', '9'), 
('REQ_PHANTA_MALWIYA_MINARET_NINE_TILES', 'MinRange', '0');

--==== 7 Tiles

-- RequirementSets

INSERT INTO RequirementSets (RequirementSetId, RequirementSetType) VALUES 
('REQSET_PHANTA_MALWIYA_MINARET_SEVEN_TILES', 'REQUIREMENTSET_TEST_ALL');

INSERT INTO RequirementSetRequirements (RequirementSetId, RequirementId) VALUES 
('REQSET_PHANTA_MALWIYA_MINARET_SEVEN_TILES', 'REQ_PHANTA_MALWIYA_MINARET_SEVEN_TILES');

-- Requirements

INSERT INTO Requirements (RequirementId, RequirementType) VALUES 
('REQ_PHANTA_MALWIYA_MINARET_SEVEN_TILES', 'REQUIREMENT_PLOT_ADJACENT_BUILDING_TYPE_MATCHES');

INSERT INTO RequirementArguments (RequirementId, Name, Value) VALUES 
('REQ_PHANTA_MALWIYA_MINARET_SEVEN_TILES', 'BuildingType', 'BUILDING_PHANTA_MALWIYA_MINARET'), 
('REQ_PHANTA_MALWIYA_MINARET_SEVEN_TILES', 'MaxRange', '7'), 
('REQ_PHANTA_MALWIYA_MINARET_SEVEN_TILES', 'MinRange', '0');

--==== 5 Tiles

-- RequirementSets

INSERT INTO RequirementSets (RequirementSetId, RequirementSetType) VALUES 
('REQSET_PHANTA_MALWIYA_MINARET_FIVE_TILES', 'REQUIREMENTSET_TEST_ALL');

INSERT INTO RequirementSetRequirements (RequirementSetId, RequirementId) VALUES 
('REQSET_PHANTA_MALWIYA_MINARET_FIVE_TILES', 'REQ_PHANTA_MALWIYA_MINARET_FIVE_TILES');

-- Requirements

INSERT INTO Requirements (RequirementId, RequirementType) VALUES 
('REQ_PHANTA_MALWIYA_MINARET_FIVE_TILES', 'REQUIREMENT_PLOT_ADJACENT_BUILDING_TYPE_MATCHES');

INSERT INTO RequirementArguments (RequirementId, Name, Value) VALUES 
('REQ_PHANTA_MALWIYA_MINARET_FIVE_TILES', 'BuildingType', 'BUILDING_PHANTA_MALWIYA_MINARET'), 
('REQ_PHANTA_MALWIYA_MINARET_FIVE_TILES', 'MaxRange', '5'), 
('REQ_PHANTA_MALWIYA_MINARET_FIVE_TILES', 'MinRange', '0');

--==== 3 Tiles

-- RequirementSets

INSERT INTO RequirementSets (RequirementSetId, RequirementSetType) VALUES 
('REQSET_PHANTA_MALWIYA_MINARET_THREE_TILES', 'REQUIREMENTSET_TEST_ALL');

INSERT INTO RequirementSetRequirements (RequirementSetId, RequirementId) VALUES 
('REQSET_PHANTA_MALWIYA_MINARET_THREE_TILES', 'REQ_PHANTA_MALWIYA_MINARET_THREE_TILES');

-- Requirements

INSERT INTO Requirements (RequirementId, RequirementType) VALUES 
('REQ_PHANTA_MALWIYA_MINARET_THREE_TILES', 'REQUIREMENT_PLOT_ADJACENT_BUILDING_TYPE_MATCHES');

INSERT INTO RequirementArguments (RequirementId, Name, Value) VALUES 
('REQ_PHANTA_MALWIYA_MINARET_THREE_TILES', 'BuildingType', 'BUILDING_PHANTA_MALWIYA_MINARET'), 
('REQ_PHANTA_MALWIYA_MINARET_THREE_TILES', 'MaxRange', '3'), 
('REQ_PHANTA_MALWIYA_MINARET_THREE_TILES', 'MinRange', '0');

--==== 1 Tile

-- RequirementSets

INSERT INTO RequirementSets (RequirementSetId, RequirementSetType) VALUES 
('REQSET_PHANTA_MALWIYA_MINARET_ONE_TILE', 'REQUIREMENTSET_TEST_ALL');

INSERT INTO RequirementSetRequirements (RequirementSetId, RequirementId) VALUES 
('REQSET_PHANTA_MALWIYA_MINARET_ONE_TILE', 'REQ_PHANTA_MALWIYA_MINARET_ONE_TILE');

-- Requirements

INSERT INTO Requirements (RequirementId, RequirementType) VALUES 
('REQ_PHANTA_MALWIYA_MINARET_ONE_TILE', 'REQUIREMENT_PLOT_ADJACENT_BUILDING_TYPE_MATCHES');

INSERT INTO RequirementArguments (RequirementId, Name, Value) VALUES 
('REQ_PHANTA_MALWIYA_MINARET_ONE_TILE', 'BuildingType', 'BUILDING_PHANTA_MALWIYA_MINARET'), 
('REQ_PHANTA_MALWIYA_MINARET_ONE_TILE', 'MaxRange', '1'), 
('REQ_PHANTA_MALWIYA_MINARET_ONE_TILE', 'MinRange', '0');

--==== 1.1 (Basic), NINE_TILES, FAITH

INSERT INTO BuildingModifiers (BuildingType, ModifierId) VALUES 
('BUILDING_PHANTA_MALWIYA_MINARET', 'MODFEAT_PHANTA_MALWIYA_MINARET_NINE_TILES_FAITH');

INSERT INTO Modifiers (ModifierId, ModifierType, RunOnce, Permanent, NewOnly, OwnerRequirementSetId, SubjectRequirementSetId) VALUES 
('MODFEAT_PHANTA_MALWIYA_MINARET_NINE_TILES_FAITH', 'MODIFIER_PLAYER_CITIES_ADJUST_CITY_YIELD_MODIFIER', 0, 0, 0, NULL, 'REQSET_PHANTA_MALWIYA_MINARET_NINE_TILES');

INSERT INTO ModifierArguments (ModifierId, Name, Value) VALUES 
('MODFEAT_PHANTA_MALWIYA_MINARET_NINE_TILES_FAITH', 'Amount', '10'), 
('MODFEAT_PHANTA_MALWIYA_MINARET_NINE_TILES_FAITH', 'YieldType', 'YIELD_FAITH');

--==== 1.2 (Basic), NINE_TILES, PRODUCTION

INSERT INTO BuildingModifiers (BuildingType, ModifierId) VALUES 
('BUILDING_PHANTA_MALWIYA_MINARET', 'MODFEAT_PHANTA_MALWIYA_MINARET_NINE_TILES_PRODUCTION');

INSERT INTO Modifiers (ModifierId, ModifierType, RunOnce, Permanent, NewOnly, OwnerRequirementSetId, SubjectRequirementSetId) VALUES 
('MODFEAT_PHANTA_MALWIYA_MINARET_NINE_TILES_PRODUCTION', 'MODIFIER_PLAYER_CITIES_ADJUST_CITY_YIELD_MODIFIER', 0, 0, 0, NULL, 'REQSET_PHANTA_MALWIYA_MINARET_NINE_TILES');

INSERT INTO ModifierArguments (ModifierId, Name, Value) VALUES 
('MODFEAT_PHANTA_MALWIYA_MINARET_NINE_TILES_PRODUCTION', 'Amount', '10'), 
('MODFEAT_PHANTA_MALWIYA_MINARET_NINE_TILES_PRODUCTION', 'YieldType', 'YIELD_PRODUCTION');

--==== 1.3 (Basic), Grant Apostle

INSERT INTO BuildingModifiers (BuildingType, ModifierId) VALUES 
('BUILDING_PHANTA_MALWIYA_MINARET', 'MODFEAT_PHANTA_MALWIYA_MINARET_GRANT_APOSTLE');

INSERT INTO Modifiers (ModifierId, ModifierType, RunOnce, Permanent, NewOnly, OwnerRequirementSetId, SubjectRequirementSetId) VALUES 
('MODFEAT_PHANTA_MALWIYA_MINARET_GRANT_APOSTLE', 'MODIFIER_SINGLE_CITY_GRANT_UNIT_IN_CITY', 1, 1, 0, NULL, NULL);

INSERT INTO ModifierArguments (ModifierId, Name, Value) VALUES 
('MODFEAT_PHANTA_MALWIYA_MINARET_GRANT_APOSTLE', 'AllowUniqueOverride', 'true'), 
('MODFEAT_PHANTA_MALWIYA_MINARET_GRANT_APOSTLE', 'Amount', '1'), 
('MODFEAT_PHANTA_MALWIYA_MINARET_GRANT_APOSTLE', 'UnitType', 'UNIT_APOSTLE');

--==== 2.1 FIRST, SEVEN_TILES, FAITH

INSERT INTO TraitModifiers (TraitType, ModifierId) VALUES 
('TRAIT_LEADER_MAJOR_CIV', 'MODFEAT_PHANTA_MALWIYA_MINARET_SEVEN_TILES_FAITH');

INSERT INTO Modifiers (ModifierId, ModifierType, RunOnce, Permanent, NewOnly, OwnerRequirementSetId, SubjectRequirementSetId) VALUES 
('MODFEAT_PHANTA_MALWIYA_MINARET_SEVEN_TILES_FAITH', 'MODIFIER_PLAYER_CITIES_ADJUST_CITY_YIELD_MODIFIER', 0, 0, 0, 'REQSET_PHANTA_MALWIYA_MINARET_FIRST', 'REQSET_PHANTA_MALWIYA_MINARET_SEVEN_TILES');

INSERT INTO ModifierArguments (ModifierId, Name, Value) VALUES 
('MODFEAT_PHANTA_MALWIYA_MINARET_SEVEN_TILES_FAITH', 'Amount', '10'), 
('MODFEAT_PHANTA_MALWIYA_MINARET_SEVEN_TILES_FAITH', 'YieldType', 'YIELD_FAITH');

--==== 2.2 FIRST, SEVEN_TILES, PRODUCTION

INSERT INTO TraitModifiers (TraitType, ModifierId) VALUES 
('TRAIT_LEADER_MAJOR_CIV', 'MODFEAT_PHANTA_MALWIYA_MINARET_SEVEN_TILES_PRODUCTION');

INSERT INTO Modifiers (ModifierId, ModifierType, RunOnce, Permanent, NewOnly, OwnerRequirementSetId, SubjectRequirementSetId) VALUES 
('MODFEAT_PHANTA_MALWIYA_MINARET_SEVEN_TILES_PRODUCTION', 'MODIFIER_PLAYER_CITIES_ADJUST_CITY_YIELD_MODIFIER', 0, 0, 0, 'REQSET_PHANTA_MALWIYA_MINARET_FIRST', 'REQSET_PHANTA_MALWIYA_MINARET_SEVEN_TILES');

INSERT INTO ModifierArguments (ModifierId, Name, Value) VALUES 
('MODFEAT_PHANTA_MALWIYA_MINARET_SEVEN_TILES_PRODUCTION', 'Amount', '10'), 
('MODFEAT_PHANTA_MALWIYA_MINARET_SEVEN_TILES_PRODUCTION', 'YieldType', 'YIELD_PRODUCTION');

--==== 2.3 FIRST, Apostle (bundled at last)

--==== 3.1 SECOND, FIVE_TILES, FAITH

INSERT INTO TraitModifiers (TraitType, ModifierId) VALUES 
('TRAIT_LEADER_MAJOR_CIV', 'MODFEAT_PHANTA_MALWIYA_MINARET_FIVE_TILES_FAITH');

INSERT INTO Modifiers (ModifierId, ModifierType, RunOnce, Permanent, NewOnly, OwnerRequirementSetId, SubjectRequirementSetId) VALUES 
('MODFEAT_PHANTA_MALWIYA_MINARET_FIVE_TILES_FAITH', 'MODIFIER_PLAYER_CITIES_ADJUST_CITY_YIELD_MODIFIER', 0, 0, 0, 'REQSET_PHANTA_MALWIYA_MINARET_SECOND', 'REQSET_PHANTA_MALWIYA_MINARET_FIVE_TILES');

INSERT INTO ModifierArguments (ModifierId, Name, Value) VALUES 
('MODFEAT_PHANTA_MALWIYA_MINARET_FIVE_TILES_FAITH', 'Amount', '10'), 
('MODFEAT_PHANTA_MALWIYA_MINARET_FIVE_TILES_FAITH', 'YieldType', 'YIELD_FAITH');

--==== 3.2 SECOND, FIVE_TILES, PRODUCTION

INSERT INTO TraitModifiers (TraitType, ModifierId) VALUES 
('TRAIT_LEADER_MAJOR_CIV', 'MODFEAT_PHANTA_MALWIYA_MINARET_FIVE_TILES_PRODUCTION');

INSERT INTO Modifiers (ModifierId, ModifierType, RunOnce, Permanent, NewOnly, OwnerRequirementSetId, SubjectRequirementSetId) VALUES 
('MODFEAT_PHANTA_MALWIYA_MINARET_FIVE_TILES_PRODUCTION', 'MODIFIER_PLAYER_CITIES_ADJUST_CITY_YIELD_MODIFIER', 0, 0, 0, 'REQSET_PHANTA_MALWIYA_MINARET_SECOND', 'REQSET_PHANTA_MALWIYA_MINARET_FIVE_TILES');

INSERT INTO ModifierArguments (ModifierId, Name, Value) VALUES 
('MODFEAT_PHANTA_MALWIYA_MINARET_FIVE_TILES_PRODUCTION', 'Amount', '10'), 
('MODFEAT_PHANTA_MALWIYA_MINARET_FIVE_TILES_PRODUCTION', 'YieldType', 'YIELD_PRODUCTION');

--==== 3.3 SECOND, Apostle (bundled at last)

--==== 4.1 THIRD, THREE_TILES, FAITH

INSERT INTO TraitModifiers (TraitType, ModifierId) VALUES 
('TRAIT_LEADER_MAJOR_CIV', 'MODFEAT_PHANTA_MALWIYA_MINARET_THREE_TILES_FAITH');

INSERT INTO Modifiers (ModifierId, ModifierType, RunOnce, Permanent, NewOnly, OwnerRequirementSetId, SubjectRequirementSetId) VALUES 
('MODFEAT_PHANTA_MALWIYA_MINARET_THREE_TILES_FAITH', 'MODIFIER_PLAYER_CITIES_ADJUST_CITY_YIELD_MODIFIER', 0, 0, 0, 'REQSET_PHANTA_MALWIYA_MINARET_THIRD', 'REQSET_PHANTA_MALWIYA_MINARET_THREE_TILES');

INSERT INTO ModifierArguments (ModifierId, Name, Value) VALUES 
('MODFEAT_PHANTA_MALWIYA_MINARET_THREE_TILES_FAITH', 'Amount', '10'), 
('MODFEAT_PHANTA_MALWIYA_MINARET_THREE_TILES_FAITH', 'YieldType', 'YIELD_FAITH');

--==== 4.2 THIRD, THREE_TILES, PRODUCTION

INSERT INTO TraitModifiers (TraitType, ModifierId) VALUES 
('TRAIT_LEADER_MAJOR_CIV', 'MODFEAT_PHANTA_MALWIYA_MINARET_THREE_TILES_PRODUCTION');

INSERT INTO Modifiers (ModifierId, ModifierType, RunOnce, Permanent, NewOnly, OwnerRequirementSetId, SubjectRequirementSetId) VALUES 
('MODFEAT_PHANTA_MALWIYA_MINARET_THREE_TILES_PRODUCTION', 'MODIFIER_PLAYER_CITIES_ADJUST_CITY_YIELD_MODIFIER', 0, 0, 0, 'REQSET_PHANTA_MALWIYA_MINARET_THIRD', 'REQSET_PHANTA_MALWIYA_MINARET_THREE_TILES');

INSERT INTO ModifierArguments (ModifierId, Name, Value) VALUES 
('MODFEAT_PHANTA_MALWIYA_MINARET_THREE_TILES_PRODUCTION', 'Amount', '10'), 
('MODFEAT_PHANTA_MALWIYA_MINARET_THREE_TILES_PRODUCTION', 'YieldType', 'YIELD_PRODUCTION');

--==== 3.3 THIRD, Apostle (bundled at last)

--==== 5.1 FOURTH, ONE_TILE, FAITH

INSERT INTO TraitModifiers (TraitType, ModifierId) VALUES 
('TRAIT_LEADER_MAJOR_CIV', 'MODFEAT_PHANTA_MALWIYA_MINARET_ONE_TILE_FAITH');

INSERT INTO Modifiers (ModifierId, ModifierType, RunOnce, Permanent, NewOnly, OwnerRequirementSetId, SubjectRequirementSetId) VALUES 
('MODFEAT_PHANTA_MALWIYA_MINARET_ONE_TILE_FAITH', 'MODIFIER_PLAYER_CITIES_ADJUST_CITY_YIELD_MODIFIER', 0, 0, 0, 'REQSET_PHANTA_MALWIYA_MINARET_FOURTH', 'REQSET_PHANTA_MALWIYA_MINARET_ONE_TILE');

INSERT INTO ModifierArguments (ModifierId, Name, Value) VALUES 
('MODFEAT_PHANTA_MALWIYA_MINARET_ONE_TILE_FAITH', 'Amount', '10'), 
('MODFEAT_PHANTA_MALWIYA_MINARET_ONE_TILE_FAITH', 'YieldType', 'YIELD_FAITH');

--==== 5.2 FOURTH, ONE_TILE, PRODUCTION

INSERT INTO TraitModifiers (TraitType, ModifierId) VALUES 
('TRAIT_LEADER_MAJOR_CIV', 'MODFEAT_PHANTA_MALWIYA_MINARET_ONE_TILE_PRODUCTION');

INSERT INTO Modifiers (ModifierId, ModifierType, RunOnce, Permanent, NewOnly, OwnerRequirementSetId, SubjectRequirementSetId) VALUES 
('MODFEAT_PHANTA_MALWIYA_MINARET_ONE_TILE_PRODUCTION', 'MODIFIER_PLAYER_CITIES_ADJUST_CITY_YIELD_MODIFIER', 0, 0, 0, 'REQSET_PHANTA_MALWIYA_MINARET_FOURTH', 'REQSET_PHANTA_MALWIYA_MINARET_ONE_TILE');

INSERT INTO ModifierArguments (ModifierId, Name, Value) VALUES 
('MODFEAT_PHANTA_MALWIYA_MINARET_ONE_TILE_PRODUCTION', 'Amount', '10'), 
('MODFEAT_PHANTA_MALWIYA_MINARET_ONE_TILE_PRODUCTION', 'YieldType', 'YIELD_PRODUCTION');

--==== 5.3 FOURTH, Apostle (bundled at last)

--==== 6 Apostle at Project Completion

INSERT INTO ProjectCompletionModifiers (ProjectType, ModifierId) VALUES 
('PROJECT_PHANTA_MALWIYA_MINARET_FIRST', 'MODFEAT_PHANTA_MALWIYA_MINARET_PROJECT_APOSTLE'),
('PROJECT_PHANTA_MALWIYA_MINARET_SECOND', 'MODFEAT_PHANTA_MALWIYA_MINARET_PROJECT_APOSTLE'),
('PROJECT_PHANTA_MALWIYA_MINARET_THIRD', 'MODFEAT_PHANTA_MALWIYA_MINARET_PROJECT_APOSTLE'),
('PROJECT_PHANTA_MALWIYA_MINARET_FOURTH', 'MODFEAT_PHANTA_MALWIYA_MINARET_PROJECT_APOSTLE'),
('PROJECT_PHANTA_MALWIYA_MINARET_REPEAT', 'MODFEAT_PHANTA_MALWIYA_MINARET_PROJECT_APOSTLE');

INSERT INTO Modifiers (ModifierId, ModifierType, RunOnce, Permanent, NewOnly, OwnerRequirementSetId, SubjectRequirementSetId) VALUES 
('MODFEAT_PHANTA_MALWIYA_MINARET_PROJECT_APOSTLE', 'MODTYPE_PHANTA_MALWIYA_MINARET_PLAYER_CITIES_GRANT_UNIT_IN_CITY', 1, 1, 0, NULL, 'REQSET_PHANTA_MALWIYA_MINARET_CITY');

INSERT INTO ModifierArguments (ModifierId, Name, Value) VALUES 
('MODFEAT_PHANTA_MALWIYA_MINARET_PROJECT_APOSTLE', 'AllowUniqueOverride', 'true'), 
('MODFEAT_PHANTA_MALWIYA_MINARET_PROJECT_APOSTLE', 'Amount', '1'), 
('MODFEAT_PHANTA_MALWIYA_MINARET_PROJECT_APOSTLE', 'UnitType', 'UNIT_APOSTLE');

-- Custom ModifierType

INSERT INTO Types (Type, Kind) VALUES 
('MODTYPE_PHANTA_MALWIYA_MINARET_PLAYER_CITIES_GRANT_UNIT_IN_CITY', 'KIND_MODIFIER');

INSERT INTO DynamicModifiers (ModifierType, CollectionType, EffectType) VALUES 
('MODTYPE_PHANTA_MALWIYA_MINARET_PLAYER_CITIES_GRANT_UNIT_IN_CITY', 'COLLECTION_PLAYER_CITIES', 'EFFECT_GRANT_UNIT_IN_CITY');

-- RequirementSets

INSERT INTO RequirementSets (RequirementSetId, RequirementSetType) VALUES 
('REQSET_PHANTA_MALWIYA_MINARET_CITY', 'REQUIREMENTSET_TEST_ALL');

INSERT INTO RequirementSetRequirements (RequirementSetId, RequirementId) VALUES 
('REQSET_PHANTA_MALWIYA_MINARET_CITY', 'REQSET_PHANTA_MALWIYA_MINARET_CITY');

-- Requirements

INSERT INTO Requirements (RequirementId, RequirementType) VALUES 
('REQSET_PHANTA_MALWIYA_MINARET_CITY', 'REQUIREMENT_CITY_HAS_BUILDING');

INSERT INTO RequirementArguments (RequirementId, Name, Value) VALUES 
('REQSET_PHANTA_MALWIYA_MINARET_CITY', 'BuildingType', 'BUILDING_PHANTA_MALWIYA_MINARET');