--========================================================================================================
-- REYNA REWORK
--========================================================================================================
-- For Reyna, we are reworking the first two Promotions
--
-- Forestry Management becomes:
-- FORESTRY MANAGEMENT
-- May use Builders to harvest Luxury and Strategic Resources for Gold within 6 tiles of the city center.
-- This city receives +2 [ICON_GOLD] Gold for each unimproved feature.
--
-- Harbormaster becomes:
-- CUSTOMS DUTY
-- +4 Gold, +1 Loyalty from every Trading Post of any civilization in this city.
-- Trade Route units within 6 tiles may not be plundered. 
--
--========================================================================================================
-- LIQUIDATION
--========================================================================================================
-- First we set up harvesting of Strategics and Luxuries

INSERT OR REPLACE INTO Resource_Harvests
		(ResourceType,		YieldType,			Amount)
SELECT	ResourceType,		'YIELD_GOLD',		75
FROM Resources WHERE ResourceClassType = 'RESOURCECLASS_LUXURY';

INSERT OR REPLACE INTO Resource_Harvests
		(ResourceType,		YieldType,			Amount)
SELECT	ResourceType,		'YIELD_GOLD',		100
FROM Resources WHERE ResourceClassType = 'RESOURCECLASS_STRATEGIC';



INSERT INTO Tags
		(Tag,						Vocabulary)
VALUES	('CLASS_LEU_HARVESTER',		'ABILITY_CLASS');

INSERT INTO TypeTags
		(Type,				Tag)
SELECT	UnitType,			'CLASS_LEU_HARVESTER'
FROM Units WHERE BuildCharges > 0;

INSERT INTO TypeTags
		(Type,											Tag)
VALUES	('ABILITY_LEU_REYNA_CANT_HARVEST_LUXURIES',			'CLASS_LEU_HARVESTER'),
		('ABILITY_LEU_REYNA_CANT_HARVEST_STRATEGICS',			'CLASS_LEU_HARVESTER'),
		('ABILITY_LEU_REYNA_ALLOWS_HARVEST_LUXURIES',			'CLASS_BUILDER'),
		('ABILITY_LEU_REYNA_ALLOWS_HARVEST_STRATEGICS',		'CLASS_BUILDER');

INSERT INTO Types
		(Type,															Kind)
VALUES	('MODIFIER_LEU_REYNA_CHANGE_ALL_UNITS_OPERATION_AVAILABILITY',		'KIND_MODIFIER'),
		('ABILITY_LEU_REYNA_CANT_HARVEST_LUXURIES',							'KIND_ABILITY'),
		('ABILITY_LEU_REYNA_CANT_HARVEST_STRATEGICS',							'KIND_ABILITY'),
		('ABILITY_LEU_REYNA_ALLOWS_HARVEST_LUXURIES',							'KIND_ABILITY'),
		('ABILITY_LEU_REYNA_ALLOWS_HARVEST_STRATEGICS',						'KIND_ABILITY');


INSERT INTO UnitAbilities
		(UnitAbilityType,									Name,			Description,								Inactive)
VALUES	('ABILITY_LEU_REYNA_CANT_HARVEST_LUXURIES',			null,			null,										0),
		('ABILITY_LEU_REYNA_CANT_HARVEST_STRATEGICS',		null,			null,										0),
		('ABILITY_LEU_REYNA_ALLOWS_HARVEST_LUXURIES',		'LOC_GOVERNOR_PROMOTION_MERCHANT_FORESTRY_MANAGEMENT_NAME',			'LOC_LEU_HARVEST_LUXURIES',					1),
		('ABILITY_LEU_REYNA_ALLOWS_HARVEST_STRATEGICS',		'LOC_GOVERNOR_PROMOTION_MERCHANT_FORESTRY_MANAGEMENT_NAME',			'LOC_LEU_HARVEST_STRATEGICS',				1);

INSERT INTO UnitAbilityModifiers
		(UnitAbilityType,										ModifierId)
VALUES	('ABILITY_LEU_REYNA_CANT_HARVEST_LUXURIES',				'LEU_CANT_HARVEST_LUXURIES'),
		('ABILITY_LEU_REYNA_CANT_HARVEST_STRATEGICS',			'LEU_CANT_HARVEST_STRATEGICS');


INSERT INTO DynamicModifiers
		(ModifierType,													CollectionType,					EffectType)
VALUES	('MODIFIER_LEU_REYNA_CHANGE_ALL_UNITS_OPERATION_AVAILABILITY',	'COLLECTION_ALL_UNITS',		'EFFECT_CHANGE_UNIT_OPERATION_AVAILABILITY');
		-- Args: Available (Bool), OperationType
		
INSERT INTO Modifiers
		(ModifierId,						ModifierType,													SubjectRequirementSetId)
VALUES	('LEU_CANT_HARVEST_LUXURIES',		'MODIFIER_LEU_REYNA_CHANGE_ALL_UNITS_OPERATION_AVAILABILITY',		'LEU_REYNA_PLOT_CHECK_IS_LUXURY'),
		('LEU_CANT_HARVEST_STRATEGICS',		'MODIFIER_LEU_REYNA_CHANGE_ALL_UNITS_OPERATION_AVAILABILITY',		'LEU_REYNA_PLOT_CHECK_IS_STRATEGIC');

INSERT INTO ModifierArguments
		(ModifierId,						Name,				Value)
VALUES	('LEU_CANT_HARVEST_LUXURIES',		'OperationType',	'UNITOPERATION_HARVEST_RESOURCE'),
		('LEU_CANT_HARVEST_LUXURIES',		'Available',		0),
		--
		('LEU_CANT_HARVEST_STRATEGICS',		'OperationType',	'UNITOPERATION_HARVEST_RESOURCE'),
		('LEU_CANT_HARVEST_STRATEGICS',		'Available',		0);


INSERT INTO RequirementSets
		(RequirementSetId,					RequirementSetType)
VALUES	('LEU_REYNA_PLOT_CHECK_IS_LUXURY',		'REQUIREMENTSET_TEST_ALL'),
		('LEU_REYNA_PLOT_CHECK_IS_STRATEGIC',		'REQUIREMENTSET_TEST_ALL');
		
INSERT INTO RequirementSetRequirements
		(RequirementSetId,							RequirementId)
VALUES	('LEU_REYNA_PLOT_CHECK_IS_LUXURY',			'REQUIRES_PLOT_HAS_LUXURY'),
		('LEU_REYNA_PLOT_CHECK_IS_LUXURY',			'REQUIRES_LEU_REYNA_CANT_HARVEST_LUXURIES'),
		('LEU_REYNA_PLOT_CHECK_IS_STRATEGIC',		'REQUIRES_PLOT_HAS_STRATEGIC'),
		('LEU_REYNA_PLOT_CHECK_IS_STRATEGIC',		'REQUIRES_LEU_REYNA_CANT_HARVEST_STRATEGICS');

INSERT INTO Requirements
		(RequirementId,											RequirementType,											Inverse)
VALUES	('REQUIRES_LEU_REYNA_PLOT_ON_LUXURY',					'REQUIREMENT_PLOT_ADJACENT_RESOURCE_CLASS_TYPE_MATCHES',	0),
		('REQUIRES_LEU_REYNA_PLOT_ON_STRATEGIC',				'REQUIREMENT_PLOT_ADJACENT_RESOURCE_CLASS_TYPE_MATCHES',	0),
		('REQUIRES_LEU_REYNA_IS_SAME_PLOT',						'REQUIREMENT_PLOT_ADJACENT_TO_OWNER',						0),
		('REQUIRES_LEU_REYNA_CANT_HARVEST_LUXURIES',			'REQUIREMENT_UNIT_HAS_ABILITY',								1),
		('REQUIRES_LEU_REYNA_CANT_HARVEST_STRATEGICS',			'REQUIREMENT_UNIT_HAS_ABILITY',								1);
		
INSERT INTO RequirementArguments
		(RequirementId,								Name,					Value)
VALUES	('REQUIRES_LEU_REYNA_PLOT_ON_LUXURY',		'ResourceClassType',	'RESOURCECLASS_LUXURY'),
		('REQUIRES_LEU_REYNA_PLOT_ON_LUXURY',		'MaxDistance',				0),
		--
		('REQUIRES_LEU_REYNA_IS_SAME_PLOT',			'MinDistance',				0),
		('REQUIRES_LEU_REYNA_IS_SAME_PLOT',			'MaxDistance',				0),
		--
		('REQUIRES_LEU_REYNA_CANT_HARVEST_LUXURIES',			'UnitAbilityType',			'ABILITY_LEU_REYNA_ALLOWS_HARVEST_LUXURIES'),
		('REQUIRES_LEU_REYNA_CANT_HARVEST_STRATEGICS',			'UnitAbilityType',			'ABILITY_LEU_REYNA_ALLOWS_HARVEST_STRATEGICS'),
		--
		('REQUIRES_LEU_REYNA_PLOT_ON_STRATEGIC',		'ResourceClassType',	'RESOURCECLASS_STRATEGIC'),
		('REQUIRES_LEU_REYNA_PLOT_ON_STRATEGIC',		'MaxDistance',				0);
		--

		
----------------------------------------------------------------		
-- Now we do the Governor stuff proper
----------------------------------------------------------------
DELETE FROM GovernorPromotionModifiers
WHERE ModifierId = 'FORESTRY_MANAGEMENT_FEATURE_NO_IMPROVEMENT_APPEAL'	AND GovernorPromotionType = 'GOVERNOR_PROMOTION_MERCHANT_FORESTRY_MANAGEMENT';

INSERT INTO GovernorPromotionModifiers
		(GovernorPromotionType,									ModifierId)
VALUES	('GOVERNOR_PROMOTION_MERCHANT_FORESTRY_MANAGEMENT',		'LEU_ATTACH_HARVEST_LUXURIES_ABILITY'),
		('GOVERNOR_PROMOTION_MERCHANT_FORESTRY_MANAGEMENT',		'LEU_ATTACH_HARVEST_STRATEGICS_ABILITY');
		

INSERT INTO Modifiers
		(ModifierId,									ModifierType,								SubjectRequirementSetId)
VALUES	('LEU_ATTACH_HARVEST_LUXURIES_ABILITY',			'MODIFIER_PLAYER_UNITS_GRANT_ABILITY',		'LEU_REYNA_BUILDER_WITHIN_6'),
		('LEU_ATTACH_HARVEST_STRATEGICS_ABILITY',		'MODIFIER_PLAYER_UNITS_GRANT_ABILITY',		'LEU_REYNA_BUILDER_WITHIN_6');

INSERT INTO ModifierArguments
		(ModifierId,									Name,				Value)
VALUES	('LEU_ATTACH_HARVEST_LUXURIES_ABILITY',			'AbilityType',		'ABILITY_LEU_REYNA_ALLOWS_HARVEST_LUXURIES'),
		('LEU_ATTACH_HARVEST_STRATEGICS_ABILITY',		'AbilityType',		'ABILITY_LEU_REYNA_ALLOWS_HARVEST_STRATEGICS');

INSERT INTO	RequirementSets
		(RequirementSetId,						RequirementSetType)
VALUES	('LEU_REYNA_BUILDER_WITHIN_6',			'REQUIREMENTSET_TEST_ALL');

INSERT INTO RequirementSetRequirements
		(RequirementSetId,						RequirementId)
VALUES	('LEU_REYNA_BUILDER_WITHIN_6',			'REQUIRES_LEU_REYNA_IS_BUILDER'),
		('LEU_REYNA_BUILDER_WITHIN_6',			'REQUIRES_LEU_REYNA_WITHIN_6_TILES');
		
INSERT OR REPLACE INTO Requirements
		(RequirementId,								RequirementType)
VALUES	('REQUIRES_LEU_REYNA_IS_BUILDER',			'REQUIREMENT_UNIT_TYPE_MATCHES'),
		('REQUIRES_LEU_REYNA_WITHIN_6_TILES',		'REQUIREMENT_PLOT_ADJACENT_TO_OWNER');


INSERT OR REPLACE INTO RequirementArguments
		(RequirementId,								Name,				Value)
VALUES	('REQUIRES_LEU_REYNA_IS_BUILDER',			'UnitType',			'UNIT_BUILDER'),
		('REQUIRES_LEU_REYNA_WITHIN_6_TILES',		'MinDistance',		0),
		('REQUIRES_LEU_REYNA_WITHIN_6_TILES',		'MaxDistance',		6);
		

--========================================================================================================
-- CUSTOMS DUTY
--========================================================================================================
-- +4 Gold, +1 Loyalty from every Trading Post of any civilization in this city.
-- Trade Route units within 6 tiles may not be plundered. 
--========================================================================================================
DELETE FROM GovernorPromotionModifiers
WHERE ModifierId = 'HARBORMASTER_BONUS_COMMERCIAL_HUB_ADJACENCY'	AND GovernorPromotionType = 'GOVERNOR_PROMOTION_MERCHANT_HARBORMASTER';

DELETE FROM GovernorPromotionModifiers
WHERE ModifierId = 'HARBORMASTER_BONUS_HARBOR_ADJACENCY'			AND GovernorPromotionType = 'GOVERNOR_PROMOTION_MERCHANT_HARBORMASTER';

INSERT INTO GovernorPromotionModifiers
		(GovernorPromotionType,										ModifierId)
VALUES	('GOVERNOR_PROMOTION_MERCHANT_HARBORMASTER',				'LEU_REYNA_TRADERS_WITHIN_6_PLUNDER_IMMUNITY_SEA'),
		('GOVERNOR_PROMOTION_MERCHANT_HARBORMASTER',				'LEU_REYNA_TRADERS_WITHIN_6_PLUNDER_IMMUNITY_LAND'),
		--
		('GOVERNOR_PROMOTION_MERCHANT_HARBORMASTER',				'LEU_REYNA_TRADEPOST_GOLD_1_ATTACH'),
		('GOVERNOR_PROMOTION_MERCHANT_HARBORMASTER',				'LEU_REYNA_TRADEPOST_GOLD_2_ATTACH'),
		('GOVERNOR_PROMOTION_MERCHANT_HARBORMASTER',				'LEU_REYNA_TRADEPOST_GOLD_4_ATTACH'),
		('GOVERNOR_PROMOTION_MERCHANT_HARBORMASTER',				'LEU_REYNA_TRADEPOST_GOLD_8_ATTACH'),
		('GOVERNOR_PROMOTION_MERCHANT_HARBORMASTER',				'LEU_REYNA_TRADEPOST_GOLD_16_ATTACH'),
		--
		('GOVERNOR_PROMOTION_MERCHANT_HARBORMASTER',				'LEU_REYNA_TRADEPOST_LOYALTY_1_ATTACH'),
		('GOVERNOR_PROMOTION_MERCHANT_HARBORMASTER',				'LEU_REYNA_TRADEPOST_LOYALTY_2_ATTACH'),
		('GOVERNOR_PROMOTION_MERCHANT_HARBORMASTER',				'LEU_REYNA_TRADEPOST_LOYALTY_4_ATTACH'),
		('GOVERNOR_PROMOTION_MERCHANT_HARBORMASTER',				'LEU_REYNA_TRADEPOST_LOYALTY_8_ATTACH'),
		('GOVERNOR_PROMOTION_MERCHANT_HARBORMASTER',				'LEU_REYNA_TRADEPOST_LOYALTY_16_ATTACH');

INSERT INTO Types
		(Type,												Kind)
VALUES	('MODIFIER_LEU_REYNA_ATTACH_PLUNDER_IMMUNITY',		'KIND_MODIFIER');		

INSERT INTO DynamicModifiers
		(ModifierType,										CollectionType,					EffectType)
VALUES	('MODIFIER_LEU_REYNA_ATTACH_PLUNDER_IMMUNITY',		'COLLECTION_PLAYER_UNITS',		'EFFECT_ADJUST_UNIT_TRADE_ROUTE_PLUNDER_IMMUNITY');
		-- DomainType (DOMAIN_SEA or DOMAIN_LAND)

INSERT INTO Modifiers
		(ModifierId,												ModifierType,											SubjectRequirementSetId)
VALUES	('LEU_REYNA_TRADERS_WITHIN_6_PLUNDER_IMMUNITY_SEA',			'MODIFIER_LEU_REYNA_ATTACH_PLUNDER_IMMUNITY',			'LEU_REYNA_TRADER_WITHIN_6'),
		('LEU_REYNA_TRADERS_WITHIN_6_PLUNDER_IMMUNITY_LAND',		'MODIFIER_LEU_REYNA_ATTACH_PLUNDER_IMMUNITY',			'LEU_REYNA_TRADER_WITHIN_6'),
		-- DomainType (DOMAIN_SEA or DOMAIN_LAND)
		('LEU_REYNA_TRADEPOST_GOLD_1_ATTACH',						'MODIFIER_SINGLE_CITY_ADJUST_YIELD_CHANGE',				'LEU_REYNA_HAS_TRADEPOST_1'),
		('LEU_REYNA_TRADEPOST_GOLD_2_ATTACH',						'MODIFIER_SINGLE_CITY_ADJUST_YIELD_CHANGE',				'LEU_REYNA_HAS_TRADEPOST_2'),
		('LEU_REYNA_TRADEPOST_GOLD_4_ATTACH',						'MODIFIER_SINGLE_CITY_ADJUST_YIELD_CHANGE',				'LEU_REYNA_HAS_TRADEPOST_4'),
		('LEU_REYNA_TRADEPOST_GOLD_8_ATTACH',						'MODIFIER_SINGLE_CITY_ADJUST_YIELD_CHANGE',				'LEU_REYNA_HAS_TRADEPOST_8'),
		('LEU_REYNA_TRADEPOST_GOLD_16_ATTACH',						'MODIFIER_SINGLE_CITY_ADJUST_YIELD_CHANGE',				'LEU_REYNA_HAS_TRADEPOST_16'),
		-- YieldType, Amount
		('LEU_REYNA_TRADEPOST_LOYALTY_1_ATTACH',					'MODIFIER_SINGLE_CITY_ADJUST_IDENTITY_PER_TURN',		'LEU_REYNA_HAS_TRADEPOST_1'),
		('LEU_REYNA_TRADEPOST_LOYALTY_2_ATTACH',					'MODIFIER_SINGLE_CITY_ADJUST_IDENTITY_PER_TURN',		'LEU_REYNA_HAS_TRADEPOST_2'),
		('LEU_REYNA_TRADEPOST_LOYALTY_4_ATTACH',					'MODIFIER_SINGLE_CITY_ADJUST_IDENTITY_PER_TURN',		'LEU_REYNA_HAS_TRADEPOST_4'),
		('LEU_REYNA_TRADEPOST_LOYALTY_8_ATTACH',					'MODIFIER_SINGLE_CITY_ADJUST_IDENTITY_PER_TURN',		'LEU_REYNA_HAS_TRADEPOST_8'),
		('LEU_REYNA_TRADEPOST_LOYALTY_16_ATTACH',					'MODIFIER_SINGLE_CITY_ADJUST_IDENTITY_PER_TURN',		'LEU_REYNA_HAS_TRADEPOST_16');
		-- Amount

INSERT INTO ModifierArguments
		(ModifierId,												Name,				Value)
VALUES	('LEU_REYNA_TRADERS_WITHIN_6_PLUNDER_IMMUNITY_SEA',			'DomainType',		'DOMAIN_SEA'),
		('LEU_REYNA_TRADERS_WITHIN_6_PLUNDER_IMMUNITY_LAND',		'DomainType',		'DOMAIN_LAND'),
		--
		('LEU_REYNA_TRADEPOST_GOLD_1_ATTACH',						'YieldType',		'YIELD_GOLD'),
		('LEU_REYNA_TRADEPOST_GOLD_1_ATTACH',						'Amount',			4),
		('LEU_REYNA_TRADEPOST_GOLD_2_ATTACH',						'YieldType',		'YIELD_GOLD'),
		('LEU_REYNA_TRADEPOST_GOLD_2_ATTACH',						'Amount',			8),
		('LEU_REYNA_TRADEPOST_GOLD_4_ATTACH',						'YieldType',		'YIELD_GOLD'),
		('LEU_REYNA_TRADEPOST_GOLD_4_ATTACH',						'Amount',			16),
		('LEU_REYNA_TRADEPOST_GOLD_8_ATTACH',						'YieldType',		'YIELD_GOLD'),
		('LEU_REYNA_TRADEPOST_GOLD_8_ATTACH',						'Amount',			32),
		('LEU_REYNA_TRADEPOST_GOLD_16_ATTACH',						'YieldType',		'YIELD_GOLD'),
		('LEU_REYNA_TRADEPOST_GOLD_16_ATTACH',						'Amount',			64),
		--
		('LEU_REYNA_TRADEPOST_LOYALTY_1_ATTACH',					'Amount',			1),
		('LEU_REYNA_TRADEPOST_LOYALTY_2_ATTACH',					'Amount',			2),
		('LEU_REYNA_TRADEPOST_LOYALTY_4_ATTACH',					'Amount',			4),
		('LEU_REYNA_TRADEPOST_LOYALTY_8_ATTACH',					'Amount',			8),
		('LEU_REYNA_TRADEPOST_LOYALTY_16_ATTACH',					'Amount',			16);
		


INSERT INTO RequirementSets
		(RequirementSetId,						RequirementSetType)
VALUES	('LEU_REYNA_TRADER_WITHIN_6',			'REQUIREMENTSET_TEST_ALL'),
		('LEU_REYNA_HAS_TRADEPOST_1',			'REQUIREMENTSET_TEST_ALL'),
		('LEU_REYNA_HAS_TRADEPOST_2',			'REQUIREMENTSET_TEST_ALL'),
		('LEU_REYNA_HAS_TRADEPOST_4',			'REQUIREMENTSET_TEST_ALL'),
		('LEU_REYNA_HAS_TRADEPOST_8',			'REQUIREMENTSET_TEST_ALL'),
		('LEU_REYNA_HAS_TRADEPOST_16',			'REQUIREMENTSET_TEST_ALL');

INSERT INTO RequirementSetRequirements	
		(RequirementSetId,							RequirementId)
VALUES	('LEU_REYNA_TRADER_WITHIN_6',				'REQUIRES_LEU_REYNA_WITHIN_6_TILES'),
		('LEU_REYNA_TRADER_WITHIN_6',				'REQUIRES_UNIT_IS_TRADER'),
		--
		('LEU_REYNA_HAS_TRADEPOST_1',				'REQUIRES_LEU_REYNA_TRADEPOST_PROPERTY_1'),
		('LEU_REYNA_HAS_TRADEPOST_2',				'REQUIRES_LEU_REYNA_TRADEPOST_PROPERTY_2'),
		('LEU_REYNA_HAS_TRADEPOST_4',				'REQUIRES_LEU_REYNA_TRADEPOST_PROPERTY_4'),
		('LEU_REYNA_HAS_TRADEPOST_8',				'REQUIRES_LEU_REYNA_TRADEPOST_PROPERTY_8'),
		('LEU_REYNA_HAS_TRADEPOST_16',				'REQUIRES_LEU_REYNA_TRADEPOST_PROPERTY_16');

-- Each of these is gonna check the property at the plot. (I'm assuming the plot will be the city since that's the Owner but we shall see)
INSERT INTO Requirements
		(RequirementId,								RequirementType)
VALUES	('REQUIRES_LEU_REYNA_TRADEPOST_PROPERTY_1',			'REQUIREMENT_PLOT_PROPERTY_MATCHES'),
		('REQUIRES_LEU_REYNA_TRADEPOST_PROPERTY_2',			'REQUIREMENT_PLOT_PROPERTY_MATCHES'),
		('REQUIRES_LEU_REYNA_TRADEPOST_PROPERTY_4',			'REQUIREMENT_PLOT_PROPERTY_MATCHES'),
		('REQUIRES_LEU_REYNA_TRADEPOST_PROPERTY_8',			'REQUIREMENT_PLOT_PROPERTY_MATCHES'),
		('REQUIRES_LEU_REYNA_TRADEPOST_PROPERTY_16',		'REQUIREMENT_PLOT_PROPERTY_MATCHES');


-- Unlike Modifier Arguments, the property checks for 1, no need to multiply here, but the properties do need to follow the same numbers
INSERT INTO RequirementArguments
		(RequirementId,										Name,						Value)
VALUES	('REQUIRES_LEU_REYNA_TRADEPOST_PROPERTY_1',			'PropertyName',				'LEU_NUM_TRADING_POSTS_1'),
		('REQUIRES_LEU_REYNA_TRADEPOST_PROPERTY_1',			'PropertyMinimum',			1),
		('REQUIRES_LEU_REYNA_TRADEPOST_PROPERTY_2',			'PropertyName',				'LEU_NUM_TRADING_POSTS_2'),
		('REQUIRES_LEU_REYNA_TRADEPOST_PROPERTY_2',			'PropertyMinimum',			1),
		('REQUIRES_LEU_REYNA_TRADEPOST_PROPERTY_4',			'PropertyName',				'LEU_NUM_TRADING_POSTS_4'),
		('REQUIRES_LEU_REYNA_TRADEPOST_PROPERTY_4',			'PropertyMinimum',			1),
		('REQUIRES_LEU_REYNA_TRADEPOST_PROPERTY_8',			'PropertyName',				'LEU_NUM_TRADING_POSTS_8'),
		('REQUIRES_LEU_REYNA_TRADEPOST_PROPERTY_8',			'PropertyMinimum',			1),
		('REQUIRES_LEU_REYNA_TRADEPOST_PROPERTY_16',		'PropertyName',				'LEU_NUM_TRADING_POSTS_16'),
		('REQUIRES_LEU_REYNA_TRADEPOST_PROPERTY_16',		'PropertyMinimum',			1);
	