/*
	Main Civilization Configuration
	Author: iPlayGamesITA
	Original template by: MC
	Thanks to everyone in the Civ VI Modding Helpline Discord Server!
*/
-----------------------------------------------
-- Types
-----------------------------------------------
INSERT INTO	Types
			(Type,									Kind					)
VALUES		('CIVILIZATION_IPG_OFIR_MINOR',			'KIND_CIVILIZATION'		),
			('CIVILIZATION_IPG_ZERRIKANIA_MINOR',	'KIND_CIVILIZATION'		),
			('CIVILIZATION_IPG_HAAKLAND_MINOR',		'KIND_CIVILIZATION'		),
			('CIVILIZATION_IPG_ZANGVEBAR_MINOR',	'KIND_CIVILIZATION'		),
			('CIVILIZATION_IPG_LANDS_ORDER_MINOR',	'KIND_CIVILIZATION'		),
			('CIVILIZATION_IPG_SASKIA_FREE_MINOR',	'KIND_CIVILIZATION'		);

INSERT INTO TypeProperties
			(Type,									Name,						Value)
VALUES		('CIVILIZATION_IPG_OFIR_MINOR',			'CityStateCategory',		'SCIENTIFIC'),
			('CIVILIZATION_IPG_ZERRIKANIA_MINOR',	'CityStateCategory',		'RELIGIOUS'),
			('CIVILIZATION_IPG_HAAKLAND_MINOR',		'CityStateCategory',		'MILITARISTIC'),
			('CIVILIZATION_IPG_ZANGVEBAR_MINOR',	'CityStateCategory',		'TRADE'),
			('CIVILIZATION_IPG_LANDS_ORDER_MINOR',	'CityStateCategory',		'RELIGIOUS'),
			('CIVILIZATION_IPG_SASKIA_FREE_MINOR',	'CityStateCategory',		'CULTURAL');
-----------------------------------------------
-- Civilizations
-----------------------------------------------
INSERT INTO	Civilizations
			(
			CivilizationType,
			Name,
			Description,
			Adjective,
			StartingCivilizationLevelType,
			RandomCityNameDepth,
			Ethnicity
			)

VALUES		(
			'CIVILIZATION_IPG_OFIR_MINOR',
			'LOC_CIVILIZATION_IPG_OFIR_MINOR_NAME',
			'LOC_CIVILIZATION_IPG_OFIR_MINOR_DESCRIPTION',
			'LOC_CIVILIZATION_IPG_OFIR_MINOR_ADJECTIVE',
			'CIVILIZATION_LEVEL_CITY_STATE',
			1,
			'ETHNICITY_MEDIT'
			),
			-----------------------------------------------
			(
			'CIVILIZATION_IPG_ZERRIKANIA_MINOR',
			'LOC_CIVILIZATION_IPG_ZERRIKANIA_MINOR_NAME',
			'LOC_CIVILIZATION_IPG_ZERRIKANIA_MINOR_DESCRIPTION',
			'LOC_CIVILIZATION_IPG_ZERRIKANIA_MINOR_ADJECTIVE',
			'CIVILIZATION_LEVEL_CITY_STATE',
			1,
			'ETHNICITY_AFRICAN'
			),
			-----------------------------------------------
			(
			'CIVILIZATION_IPG_HAAKLAND_MINOR',
			'LOC_CIVILIZATION_IPG_HAAKLAND_MINOR_NAME',
			'LOC_CIVILIZATION_IPG_HAAKLAND_MINOR_DESCRIPTION',
			'LOC_CIVILIZATION_IPG_HAAKLAND_MINOR_ADJECTIVE',
			'CIVILIZATION_LEVEL_CITY_STATE',
			1,
			'ETHNICITY_ASIAN'
			),
			-----------------------------------------------
			(
			'CIVILIZATION_IPG_ZANGVEBAR_MINOR',
			'LOC_CIVILIZATION_IPG_ZANGVEBAR_MINOR_NAME',
			'LOC_CIVILIZATION_IPG_ZANGVEBAR_MINOR_DESCRIPTION',
			'LOC_CIVILIZATION_IPG_ZANGVEBAR_MINOR_ADJECTIVE',
			'CIVILIZATION_LEVEL_CITY_STATE',
			1,
			'ETHNICITY_AFRICAN'
			),
			-----------------------------------------------
			(
			'CIVILIZATION_IPG_LANDS_ORDER_MINOR',
			'LOC_CIVILIZATION_IPG_LANDS_ORDER_MINOR_NAME',
			'LOC_CIVILIZATION_IPG_LANDS_ORDER_MINOR_DESCRIPTION',
			'LOC_CIVILIZATION_IPG_LANDS_ORDER_MINOR_ADJECTIVE',
			'CIVILIZATION_LEVEL_CITY_STATE',
			1,
			'ETHNICITY_EURO'
			),
			-----------------------------------------------
			(
			'CIVILIZATION_IPG_SASKIA_FREE_MINOR',
			'LOC_CIVILIZATION_IPG_SASKIA_FREE_MINOR_NAME',
			'LOC_CIVILIZATION_IPG_SASKIA_FREE_MINOR_DESCRIPTION',
			'LOC_CIVILIZATION_IPG_SASKIA_FREE_MINOR_ADJECTIVE',
			'CIVILIZATION_LEVEL_CITY_STATE',
			1,
			'ETHNICITY_EURO'
			);
-----------------------------------------------
-- Start Bias
-----------------------------------------------
INSERT INTO	StartBiasTerrains
		(CivilizationType,						TerrainType,				Tier	)
VALUES	('CIVILIZATION_IPG_OFIR_MINOR',		'TERRAIN_PLAINS',			1	),
		('CIVILIZATION_IPG_OFIR_MINOR',		'TERRAIN_GRASS',			2	),
		('CIVILIZATION_IPG_ZERRIKANIA_MINOR',		'TERRAIN_PLAINS',			1	),
		('CIVILIZATION_IPG_ZERRIKANIA_MINOR',		'TERRAIN_GRASS',			2	),
		('CIVILIZATION_IPG_HAAKLAND_MINOR',	'TERRAIN_GRASS_MOUNTAIN',	3	),
		('CIVILIZATION_IPG_HAAKLAND_MINOR',	'TERRAIN_PLAINS_MOUNTAIN',	3	),
		('CIVILIZATION_IPG_HAAKLAND_MINOR',	'TERRAIN_SNOW_MOUNTAIN',	3	),
		('CIVILIZATION_IPG_HAAKLAND_MINOR',	'TERRAIN_TUNDRA_MOUNTAIN',	3	),
		('CIVILIZATION_IPG_HAAKLAND_MINOR',	'TERRAIN_DESERT_MOUNTAIN',	3	),
		('CIVILIZATION_IPG_ZANGVEBAR_MINOR',		'TERRAIN_PLAINS',			1	),
		('CIVILIZATION_IPG_ZANGVEBAR_MINOR',		'TERRAIN_GRASS',			2	);

INSERT INTO	StartBiasRivers
		(CivilizationType,						Tier	)
VALUES	('CIVILIZATION_IPG_HAAKLAND_MINOR',	1		),
		('CIVILIZATION_IPG_LANDS_ORDER_MINOR',		2		);

INSERT INTO StartBiasResources
		(CivilizationType,						ResourceType,				Tier	)
VALUES	('CIVILIZATION_IPG_OFIR_MINOR',		'RESOURCE_HORSES',			1		),
		('CIVILIZATION_IPG_OFIR_MINOR',		'RESOURCE_WINE',			3		),
		('CIVILIZATION_IPG_HAAKLAND_MINOR',	'RESOURCE_WINE',			1		);