--------------------
-- Basics
--------------------

INSERT INTO Types
		(Type,									Kind)
VALUES	('BUILDING_PHANTA_DENGFENG_OBSERVATORY',	'KIND_BUILDING');


INSERT INTO Buildings
		(BuildingType,
		Name,
		Description,
		PrereqTech,
		Cost,
		AdvisorType,
		MaxWorldInstances,
		IsWonder,
		RequiresPlacement,
		AdjacentDistrict,
		ObsoleteEra,
		Quote)
VALUES	('BUILDING_PHANTA_DENGFENG_OBSERVATORY',
		'LOC_BUILDING_PHANTA_DENGFENG_OBSERVATORY_NAME',
		'LOC_BUILDING_PHANTA_DENGFENG_OBSERVATORY_DESCRIPTION',
		'TECH_EDUCATION',
		710,
		'ADVISOR_GENERIC',
		1,
		1,
		1,
		'DISTRICT_CAMPUS',
		'ERA_INDUSTRIAL',
		'LOC_BUILDING_PHANTA_DENGFENG_OBSERVATORY_QUOTE');

INSERT INTO BuildingPrereqs
		(Building,									PrereqBuilding)
VALUES	('BUILDING_PHANTA_DENGFENG_OBSERVATORY',	'BUILDING_UNIVERSITY');

INSERT INTO Building_GreatPersonPoints
		(BuildingType,								GreatPersonClassType,				PointsPerTurn)
VALUES	('BUILDING_PHANTA_DENGFENG_OBSERVATORY',	'GREAT_PERSON_CLASS_SCIENTIST',		2);

INSERT INTO Building_YieldChanges 
		(BuildingType,								YieldType,				YieldChange)
VALUES	('BUILDING_PHANTA_DENGFENG_OBSERVATORY',	'YIELD_SCIENCE',		2);

--------------------
-- Bonuses
--------------------

--==== 1 Eureka

INSERT INTO BuildingModifiers (BuildingType, ModifierId) VALUES 
('BUILDING_PHANTA_DENGFENG_OBSERVATORY', 'MODFEAT_PHANTA_DENGFENG_OBSERVATORY_EUREKA');

INSERT INTO Modifiers (ModifierId, ModifierType, RunOnce, Permanent, NewOnly, OwnerRequirementSetId, SubjectRequirementSetId) VALUES 
('MODFEAT_PHANTA_DENGFENG_OBSERVATORY_EUREKA', 'MODIFIER_PLAYER_GRANT_SPECIFIC_TECH_BOOST', 1, 1, 0, NULL, NULL);

INSERT INTO ModifierArguments (ModifierId, Name, Value) VALUES 
('MODFEAT_PHANTA_DENGFENG_OBSERVATORY_EUREKA', 'TechType', 'TECH_ASTRONOMY'),
('MODFEAT_PHANTA_DENGFENG_OBSERVATORY_EUREKA', 'GrantTechIfBoosted', 'true');

--==== 2 Adjacency bonus

INSERT INTO BuildingModifiers (BuildingType, ModifierId) VALUES 
('BUILDING_PHANTA_DENGFENG_OBSERVATORY', 'MODFEAT_PHANTA_DENGFENG_OBSERVATORY_ADJACENCY_BONUS');

INSERT INTO Modifiers (ModifierId, ModifierType, RunOnce, Permanent, NewOnly, OwnerRequirementSetId, SubjectRequirementSetId) VALUES 
('MODFEAT_PHANTA_DENGFENG_OBSERVATORY_ADJACENCY_BONUS', 'MODIFIER_PLAYER_DISTRICTS_ADJUST_YIELD_MODIFIER', 0, 0, 0, NULL, 'REQSET_PHANTA_DENGFENG_OBSERVATORY_CAMPUS_ADJ_MOUNTAIN_OR_WONDER');

INSERT INTO ModifierArguments (ModifierId, Name, Value) VALUES 
('MODFEAT_PHANTA_DENGFENG_OBSERVATORY_ADJACENCY_BONUS', 'Amount', '50'), 
('MODFEAT_PHANTA_DENGFENG_OBSERVATORY_ADJACENCY_BONUS', 'YieldType', 'YIELD_SCIENCE');

-- RequirementSets

INSERT INTO RequirementSets (RequirementSetId, RequirementSetType) VALUES 
('REQSET_PHANTA_DENGFENG_OBSERVATORY_CAMPUS_ADJ_MOUNTAIN_OR_WONDER', 'REQUIREMENTSET_TEST_ALL'),
('REQSET_PHANTA_DENGFENG_OBSERVATORY_ADJ_MOUNTAIN_OR_WONDER', 'REQUIREMENTSET_TEST_ANY');

INSERT INTO RequirementSetRequirements (RequirementSetId, RequirementId) VALUES 
('REQSET_PHANTA_DENGFENG_OBSERVATORY_CAMPUS_ADJ_MOUNTAIN_OR_WONDER', 'REQUIRES_DISTRICT_IS_CAMPUS'), 
('REQSET_PHANTA_DENGFENG_OBSERVATORY_CAMPUS_ADJ_MOUNTAIN_OR_WONDER', 'REQ_PHANTA_DENGFENG_OBSERVATORY_ADJ_MOUNTAIN_OR_WONDER'),
('REQSET_PHANTA_DENGFENG_OBSERVATORY_ADJ_MOUNTAIN_OR_WONDER', 'REQUIRES_PLOT_ADJACENT_TO_MOUNTAIN'), 
('REQSET_PHANTA_DENGFENG_OBSERVATORY_ADJ_MOUNTAIN_OR_WONDER', 'REQUIRES_PLOT_ADJACENT_TO_WONDER');

-- Requirements

INSERT INTO Requirements (RequirementId, RequirementType) VALUES 
('REQ_PHANTA_DENGFENG_OBSERVATORY_ADJ_MOUNTAIN_OR_WONDER', 'REQUIREMENT_REQUIREMENTSET_IS_MET');

INSERT INTO RequirementArguments (RequirementId, Name, Value) VALUES 
('REQ_PHANTA_DENGFENG_OBSERVATORY_ADJ_MOUNTAIN_OR_WONDER', 'RequirementSetId', 'REQSET_PHANTA_DENGFENG_OBSERVATORY_ADJ_MOUNTAIN_OR_WONDER');

