--------------------
-- Basics
--------------------

INSERT INTO Types
		(Type,										Kind)
VALUES	('BUILDING_PHANTA_YUEYANG_TOWER',	'KIND_BUILDING');

INSERT INTO Buildings
		(BuildingType,
		Name,
		Description,
		PrereqCivic,
		AdjacentDistrict,
		Cost,
		AdvisorType,
		MaxWorldInstances,
		IsWonder,
		RequiresPlacement,
		RequiresRiver,
		ObsoleteEra,
		Quote)
VALUES	('BUILDING_PHANTA_YUEYANG_TOWER',
		'LOC_BUILDING_PHANTA_YUEYANG_TOWER_NAME',
		'LOC_BUILDING_PHANTA_YUEYANG_TOWER_DESCRIPTION',
		'CIVIC_DEFENSIVE_TACTICS',
		'DISTRICT_CITY_CENTER',
		400,
		'ADVISOR_CULTURE',
		1,
		1,
		1,
		1,
		'ERA_RENAISSANCE',
		'LOC_BUILDING_PHANTA_YUEYANG_TOWER_QUOTE');

INSERT INTO Building_GreatPersonPoints
		(BuildingType,						GreatPersonClassType,				PointsPerTurn)
VALUES	('BUILDING_PHANTA_YUEYANG_TOWER',	'GREAT_PERSON_CLASS_WRITER',		2);

INSERT INTO Building_GreatWorks
		(BuildingType,						GreatWorkSlotType,			NumSlots)
VALUES	('BUILDING_PHANTA_YUEYANG_TOWER',	'GREATWORKSLOT_WRITING',	2);

--------------------
-- Bonuses
--------------------

--==== 1: Grants a free Great Writer

INSERT INTO BuildingModifiers (BuildingType, ModifierId) VALUES 
('BUILDING_PHANTA_YUEYANG_TOWER', 'MODFEAT_PHANTA_YUEYANG_TOWER_GRANT_WRITER');

INSERT INTO Modifiers (ModifierId, ModifierType, RunOnce, Permanent, NewOnly, OwnerRequirementSetId, SubjectRequirementSetId) VALUES 
('MODFEAT_PHANTA_YUEYANG_TOWER_GRANT_WRITER', 'MODIFIER_SINGLE_CITY_GRANT_GREAT_PERSON_CLASS_IN_CITY', 1, 1, 0, NULL, NULL);

INSERT INTO ModifierArguments (ModifierId, Name, Value) VALUES 
('MODFEAT_PHANTA_YUEYANG_TOWER_GRANT_WRITER', 'Amount', '1'), 
('MODFEAT_PHANTA_YUEYANG_TOWER_GRANT_WRITER', 'GreatPersonClassType', 'GREAT_PERSON_CLASS_WRITER');

--==== 2: Incomplete wonders provide -1 Amenity

INSERT INTO BuildingModifiers (BuildingType, ModifierId) VALUES 
('BUILDING_PHANTA_YUEYANG_TOWER', 'MODFEAT_PHANTA_YUEYANG_TOWER_DEBUFF_ATTACH');

INSERT INTO Modifiers (ModifierId, ModifierType, RunOnce, Permanent, NewOnly, OwnerRequirementSetId, SubjectRequirementSetId) VALUES 
('MODFEAT_PHANTA_YUEYANG_TOWER_DEBUFF_ATTACH', 'MODTYPE_PHANTA_YUEYANG_TOWER_PLAYER_DISTRICTS_ATTACH_MODIFIER', 0, 0, 0, NULL, 'REQSET_PHANTA_YUEYANG_TOWER_DISRICT_WONDER');

INSERT INTO ModifierArguments (ModifierId, Name, Value) VALUES 
('MODFEAT_PHANTA_YUEYANG_TOWER_DEBUFF_ATTACH', 'ModifierId', 'MODFEAT_PHANTA_YUEYANG_TOWER_DEBUFF');

-- Custom ModifierType

INSERT INTO Types (Type, Kind) VALUES 
('MODTYPE_PHANTA_YUEYANG_TOWER_PLAYER_DISTRICTS_ATTACH_MODIFIER', 'KIND_MODIFIER');

INSERT INTO DynamicModifiers (ModifierType, CollectionType, EffectType) VALUES 
('MODTYPE_PHANTA_YUEYANG_TOWER_PLAYER_DISTRICTS_ATTACH_MODIFIER', 'COLLECTION_PLAYER_DISTRICTS', 'EFFECT_ATTACH_MODIFIER');

-- RequirementSets

INSERT INTO RequirementSets (RequirementSetId, RequirementSetType) VALUES 
('REQSET_PHANTA_YUEYANG_TOWER_DISRICT_WONDER', 'REQUIREMENTSET_TEST_ALL');

INSERT INTO RequirementSetRequirements (RequirementSetId, RequirementId) VALUES 
('REQSET_PHANTA_YUEYANG_TOWER_DISRICT_WONDER', 'REQ_PHANTA_YUEYANG_TOWER_DISRICT_WONDER');

-- Requirements

INSERT INTO Requirements (RequirementId, RequirementType) VALUES 
('REQ_PHANTA_YUEYANG_TOWER_DISRICT_WONDER', 'REQUIREMENT_DISTRICT_TYPE_MATCHES');

INSERT INTO RequirementArguments (RequirementId, Name, Value) VALUES 
('REQ_PHANTA_YUEYANG_TOWER_DISRICT_WONDER', 'DistrictType', 'DISTRICT_WONDER');

----------
----------

INSERT INTO Modifiers (ModifierId, ModifierType, RunOnce, Permanent, NewOnly, OwnerRequirementSetId, SubjectRequirementSetId) VALUES 
('MODFEAT_PHANTA_YUEYANG_TOWER_DEBUFF', 'MODIFIER_CITY_INCREASE_GREAT_PERSON_POINT_BONUS', 0, 0, 0, NULL, NULL);

INSERT INTO ModifierArguments (ModifierId, Name, Value) VALUES 
('MODFEAT_PHANTA_YUEYANG_TOWER_DEBUFF', 'Amount', '-10');

--------------------
-- Great Person
--------------------

INSERT INTO Types
			(Type,											Kind)
VALUES		('GREAT_PERSON_INDIVIDUAL_PHANTA_FAN_ZHONGYAN',	'KIND_GREAT_PERSON_INDIVIDUAL'),
			('GREAT_PERSON_INDIVIDUAL_PHANTA_OUYANG_XIU',	'KIND_GREAT_PERSON_INDIVIDUAL'),
			('GREAT_PERSON_INDIVIDUAL_PHANTA_ZENG_GONG',	'KIND_GREAT_PERSON_INDIVIDUAL'),

			('GREATWORK_PHANTA_FAN_ZHONGYAN_1',				'KIND_GREATWORK'),
			('GREATWORK_PHANTA_FAN_ZHONGYAN_2',				'KIND_GREATWORK'),
			('GREATWORK_PHANTA_OUYANG_XIU_1',				'KIND_GREATWORK'),
			('GREATWORK_PHANTA_OUYANG_XIU_2',				'KIND_GREATWORK'),
			('GREATWORK_PHANTA_ZENG_GONG_1',				'KIND_GREATWORK'),
			('GREATWORK_PHANTA_ZENG_GONG_2',				'KIND_GREATWORK');


INSERT INTO GreatPersonIndividuals
			(GreatPersonIndividualType,							Name,														GreatPersonClassType,			EraType,		Gender,	ActionCharges)
VALUES		('GREAT_PERSON_INDIVIDUAL_PHANTA_FAN_ZHONGYAN',		'LOC_GREAT_PERSON_INDIVIDUAL_PHANTA_FAN_ZHONGYAN_NAME',		'GREAT_PERSON_CLASS_WRITER',	'ERA_MEDIEVAL',	'M',	0),
			('GREAT_PERSON_INDIVIDUAL_PHANTA_OUYANG_XIU',		'LOC_GREAT_PERSON_INDIVIDUAL_PHANTA_OUYANG_XIU_NAME',		'GREAT_PERSON_CLASS_WRITER',	'ERA_MEDIEVAL',	'M',	0),
			('GREAT_PERSON_INDIVIDUAL_PHANTA_ZENG_GONG',		'LOC_GREAT_PERSON_INDIVIDUAL_PHANTA_ZENG_GONG_NAME',		'GREAT_PERSON_CLASS_WRITER',	'ERA_MEDIEVAL',	'M',	0);

INSERT INTO GreatWorks
			(GreatWorkType,						GreatWorkObjectType,			GreatPersonIndividualType,							Name,														Quote,										Tourism,	Audio)
VALUES		('GREATWORK_PHANTA_FAN_ZHONGYAN_1',	'GREATWORKOBJECT_WRITING',		'GREAT_PERSON_INDIVIDUAL_PHANTA_FAN_ZHONGYAN',		'LOC_GREATWORK_PHANTA_FAN_ZHONGYAN_1_NAME',			'LOC_GREATWORK_PHANTA_FAN_ZHONGYAN_1_QUOTE',		2,			''),
			('GREATWORK_PHANTA_FAN_ZHONGYAN_2',	'GREATWORKOBJECT_WRITING',		'GREAT_PERSON_INDIVIDUAL_PHANTA_FAN_ZHONGYAN',		'LOC_GREATWORK_PHANTA_FAN_ZHONGYAN_2_NAME',			'LOC_GREATWORK_PHANTA_FAN_ZHONGYAN_2_QUOTE',		2,			''),
			('GREATWORK_PHANTA_OUYANG_XIU_1',	'GREATWORKOBJECT_WRITING',		'GREAT_PERSON_INDIVIDUAL_PHANTA_OUYANG_XIU',		'LOC_GREATWORK_PHANTA_OUYANG_XIU_1_NAME',			'LOC_GREATWORK_PHANTA_OUYANG_XIU_1_QUOTE',			2,			''),
			('GREATWORK_PHANTA_OUYANG_XIU_2',	'GREATWORKOBJECT_WRITING',		'GREAT_PERSON_INDIVIDUAL_PHANTA_OUYANG_XIU',		'LOC_GREATWORK_PHANTA_OUYANG_XIU_2_NAME',			'LOC_GREATWORK_PHANTA_OUYANG_XIU_2_QUOTE',			2,			''),
			('GREATWORK_PHANTA_ZENG_GONG_1',	'GREATWORKOBJECT_WRITING',		'GREAT_PERSON_INDIVIDUAL_PHANTA_ZENG_GONG',		'LOC_GREATWORK_PHANTA_ZENG_GONG_1_NAME',				'LOC_GREATWORK_PHANTA_ZENG_GONG_1_QUOTE',			2,			''),
			('GREATWORK_PHANTA_ZENG_GONG_2',	'GREATWORKOBJECT_WRITING',		'GREAT_PERSON_INDIVIDUAL_PHANTA_ZENG_GONG',		'LOC_GREATWORK_PHANTA_ZENG_GONG_2_NAME',				'LOC_GREATWORK_PHANTA_ZENG_GONG_2_QUOTE',			2,			'');

INSERT INTO GreatWork_YieldChanges
			(GreatWorkType,						YieldType,			YieldChange)
VALUES		('GREATWORK_PHANTA_FAN_ZHONGYAN_1',	'YIELD_CULTURE',	2),
			('GREATWORK_PHANTA_FAN_ZHONGYAN_2',	'YIELD_CULTURE',	2),
			('GREATWORK_PHANTA_OUYANG_XIU_1',	'YIELD_CULTURE',	2),
			('GREATWORK_PHANTA_OUYANG_XIU_2',	'YIELD_CULTURE',	2),
			('GREATWORK_PHANTA_ZENG_GONG_1',	'YIELD_CULTURE',	2),
			('GREATWORK_PHANTA_ZENG_GONG_2',	'YIELD_CULTURE',	2);